applicant_name,co_applicant_name,applicant_email,applicant_phone,producer_name,effective_date,ownership_type,mailing_address,address,city,state,zip_code,county,occupancy,primary_residence,dwelling_type,number_of_units,year_built,square_footage,stories,construction_type,foundation_type,basement_finished,purchase_date,renovation_in_progress,vacant_days,short_term_rental,business_use,business_details,mortgagee_name,roof_age,roof_material,roof_shape,roof_condition_ai,roof_replacement_year,roof_layers,roof_leaks,roof_document_reference,electrical_type,electrical_panel,electrical_update_year,service_amps,plumbing_type,plumbing_update_year,water_heater_age,water_heater_location,heating_type,heating_update_year,solid_fuel_stove,stove_professional_install,unrepaired_damage,damage_details,solar_panels,smoke_alarms,carbon_monoxide_alarms,burglar_alarm,fire_alarm,sprinkler_system,water_leak_detection,automatic_water_shutoff,distance_fire_station,distance_hydrant,protection_class,pool,pool_fenced,diving_board,trampoline,dog_declared,animal_bite_history,liability_details,wildfire_score,wind_hail_score,flood_zone,distance_to_coast,defensible_space,wind_mitigation,prior_flooding,hazard_notes,policy_form,requested_dwelling_limit,estimated_replacement_cost,other_structures_limit,personal_property_limit,loss_of_use_limit,personal_liability_limit,medical_payments_limit,all_peril_deductible,wind_deductible_pct,replacement_cost_contents,water_backup_requested,ordinance_law_requested,scheduled_property,separate_flood_policy,earthquake_requested,prior_carrier,prior_policy_expiration,coverage_lapse_days,prior_nonrenewal,prior_nonrenewal_reason,prior_claim_count_5y,water_claim_count_5y,claim_total_paid_5y,open_claims,loss_details,property_verification,roof_verification,claims_verification,hazard_verification,replacement_cost_verification,property_document_reference,claims_document_reference,hazard_document_reference,replacement_cost_reference,verification_reviewer,verification_date,reported_square_footage_verified,external_consumer_data_used,ai_governance_docs_ready,applicant_attestation,verification_consent,underwriting_notes,app_id,schema_version,data_source,submission_date,loss_ratio,initial_status
Casey Lane · Demo 1,,homeowner1@example.com,202-555-0100,HomeGuard Demo Agency,2026-09-15,Individual,,100 Example Lane,Sample City,AL,01000,Sample County,Owner-occupied,Yes,Detached single family,1,1963,2400,3,Solid masonry,Basement,No,,No,10,No,No,,,11,Slate,Mixed,Fair,2015.0,1,No,DEMO-ONLY/1/roof_verification,Copper,Circuit breakers,,200,PEX / PVC / CPVC,,4,Garage,Central gas,,No,No,No,,No,Yes,Yes,None,None,No,No,No,3.0,250,,Yes,Yes,No,No,No,No,,18,6,X,,No,No,No,,HO-5,364940,443000,44300,265800,88600,500000,5000,2500,2,No,No,No,No,In force,No,Example Mutual (synthetic),,0,No,,1,0,35460,0,"Synthetic loss-run example: 1 claim(s), 0 open; total paid $35,460. Not a real claims report.",Verified,Verified,Verified,Not checked,Verified,DEMO-ONLY/1/property_verification,DEMO-ONLY/1/claims_verification,,DEMO-ONLY/1/replacement_cost_verification,Synthetic evidence scenario,2026-09-15,,No,Yes,Yes,Yes,,DEMO-2026-00001,2,Demo portfolio,2026-09-02T12:00:00+00:00,0.0800451467268623,B
Morgan Reed · Demo 2,,homeowner2@example.com,202-555-0100,HomeGuard Demo Agency,2026-09-15,Individual,,101 Example Lane,Sample City,AK,01001,Sample County,Owner-occupied,Yes,Detached single family,1,2005,3650,1,Solid masonry,Slab,No,,No,3,No,No,,,11,Slate,Hip,Fair,2015.0,1,No,DEMO-ONLY/2/roof_verification,Copper,Circuit breakers,,200,Copper,,5,Garage,Central gas,,No,No,No,,No,Yes,Yes,None,None,No,No,No,3.7,950,,No,No,No,No,No,No,,14,49,X,,No,No,No,,HO-5,1312613,1282000,128200,769200,256400,100000,5000,2500,2,No,No,No,No,In force,No,Example Mutual (synthetic),,0,No,,0,0,0,0,,Verified,Verified,Verified,Verified,Verified,DEMO-ONLY/2/property_verification,DEMO-ONLY/2/claims_verification,DEMO-ONLY/2/hazard_verification,DEMO-ONLY/2/replacement_cost_verification,Synthetic evidence scenario,2026-09-15,,No,Yes,Yes,Yes,,DEMO-2026-00002,2,Demo portfolio,2026-09-03T12:00:00+00:00,0.0,A
Sam Ellis · Demo 3,,homeowner3@example.com,202-555-0100,HomeGuard Demo Agency,2026-09-15,Individual,,102 Example Lane,Sample City,AZ,01002,Sample County,Owner-occupied,Yes,Detached single family,1,2008,3200,1,Solid masonry,Crawl space,No,,No,14,No,No,,,15,Slate,Mixed,Fair,2011.0,1,No,DEMO-ONLY/3/roof_verification,Copper,Circuit breakers,,200,Copper,,3,Garage,Central gas,,No,No,No,,No,Yes,Yes,None,None,No,No,No,2.3,150,,No,No,No,No,No,No,,37,25,X,,No,No,No,,HO-3,1323770,1435000,143500,861000,287000,500000,5000,5000,2,No,No,No,No,In force,No,Example Mutual (synthetic),,0,No,,0,0,0,0,,Verified,Verified,Verified,Verified,Verified,DEMO-ONLY/3/property_verification,DEMO-ONLY/3/claims_verification,DEMO-ONLY/3/hazard_verification,DEMO-ONLY/3/replacement_cost_verification,Synthetic evidence scenario,2026-09-15,,No,Yes,Yes,Yes,,DEMO-2026-00003,2,Demo portfolio,2026-09-06T12:00:00+00:00,0.0,A
Alex Hayes · Demo 4,,homeowner4@example.com,202-555-0100,HomeGuard Demo Agency,2026-09-15,Individual,,103 Example Lane,Sample City,AR,01003,Sample County,Owner-occupied,Yes,Detached single family,1,1970,5100,3,Masonry veneer,Slab,No,,No,2,No,No,,,13,Architectural shingle,Mixed,Fair,2013.0,1,No,DEMO-ONLY/4/roof_verification,Copper,Circuit breakers,,200,Copper,,1,Garage,Central electric,,No,No,No,,No,Yes,Yes,None,None,No,No,No,0.6,300,,No,No,No,No,No,No,,3,4,X,,No,No,No,,HO-5,558314,498000,49800,298800,99600,100000,5000,1000,2,No,No,No,No,In force,No,Example Mutual (synthetic),,0,No,,0,0,0,0,,Verified,Verified,Verified,Verified,Verified,DEMO-ONLY/4/property_verification,DEMO-ONLY/4/claims_verification,DEMO-ONLY/4/hazard_verification,DEMO-ONLY/4/replacement_cost_verification,Synthetic evidence scenario,2026-09-15,,No,Yes,Yes,Yes,,DEMO-2026-00004,2,Demo portfolio,2026-09-15T12:00:00+00:00,0.0,A
Casey Reed · Demo 5,,homeowner5@example.com,202-555-0100,HomeGuard Demo Agency,2026-09-15,Individual,,104 Example Lane,Sample City,CA,01004,Sample County,Owner-occupied,Yes,Detached single family,1,1982,4250,1,Masonry veneer,Basement,No,,No,19,No,No,,,8,Tile,Mixed,Good,2018.0,1,No,DEMO-ONLY/5/roof_verification,Copper,Circuit breakers,,200,Copper,,13,Garage,Heat pump,,No,No,No,,No,Yes,Yes,None,None,No,No,No,0.4,800,,No,No,No,No,No,No,,49,40,X,,No,No,No,,HO-5,1220175,1420000,142000,852000,284000,500000,5000,2500,2,No,No,No,No,In force,No,Example Mutual (synthetic),,0,No,,1,0,257139,0,"Synthetic loss-run example: 1 claim(s), 0 open; total paid $257,139. Not a real claims report.",Verified,Verified,Verified,Verified,Verified,DEMO-ONLY/5/property_verification,DEMO-ONLY/5/claims_verification,DEMO-ONLY/5/hazard_verification,DEMO-ONLY/5/replacement_cost_verification,Synthetic evidence scenario,2026-09-15,,No,Yes,Yes,Yes,,DEMO-2026-00005,2,Demo portfolio,2026-09-01T12:00:00+00:00,0.1810838028169014,A
Morgan Ellis · Demo 6,,homeowner6@example.com,202-555-0100,HomeGuard Demo Agency,2026-09-15,Individual,,105 Example Lane,Sample City,CO,01005,Sample County,Owner-occupied,Yes,Detached single family,1,1993,1200,3,Frame,Slab,No,,No,14,No,No,,,6,Architectural shingle,Mixed,Good,2020.0,1,No,DEMO-ONLY/6/roof_verification,Copper,Circuit breakers,,200,Copper,,7,Garage,Central gas,,No,No,No,,No,Yes,Yes,None,None,No,No,No,0.2,950,,No,No,No,No,No,No,,29,35,X,,No,No,No,,HO-3,1265552,1330000,133000,798000,266000,500000,5000,2500,2,No,No,No,No,In force,No,Example Mutual (synthetic),,0,No,,5,0,656645,0,"Synthetic loss-run example: 5 claim(s), 0 open; total paid $656,645. Not a real claims report.",Verified,Verified,Verified,Verified,Verified,DEMO-ONLY/6/property_verification,DEMO-ONLY/6/claims_verification,DEMO-ONLY/6/hazard_verification,DEMO-ONLY/6/replacement_cost_verification,Synthetic evidence scenario,2026-09-15,,No,Yes,Yes,Yes,,DEMO-2026-00006,2,Demo portfolio,2026-08-21T12:00:00+00:00,0.49371804511278194,F
Jordan Parker · Demo 7,,homeowner7@example.com,202-555-0100,HomeGuard Demo Agency,2026-09-15,Individual,,106 Example Lane,Sample City,CT,01006,Sample County,Owner-occupied,Yes,Detached single family,1,1989,4100,2,Masonry veneer,Crawl space,No,,No,18,No,No,,,18,Metal,Hip,Good,2008.0,1,No,DEMO-ONLY/7/roof_verification,Copper,Circuit breakers,,200,Copper,,5,Garage,Heat pump,,No,No,No,,No,Yes,Yes,None,None,No,No,No,4.5,150,,No,No,No,No,No,No,,30,25,X,,No,No,No,,HO-3,435195,426000,42600,255600,85200,500000,5000,2500,2,No,No,No,No,In force,No,Example Mutual (synthetic),,0,No,,0,0,0,0,,Verified,Verified,Verified,Verified,Verified,DEMO-ONLY/7/property_verification,DEMO-ONLY/7/claims_verification,DEMO-ONLY/7/hazard_verification,DEMO-ONLY/7/replacement_cost_verification,Synthetic evidence scenario,2026-09-15,,No,Yes,Yes,Yes,,DEMO-2026-00007,2,Demo portfolio,2026-07-27T12:00:00+00:00,0.0,A
Alex Lane · Demo 8,,homeowner8@example.com,202-555-0100,HomeGuard Demo Agency,2026-09-15,Individual,,107 Example Lane,Sample City,DE,01007,Sample County,Owner-occupied,Yes,Detached single family,1,1965,2600,2,Frame,Crawl space,No,,No,16,No,No,,,2,Metal,Gable,Fair,2024.0,1,No,DEMO-ONLY/8/roof_verification,Copper,Circuit breakers,,200,Copper,,12,Garage,Central gas,,No,No,No,,No,Yes,Yes,None,None,No,No,No,4.5,500,,Yes,Yes,No,No,No,No,,21,9,X,,No,No,No,,HO-3,1168611,1031000,103100,618600,206200,100000,5000,5000,2,No,No,No,No,In force,No,Example Mutual (synthetic),,0,No,,0,0,0,0,,Verified,Verified,Verified,Verified,Verified,DEMO-ONLY/8/property_verification,DEMO-ONLY/8/claims_verification,DEMO-ONLY/8/hazard_verification,DEMO-ONLY/8/replacement_cost_verification,Synthetic evidence scenario,2026-09-15,,No,Yes,Yes,Yes,,DEMO-2026-00008,2,Demo portfolio,2026-09-07T12:00:00+00:00,0.0,A
Sam Brooks · Demo 9,,homeowner9@example.com,202-555-0100,HomeGuard Demo Agency,2026-09-15,Individual,,108 Example Lane,Sample City,FL,01008,Sample County,Owner-occupied,Yes,Detached single family,1,2025,1650,1,Masonry veneer,Crawl space,No,,No,1,No,No,,,1,Metal,Gable,Good,2025.0,1,No,DEMO-ONLY/9/roof_verification,Copper,Circuit breakers,,200,PEX / PVC / CPVC,,2,Garage,Heat pump,,No,No,No,,No,Yes,Yes,None,None,No,No,No,3.4,400,,No,No,No,No,No,No,,3,43,X,,No,No,No,,HO-3,1023604,1006000,100600,603600,201200,100000,5000,5000,2,No,No,No,No,In force,No,Example Mutual (synthetic),,0,No,,1,0,120298,0,"Synthetic loss-run example: 1 claim(s), 0 open; total paid $120,298. Not a real claims report.",Verified,Verified,Verified,Verified,Verified,DEMO-ONLY/9/property_verification,DEMO-ONLY/9/claims_verification,DEMO-ONLY/9/hazard_verification,DEMO-ONLY/9/replacement_cost_verification,Synthetic evidence scenario,2026-09-15,,No,Yes,Yes,Yes,,DEMO-2026-00009,2,Demo portfolio,2026-07-29T12:00:00+00:00,0.11958051689860835,A
Casey Lane · Demo 10,,homeowner10@example.com,202-555-0100,HomeGuard Demo Agency,2026-09-15,Individual,,109 Example Lane,Sample City,GA,01009,Sample County,Owner-occupied,Yes,Detached single family,1,1989,1900,3,Masonry veneer,Basement,No,,No,6,No,No,,,15,Tile,Hip,Fair,2011.0,1,No,DEMO-ONLY/10/roof_verification,Copper,Circuit breakers,,200,PEX / PVC / CPVC,,2,Garage,Central electric,,No,No,No,,No,Yes,Yes,None,None,No,No,No,4.3,150,,No,No,No,No,No,No,,1,18,X,,No,No,No,,HO-5,323337,288000,28800,172800,57600,100000,5000,1000,2,No,No,No,No,In force,No,Example Mutual (synthetic),,0,No,,0,0,0,0,,Verified,Verified,Verified,Verified,Verified,DEMO-ONLY/10/property_verification,DEMO-ONLY/10/claims_verification,DEMO-ONLY/10/hazard_verification,DEMO-ONLY/10/replacement_cost_verification,Synthetic evidence scenario,2026-09-15,,No,Yes,Yes,Yes,,DEMO-2026-00010,2,Demo portfolio,2026-08-08T12:00:00+00:00,0.0,A
Casey Hayes · Demo 11,,homeowner11@example.com,202-555-0100,HomeGuard Demo Agency,2026-09-15,Individual,,110 Example Lane,Sample City,HI,01010,Sample County,Owner-occupied,Yes,Detached single family,1,1999,1800,1,Masonry veneer,Crawl space,No,,No,8,No,No,,,5,Slate,Gable,Good,2021.0,1,No,DEMO-ONLY/11/roof_verification,Copper,Circuit breakers,,200,PEX / PVC / CPVC,,13,Garage,Heat pump,,No,No,No,,No,Yes,Yes,None,None,No,No,No,3.5,200,,No,No,No,No,No,No,,25,31,X,,No,No,No,,HO-5,727563,741000,74100,444600,148200,100000,5000,1000,2,No,No,No,No,In force,No,Example Mutual (synthetic),,0,No,,0,0,0,0,,Verified,Verified,Verified,Not checked,Verified,DEMO-ONLY/11/property_verification,DEMO-ONLY/11/claims_verification,,DEMO-ONLY/11/replacement_cost_verification,Synthetic evidence scenario,2026-09-15,,No,Yes,Yes,Yes,,DEMO-2026-00011,2,Demo portfolio,2026-09-08T12:00:00+00:00,0.0,B
Casey Hayes · Demo 12,,homeowner12@example.com,202-555-0100,HomeGuard Demo Agency,2026-09-15,Individual,,111 Example Lane,Sample City,ID,01011,Sample County,Owner-occupied,Yes,Detached single family,1,1971,2200,1,Masonry veneer,Crawl space,No,,No,3,No,No,,,11,Slate,Mixed,Good,2015.0,1,No,DEMO-ONLY/12/roof_verification,Copper,Circuit breakers,,200,PEX / PVC / CPVC,,2,Garage,Heat pump,,No,No,No,,No,Yes,Yes,None,None,No,No,No,2.3,700,,No,No,No,No,No,No,,33,25,X,,No,No,No,,HO-5,854755,1020000,102000,612000,204000,500000,5000,2500,2,No,No,No,No,In force,No,Example Mutual (synthetic),,0,No,,1,0,891063,0,"Synthetic loss-run example: 1 claim(s), 0 open; total paid $891,063. Not a real claims report.",Verified,Verified,Verified,Verified,Verified,DEMO-ONLY/12/property_verification,DEMO-ONLY/12/claims_verification,DEMO-ONLY/12/hazard_verification,DEMO-ONLY/12/replacement_cost_verification,Synthetic evidence scenario,2026-09-15,,No,Yes,Yes,Yes,,DEMO-2026-00012,2,Demo portfolio,2026-08-26T12:00:00+00:00,0.8735911764705883,F
Sam Ellis · Demo 13,,homeowner13@example.com,202-555-0100,HomeGuard Demo Agency,2026-09-15,Individual,,112 Example Lane,Sample City,IL,01012,Sample County,Owner-occupied,Yes,Detached single family,1,1984,1700,1,Masonry veneer,Slab,No,,No,3,No,No,,,6,Architectural shingle,Mixed,Fair,2020.0,1,No,DEMO-ONLY/13/roof_verification,Copper,Circuit breakers,,200,PEX / PVC / CPVC,,11,Garage,Heat pump,,No,No,No,,No,Yes,Yes,None,None,No,No,No,3.5,800,,No,No,No,No,No,No,,28,0,X,,No,No,No,,HO-3,1286224,1443000,144300,865800,288600,500000,5000,2500,2,No,No,No,No,In force,No,Example Mutual (synthetic),,0,No,,1,1,10000,0,"Synthetic loss-run example: 1 claim(s), 0 open; total paid $10,000. Not a real claims report.",Verified,Verified,Verified,Verified,Verified,DEMO-ONLY/13/property_verification,DEMO-ONLY/13/claims_verification,DEMO-ONLY/13/hazard_verification,DEMO-ONLY/13/replacement_cost_verification,Synthetic evidence scenario,2026-09-15,,No,Yes,Yes,Yes,,DEMO-2026-00013,2,Demo portfolio,2026-07-29T12:00:00+00:00,0.00693000693000693,B
Morgan Reed · Demo 14,,homeowner14@example.com,202-555-0100,HomeGuard Demo Agency,2026-09-15,Individual,,113 Example Lane,Sample City,IN,01013,Sample County,Owner-occupied,Yes,Detached single family,1,1983,3200,2,Solid masonry,Crawl space,No,,No,10,No,No,,,7,Tile,Hip,Fair,2019.0,1,No,DEMO-ONLY/14/roof_verification,Copper,Circuit breakers,,200,PEX / PVC / CPVC,,8,Garage,Central electric,,No,No,No,,No,Yes,Yes,None,None,No,No,No,1.8,350,,No,No,No,No,No,No,,44,44,X,,No,No,No,,HO-3,1350183,1239000,123900,743400,247800,500000,5000,1000,2,No,No,No,No,In force,No,Example Mutual (synthetic),,0,No,,0,0,0,0,,Verified,Verified,Verified,Verified,Verified,DEMO-ONLY/14/property_verification,DEMO-ONLY/14/claims_verification,DEMO-ONLY/14/hazard_verification,DEMO-ONLY/14/replacement_cost_verification,Synthetic evidence scenario,2026-09-15,,No,Yes,Yes,Yes,,DEMO-2026-00014,2,Demo portfolio,2026-08-21T12:00:00+00:00,0.0,A
Taylor Reed · Demo 15,,homeowner15@example.com,202-555-0100,HomeGuard Demo Agency,2026-09-15,Individual,,114 Example Lane,Sample City,IA,01014,Sample County,Owner-occupied,Yes,Detached single family,1,1999,4400,2,Masonry veneer,Crawl space,No,,No,2,No,No,,,16,Architectural shingle,Hip,Fair,2010.0,1,No,DEMO-ONLY/15/roof_verification,Copper,Circuit breakers,,200,PEX / PVC / CPVC,,3,Garage,Central gas,,No,No,No,,No,Yes,Yes,None,None,No,No,No,3.5,400,,Yes,Yes,No,No,No,No,,43,20,X,,No,No,No,,HO-3,486196,461000,46100,276600,92200,500000,5000,5000,2,No,No,No,No,In force,No,Example Mutual (synthetic),,0,No,,0,0,0,0,,Verified,Verified,Verified,Verified,Verified,DEMO-ONLY/15/property_verification,DEMO-ONLY/15/claims_verification,DEMO-ONLY/15/hazard_verification,DEMO-ONLY/15/replacement_cost_verification,Synthetic evidence scenario,2026-09-15,,No,Yes,Yes,Yes,,DEMO-2026-00015,2,Demo portfolio,2026-07-26T12:00:00+00:00,0.0,A
Alex Lane · Demo 16,,homeowner16@example.com,202-555-0100,HomeGuard Demo Agency,2026-09-15,Individual,,115 Example Lane,Sample City,KS,01015,Sample County,Owner-occupied,Yes,Detached single family,1,1954,4750,1,Masonry veneer,Slab,No,,No,10,No,No,,,16,Metal,Mixed,Fair,2010.0,1,No,DEMO-ONLY/16/roof_verification,Copper,Circuit breakers,,200,PEX / PVC / CPVC,,4,Garage,Heat pump,,No,No,No,,No,Yes,Yes,None,None,No,No,No,3.2,950,,No,No,No,No,No,No,,45,33,X,,No,No,No,,HO-5,1330370,1215000,121500,729000,243000,100000,5000,1000,2,No,No,No,No,In force,No,Example Mutual (synthetic),,0,No,,6,0,217335,0,"Synthetic loss-run example: 6 claim(s), 0 open; total paid $217,335. Not a real claims report.",Verified,Verified,Verified,Verified,Verified,DEMO-ONLY/16/property_verification,DEMO-ONLY/16/claims_verification,DEMO-ONLY/16/hazard_verification,DEMO-ONLY/16/replacement_cost_verification,Synthetic evidence scenario,2026-09-15,,No,Yes,Yes,Yes,,DEMO-2026-00016,2,Demo portfolio,2026-08-22T12:00:00+00:00,0.17887654320987653,F
Taylor Ellis · Demo 17,,homeowner17@example.com,202-555-0100,HomeGuard Demo Agency,2026-09-15,Individual,,116 Example Lane,Sample City,KY,01016,Sample County,Owner-occupied,Yes,Detached single family,1,1964,1900,2,Solid masonry,Basement,No,,No,17,No,No,,,7,Metal,Gable,Fair,2019.0,1,No,DEMO-ONLY/17/roof_verification,Copper,Circuit breakers,,200,Copper,,4,Garage,Heat pump,,No,No,No,,No,Yes,Yes,None,None,No,No,No,0.5,450,,No,No,No,No,No,No,,20,9,X,,No,No,No,,HO-3,444394,429000,42900,257400,85800,300000,5000,1000,2,No,No,No,No,In force,No,Example Mutual (synthetic),,0,No,,1,0,49510,0,"Synthetic loss-run example: 1 claim(s), 0 open; total paid $49,510. Not a real claims report.",Verified,Verified,Verified,Verified,Verified,DEMO-ONLY/17/property_verification,DEMO-ONLY/17/claims_verification,DEMO-ONLY/17/hazard_verification,DEMO-ONLY/17/replacement_cost_verification,Synthetic evidence scenario,2026-09-15,,No,Yes,Yes,Yes,,DEMO-2026-00017,2,Demo portfolio,2026-07-22T12:00:00+00:00,0.11540792540792541,A
Morgan Reed · Demo 18,,homeowner18@example.com,202-555-0100,HomeGuard Demo Agency,2026-09-15,Individual,,117 Example Lane,Sample City,LA,01017,Sample County,Owner-occupied,Yes,Detached single family,1,2017,2500,3,Masonry veneer,Crawl space,No,,No,2,No,No,,,6,Architectural shingle,Hip,Fair,2020.0,1,No,DEMO-ONLY/18/roof_verification,Copper,Circuit breakers,,200,Copper,,5,Garage,Central electric,,No,No,No,,No,Yes,Yes,None,None,No,No,No,1.7,900,,No,No,No,No,No,No,,43,23,X,,No,No,No,,HO-5,318279,318000,31800,190800,63600,500000,5000,1000,2,No,No,No,No,In force,No,Example Mutual (synthetic),,0,No,,1,0,10000,1,"Synthetic loss-run example: 1 claim(s), 1 open; total paid $10,000. Not a real claims report.",Verified,Verified,Verified,Verified,Verified,DEMO-ONLY/18/property_verification,DEMO-ONLY/18/claims_verification,DEMO-ONLY/18/hazard_verification,DEMO-ONLY/18/replacement_cost_verification,Synthetic evidence scenario,2026-09-15,,No,Yes,Yes,Yes,,DEMO-2026-00018,2,Demo portfolio,2026-07-25T12:00:00+00:00,0.031446540880503145,F
Sam Reed · Demo 19,,homeowner19@example.com,202-555-0100,HomeGuard Demo Agency,2026-09-15,Individual,,118 Example Lane,Sample City,ME,01018,Sample County,Owner-occupied,Yes,Detached single family,1,1967,1750,3,Frame,Crawl space,No,,No,4,No,No,,,13,Architectural shingle,Hip,Good,2013.0,1,No,DEMO-ONLY/19/roof_verification,Copper,Circuit breakers,,200,Copper,,11,Garage,Central electric,,No,No,No,,No,Yes,Yes,None,None,No,No,No,2.0,350,,No,No,No,No,No,No,,22,31,X,,No,No,No,,HO-3,557913,642000,64200,385200,128400,100000,5000,5000,2,No,No,No,No,In force,No,Example Mutual (synthetic),,0,No,,0,0,0,0,,Verified,Verified,Verified,Verified,Verified,DEMO-ONLY/19/property_verification,DEMO-ONLY/19/claims_verification,DEMO-ONLY/19/hazard_verification,DEMO-ONLY/19/replacement_cost_verification,Synthetic evidence scenario,2026-09-15,,No,Yes,Yes,Yes,,DEMO-2026-00019,2,Demo portfolio,2026-08-13T12:00:00+00:00,0.0,A
Sam Ellis · Demo 20,,homeowner20@example.com,202-555-0100,HomeGuard Demo Agency,2026-09-15,Individual,,119 Example Lane,Sample City,MD,01019,Sample County,Owner-occupied,Yes,Detached single family,1,1967,4250,3,Masonry veneer,Crawl space,No,,No,20,No,No,,,7,Architectural shingle,Mixed,Good,2019.0,1,No,DEMO-ONLY/20/roof_verification,Copper,Circuit breakers,,200,Copper,,1,Garage,Heat pump,,No,No,No,,No,Yes,Yes,None,None,No,No,No,2.7,400,,No,No,No,No,No,No,,49,86,X,,No,No,No,,HO-3,356821,350000,35000,210000,70000,100000,5000,5000,2,No,No,No,No,In force,No,Example Mutual (synthetic),,0,No,,0,0,0,0,,Verified,Verified,Verified,Verified,Verified,DEMO-ONLY/20/property_verification,DEMO-ONLY/20/claims_verification,DEMO-ONLY/20/hazard_verification,DEMO-ONLY/20/replacement_cost_verification,Synthetic evidence scenario,2026-09-15,,No,Yes,Yes,Yes,,DEMO-2026-00020,2,Demo portfolio,2026-08-27T12:00:00+00:00,0.0,F
Morgan Hayes · Demo 21,,homeowner21@example.com,202-555-0100,HomeGuard Demo Agency,2026-09-15,Individual,,120 Example Lane,Sample City,MA,01020,Sample County,Owner-occupied,Yes,Detached single family,1,2011,4850,2,Frame,Crawl space,No,,No,18,No,No,,,6,Architectural shingle,Mixed,Good,2020.0,1,No,DEMO-ONLY/21/roof_verification,Copper,Circuit breakers,,200,PEX / PVC / CPVC,,14,Garage,Central gas,,No,No,No,,No,Yes,Yes,None,None,No,No,No,1.9,900,,No,No,No,No,No,No,,41,37,X,,No,No,No,,HO-5,1191384,1073000,107300,643800,214600,100000,5000,1000,2,No,No,No,No,In force,No,Example Mutual (synthetic),,0,No,,1,0,154717,0,"Synthetic loss-run example: 1 claim(s), 0 open; total paid $154,717. Not a real claims report.",Verified,Verified,Verified,Not checked,Verified,DEMO-ONLY/21/property_verification,DEMO-ONLY/21/claims_verification,,DEMO-ONLY/21/replacement_cost_verification,Synthetic evidence scenario,2026-09-15,,No,Yes,Yes,Yes,,DEMO-2026-00021,2,Demo portfolio,2026-09-14T12:00:00+00:00,0.1441910531220876,B
Alex Parker · Demo 22,,homeowner22@example.com,202-555-0100,HomeGuard Demo Agency,2026-09-15,Individual,,121 Example Lane,Sample City,MI,01021,Sample County,Owner-occupied,Yes,Detached single family,1,1961,3050,2,Solid masonry,Basement,No,,No,19,No,No,,,12,Slate,Gable,Fair,2014.0,1,No,DEMO-ONLY/22/roof_verification,Copper,Circuit breakers,,200,PEX / PVC / CPVC,,6,Garage,Central electric,,No,No,No,,No,Yes,Yes,None,None,No,No,No,4.1,450,,No,No,No,No,No,No,,24,28,X,,No,No,No,,HO-3,491217,476000,47600,285600,95200,100000,5000,5000,2,No,No,No,No,In force,No,Example Mutual (synthetic),,0,No,,1,0,443763,0,"Synthetic loss-run example: 1 claim(s), 0 open; total paid $443,763. Not a real claims report.",Verified,Verified,Verified,Verified,Verified,DEMO-ONLY/22/property_verification,DEMO-ONLY/22/claims_verification,DEMO-ONLY/22/hazard_verification,DEMO-ONLY/22/replacement_cost_verification,Synthetic evidence scenario,2026-09-15,,No,Yes,Yes,Yes,,DEMO-2026-00022,2,Demo portfolio,2026-08-24T12:00:00+00:00,0.9322752100840336,F
Morgan Brooks · Demo 23,,homeowner23@example.com,202-555-0100,HomeGuard Demo Agency,2026-09-15,Individual,,122 Example Lane,Sample City,MN,01022,Sample County,Owner-occupied,Yes,Detached single family,1,1983,1100,1,Masonry veneer,Basement,No,,No,2,No,No,,,5,Architectural shingle,Gable,Fair,2021.0,1,No,DEMO-ONLY/23/roof_verification,Copper,Circuit breakers,,200,PEX / PVC / CPVC,,8,Garage,Central gas,,No,No,No,,No,Yes,Yes,None,None,No,No,No,0.8,200,,No,No,No,No,No,No,,17,29,X,,No,No,No,,HO-3,514922,503000,50300,301800,100600,100000,5000,2500,2,No,No,No,No,In force,No,Example Mutual (synthetic),,0,No,,0,0,0,0,,Verified,Verified,Verified,Verified,Verified,DEMO-ONLY/23/property_verification,DEMO-ONLY/23/claims_verification,DEMO-ONLY/23/hazard_verification,DEMO-ONLY/23/replacement_cost_verification,Synthetic evidence scenario,2026-09-15,,No,Yes,Yes,Yes,,DEMO-2026-00023,2,Demo portfolio,2026-09-04T12:00:00+00:00,0.0,A
Jordan Ellis · Demo 24,,homeowner24@example.com,202-555-0100,HomeGuard Demo Agency,2026-09-15,Individual,,123 Example Lane,Sample City,MS,01023,Sample County,Owner-occupied,Yes,Detached single family,1,1978,5450,1,Solid masonry,Slab,No,,No,3,No,No,,,17,Tile,Gable,Good,2009.0,1,No,DEMO-ONLY/24/roof_verification,Copper,Circuit breakers,,200,Copper,,14,Garage,Heat pump,,No,No,No,,No,Yes,Yes,None,None,No,No,No,0.8,600,,No,No,No,No,No,No,,9,14,X,,No,No,No,,HO-5,926848,1100000,110000,660000,220000,300000,5000,1000,2,No,No,No,No,In force,No,Example Mutual (synthetic),,0,No,,0,0,0,0,,Verified,Verified,Verified,Verified,Verified,DEMO-ONLY/24/property_verification,DEMO-ONLY/24/claims_verification,DEMO-ONLY/24/hazard_verification,DEMO-ONLY/24/replacement_cost_verification,Synthetic evidence scenario,2026-09-15,,No,Yes,Yes,Yes,,DEMO-2026-00024,2,Demo portfolio,2026-08-06T12:00:00+00:00,0.0,A
Jordan Hayes · Demo 25,,homeowner25@example.com,202-555-0100,HomeGuard Demo Agency,2026-09-15,Individual,,124 Example Lane,Sample City,MO,01024,Sample County,Owner-occupied,Yes,Detached single family,1,1962,3700,1,Masonry veneer,Crawl space,No,,No,5,No,No,,,8,Tile,Hip,Good,2018.0,1,No,DEMO-ONLY/25/roof_verification,Copper,Circuit breakers,,200,Copper,,5,Garage,Central electric,,No,No,No,,No,Yes,Yes,None,None,No,No,No,1.8,500,,No,No,No,No,No,No,,33,40,X,,No,No,No,,HO-5,498751,533000,53300,319800,106600,500000,5000,2500,2,No,No,No,No,In force,No,Example Mutual (synthetic),,0,No,,1,0,4940,0,"Synthetic loss-run example: 1 claim(s), 0 open; total paid $4,940. Not a real claims report.",Verified,Verified,Verified,Verified,Verified,DEMO-ONLY/25/property_verification,DEMO-ONLY/25/claims_verification,DEMO-ONLY/25/hazard_verification,DEMO-ONLY/25/replacement_cost_verification,Synthetic evidence scenario,2026-09-15,,No,Yes,Yes,Yes,,DEMO-2026-00025,2,Demo portfolio,2026-08-18T12:00:00+00:00,0.009268292682926829,A
Morgan Parker · Demo 26,,homeowner26@example.com,202-555-0100,HomeGuard Demo Agency,2026-09-15,Individual,,125 Example Lane,Sample City,MT,01025,Sample County,Owner-occupied,Yes,Detached single family,1,1990,3200,2,Solid masonry,Basement,No,,No,3,No,No,,,10,Architectural shingle,Gable,Good,2016.0,1,No,DEMO-ONLY/26/roof_verification,Copper,Circuit breakers,,200,Copper,,10,Garage,Central electric,,No,No,No,,No,Yes,Yes,None,None,No,No,No,3.0,700,,No,No,No,No,No,No,,44,49,X,,No,No,No,,HO-5,1314829,1491000,149100,894600,298200,300000,5000,2500,2,No,No,No,No,In force,No,Example Mutual (synthetic),,0,No,,0,0,0,0,,Verified,Verified,Verified,Verified,Verified,DEMO-ONLY/26/property_verification,DEMO-ONLY/26/claims_verification,DEMO-ONLY/26/hazard_verification,DEMO-ONLY/26/replacement_cost_verification,Synthetic evidence scenario,2026-09-15,,No,Yes,Yes,Yes,,DEMO-2026-00026,2,Demo portfolio,2026-08-29T12:00:00+00:00,0.0,A
Casey Ellis · Demo 27,,homeowner27@example.com,202-555-0100,HomeGuard Demo Agency,2026-09-15,Individual,,126 Example Lane,Sample City,NE,01026,Sample County,Owner-occupied,Yes,Detached single family,1,1953,5150,3,Masonry veneer,Crawl space,No,,No,11,No,No,,,6,Metal,Gable,Good,2020.0,1,No,DEMO-ONLY/27/roof_verification,Copper,Circuit breakers,,200,Copper,,13,Garage,Central electric,,No,No,No,,No,Yes,Yes,None,None,No,No,No,0.5,900,,No,No,No,No,No,No,,49,14,X,,No,No,No,,HO-5,193075,203000,20300,121800,40600,300000,5000,1000,2,No,No,No,No,In force,No,Example Mutual (synthetic),,0,No,,0,0,0,0,,Verified,Verified,Verified,Verified,Verified,DEMO-ONLY/27/property_verification,DEMO-ONLY/27/claims_verification,DEMO-ONLY/27/hazard_verification,DEMO-ONLY/27/replacement_cost_verification,Synthetic evidence scenario,2026-09-15,,No,Yes,Yes,Yes,,DEMO-2026-00027,2,Demo portfolio,2026-08-26T12:00:00+00:00,0.0,A
Jordan Hayes · Demo 28,,homeowner28@example.com,202-555-0100,HomeGuard Demo Agency,2026-09-15,Individual,,127 Example Lane,Sample City,NV,01027,Sample County,Owner-occupied,Yes,Detached single family,1,1957,3850,2,Masonry veneer,Slab,No,,No,33,No,No,,,16,Tile,Mixed,Good,2010.0,1,No,DEMO-ONLY/28/roof_verification,Copper,Circuit breakers,,200,PEX / PVC / CPVC,,13,Garage,Central gas,,No,No,No,,No,Yes,Yes,None,None,No,No,No,3.4,300,,No,No,No,No,No,No,,41,38,X,,No,No,No,,HO-5,613988,615000,61500,369000,123000,300000,5000,5000,2,No,No,No,No,In force,No,Example Mutual (synthetic),,0,No,,0,0,0,0,,Verified,Verified,Verified,Verified,Verified,DEMO-ONLY/28/property_verification,DEMO-ONLY/28/claims_verification,DEMO-ONLY/28/hazard_verification,DEMO-ONLY/28/replacement_cost_verification,Synthetic evidence scenario,2026-09-15,,No,Yes,Yes,Yes,,DEMO-2026-00028,2,Demo portfolio,2026-08-17T12:00:00+00:00,0.0,B
Casey Lane · Demo 29,,homeowner29@example.com,202-555-0100,HomeGuard Demo Agency,2026-09-15,Individual,,128 Example Lane,Sample City,NH,01028,Sample County,Owner-occupied,Yes,Detached single family,1,1951,2100,1,Masonry veneer,Basement,No,,No,11,No,No,,,18,Tile,Hip,Fair,2008.0,1,No,DEMO-ONLY/29/roof_verification,Copper,Circuit breakers,,200,PEX / PVC / CPVC,,2,Garage,Heat pump,,No,No,No,,No,Yes,Yes,None,None,No,No,No,4.6,800,,No,No,No,No,No,No,,45,45,X,,No,No,No,,HO-5,562104,513000,51300,307800,102600,500000,5000,5000,2,No,No,No,No,In force,No,Example Mutual (synthetic),,31,No,,0,0,0,0,,Verified,Verified,Verified,Verified,Verified,DEMO-ONLY/29/property_verification,DEMO-ONLY/29/claims_verification,DEMO-ONLY/29/hazard_verification,DEMO-ONLY/29/replacement_cost_verification,Synthetic evidence scenario,2026-09-15,,No,Yes,Yes,Yes,,DEMO-2026-00029,2,Demo portfolio,2026-07-30T12:00:00+00:00,0.0,B
Jordan Ellis · Demo 30,,homeowner30@example.com,202-555-0100,HomeGuard Demo Agency,2026-09-15,Individual,,129 Example Lane,Sample City,NJ,01029,Sample County,Owner-occupied,Yes,Detached single family,1,2018,4300,3,Frame,Slab,No,,No,20,No,No,,,4,Architectural shingle,Gable,Good,2022.0,1,No,DEMO-ONLY/30/roof_verification,Copper,Circuit breakers,,200,Copper,,5,Garage,Central electric,,No,No,No,,No,Yes,Yes,None,None,No,No,No,3.8,600,,Yes,Yes,Yes,No,No,No,,24,39,X,,No,No,No,,HO-3,701702,623000,62300,373800,124600,500000,5000,1000,2,No,No,No,No,In force,No,Example Mutual (synthetic),,0,No,,0,0,0,0,,Verified,Verified,Verified,Verified,Verified,DEMO-ONLY/30/property_verification,DEMO-ONLY/30/claims_verification,DEMO-ONLY/30/hazard_verification,DEMO-ONLY/30/replacement_cost_verification,Synthetic evidence scenario,2026-09-15,,No,Yes,Yes,Yes,,DEMO-2026-00030,2,Demo portfolio,2026-07-23T12:00:00+00:00,0.0,B
Alex Lane · Demo 31,,homeowner31@example.com,202-555-0100,HomeGuard Demo Agency,2026-09-15,Individual,,130 Example Lane,Sample City,NM,01030,Sample County,Owner-occupied,Yes,Detached single family,1,2019,1250,1,Solid masonry,Crawl space,No,,No,6,No,No,,,4,Metal,Mixed,Poor,2022.0,1,No,DEMO-ONLY/31/roof_verification,Copper,Circuit breakers,,200,PEX / PVC / CPVC,,11,Garage,Heat pump,,No,No,No,,No,Yes,Yes,None,None,No,No,No,2.7,850,,No,No,No,No,No,No,,20,49,X,,No,No,No,,HO-3,786596,706000,70600,423600,141200,100000,5000,1000,2,No,No,No,No,In force,No,Example Mutual (synthetic),,0,No,,0,0,0,0,,Verified,Verified,Verified,Not checked,Verified,DEMO-ONLY/31/property_verification,DEMO-ONLY/31/claims_verification,,DEMO-ONLY/31/replacement_cost_verification,Synthetic evidence scenario,2026-09-15,,No,Yes,Yes,Yes,,DEMO-2026-00031,2,Demo portfolio,2026-09-07T12:00:00+00:00,0.0,B
Taylor Hayes · Demo 32,,homeowner32@example.com,202-555-0100,HomeGuard Demo Agency,2026-09-15,Individual,,131 Example Lane,Sample City,NY,01031,Sample County,Owner-occupied,Yes,Detached single family,1,1980,2200,1,Frame,Crawl space,No,,No,9,No,No,,,20,Tile,Gable,Good,,1,No,DEMO-ONLY/32/roof_verification,Copper,Circuit breakers,,200,Copper,,10,Garage,Central electric,,No,No,No,,No,Yes,Yes,None,None,No,No,No,4.9,650,,No,No,No,No,No,No,,35,44,X,,No,No,No,,HO-5,1168730,1227000,122700,736200,245400,100000,5000,5000,2,No,No,No,No,In force,No,Example Mutual (synthetic),,0,No,,0,0,0,0,,Verified,Verified,Verified,Verified,Verified,DEMO-ONLY/32/property_verification,DEMO-ONLY/32/claims_verification,DEMO-ONLY/32/hazard_verification,DEMO-ONLY/32/replacement_cost_verification,Synthetic evidence scenario,2026-09-15,,No,Yes,Yes,Yes,,DEMO-2026-00032,2,Demo portfolio,2026-08-09T12:00:00+00:00,0.0,B
Alex Reed · Demo 33,,homeowner33@example.com,202-555-0100,HomeGuard Demo Agency,2026-09-15,Individual,,132 Example Lane,Sample City,NC,01032,Sample County,Owner-occupied,Yes,Detached single family,1,1951,3500,2,Solid masonry,Slab,No,,No,20,No,No,,,17,Tile,Gable,Fair,2009.0,1,No,DEMO-ONLY/33/roof_verification,Copper,Circuit breakers,,200,PEX / PVC / CPVC,,14,Garage,Central electric,,No,No,No,,No,Yes,Yes,None,None,No,No,No,3.9,600,,No,No,No,No,No,No,,12,0,X,,No,No,No,,HO-3,502184,605000,60500,363000,121000,300000,5000,1000,2,No,No,No,No,In force,No,Example Mutual (synthetic),,0,No,,1,0,43615,0,"Synthetic loss-run example: 1 claim(s), 0 open; total paid $43,615. Not a real claims report.",Verified,Verified,Verified,Verified,Verified,DEMO-ONLY/33/property_verification,DEMO-ONLY/33/claims_verification,DEMO-ONLY/33/hazard_verification,DEMO-ONLY/33/replacement_cost_verification,Synthetic evidence scenario,2026-09-15,,No,Yes,Yes,Yes,,DEMO-2026-00033,2,Demo portfolio,2026-08-05T12:00:00+00:00,0.0720909090909091,A
Jordan Hayes · Demo 34,,homeowner34@example.com,202-555-0100,HomeGuard Demo Agency,2026-09-15,Individual,,133 Example Lane,Sample City,ND,01033,Sample County,Owner-occupied,Yes,Detached single family,1,2013,1900,2,Frame,Slab,No,,No,2,No,No,,,12,Architectural shingle,Gable,Fair,2014.0,1,No,DEMO-ONLY/34/roof_verification,Copper,Circuit breakers,,200,PEX / PVC / CPVC,,12,Garage,Central electric,,No,No,No,,No,Yes,Yes,None,None,No,No,No,2.1,350,,No,No,No,No,No,No,,24,7,X,,No,No,No,,HO-3,1100765,1336000,133600,801600,267200,100000,5000,5000,2,No,No,No,No,In force,No,Example Mutual (synthetic),,0,No,,0,0,0,0,,Verified,Verified,Verified,Verified,Verified,DEMO-ONLY/34/property_verification,DEMO-ONLY/34/claims_verification,DEMO-ONLY/34/hazard_verification,DEMO-ONLY/34/replacement_cost_verification,Synthetic evidence scenario,2026-09-15,,No,Yes,Yes,Yes,,DEMO-2026-00034,2,Demo portfolio,2026-08-24T12:00:00+00:00,0.0,A
Morgan Brooks · Demo 35,,homeowner35@example.com,202-555-0100,HomeGuard Demo Agency,2026-09-15,Individual,,134 Example Lane,Sample City,OH,01034,Sample County,Owner-occupied,Yes,Detached single family,1,1969,4750,1,Frame,Slab,No,,No,14,No,No,,,14,Slate,Mixed,Good,2012.0,1,No,DEMO-ONLY/35/roof_verification,Copper,Circuit breakers,,200,PEX / PVC / CPVC,,7,Garage,Central gas,,No,No,No,,No,Yes,Yes,None,None,No,No,No,2.3,550,,No,No,No,No,No,No,,16,16,X,,No,No,No,,HO-3,558059,556000,55600,333600,111200,300000,5000,5000,2,No,No,No,No,In force,No,Example Mutual (synthetic),,0,No,,0,0,0,0,,Verified,Verified,Verified,Verified,Verified,DEMO-ONLY/35/property_verification,DEMO-ONLY/35/claims_verification,DEMO-ONLY/35/hazard_verification,DEMO-ONLY/35/replacement_cost_verification,Synthetic evidence scenario,2026-09-15,,No,Yes,Yes,Yes,,DEMO-2026-00035,2,Demo portfolio,2026-08-11T12:00:00+00:00,0.0,A
Morgan Brooks · Demo 36,,homeowner36@example.com,202-555-0100,HomeGuard Demo Agency,2026-09-15,Individual,,135 Example Lane,Sample City,OK,01035,Sample County,Owner-occupied,Yes,Detached single family,1,1996,2450,1,Frame,Slab,No,,No,9,No,No,,,16,Architectural shingle,Mixed,Good,2010.0,1,No,DEMO-ONLY/36/roof_verification,Copper,Circuit breakers,,200,Copper,,8,Garage,Central gas,,No,No,No,,No,Yes,Yes,None,None,No,No,No,4.4,100,,No,No,No,No,No,No,,64,42,X,,No,No,No,,HO-5,1308918,1265000,126500,759000,253000,500000,5000,2500,2,No,No,No,No,In force,No,Example Mutual (synthetic),,0,No,,0,0,0,0,,Verified,Verified,Verified,Verified,Verified,DEMO-ONLY/36/property_verification,DEMO-ONLY/36/claims_verification,DEMO-ONLY/36/hazard_verification,DEMO-ONLY/36/replacement_cost_verification,Synthetic evidence scenario,2026-09-15,,No,Yes,Yes,Yes,,DEMO-2026-00036,2,Demo portfolio,2026-08-26T12:00:00+00:00,0.0,B
Taylor Brooks · Demo 37,,homeowner37@example.com,202-555-0100,HomeGuard Demo Agency,2026-09-15,Individual,,136 Example Lane,Sample City,OR,01036,Sample County,Owner-occupied,Yes,Detached single family,1,1972,4150,2,Solid masonry,Basement,No,,No,13,No,No,,,14,Slate,Hip,Good,2012.0,1,No,DEMO-ONLY/37/roof_verification,Copper,Circuit breakers,,200,Copper,,2,Garage,Central gas,,No,No,No,,No,Yes,Yes,None,None,No,No,No,0.1,250,,No,No,No,No,No,No,,24,28,X,,No,No,No,,HO-3,679972,595000,59500,357000,119000,300000,5000,2500,2,No,No,No,No,In force,No,Example Mutual (synthetic),,0,No,,1,0,65446,0,"Synthetic loss-run example: 1 claim(s), 0 open; total paid $65,446. Not a real claims report.",Verified,Verified,Verified,Verified,Verified,DEMO-ONLY/37/property_verification,DEMO-ONLY/37/claims_verification,DEMO-ONLY/37/hazard_verification,DEMO-ONLY/37/replacement_cost_verification,Synthetic evidence scenario,2026-09-15,,No,Yes,Yes,Yes,,DEMO-2026-00037,2,Demo portfolio,2026-08-11T12:00:00+00:00,0.10999327731092437,A
Morgan Parker · Demo 38,,homeowner38@example.com,202-555-0100,HomeGuard Demo Agency,2026-09-15,Individual,,137 Example Lane,Sample City,PA,01037,Sample County,Owner-occupied,Yes,Detached single family,1,1971,4250,3,Frame,Basement,No,,No,19,No,No,,,1,Architectural shingle,Gable,Good,2025.0,1,No,DEMO-ONLY/38/roof_verification,Copper,Circuit breakers,,200,Copper,,1,Garage,Heat pump,,No,No,No,,No,Yes,Yes,None,None,No,No,No,3.9,650,,No,No,No,No,No,No,,40,1,X,,No,No,No,,HO-5,374211,400000,40000,240000,80000,100000,5000,2500,2,No,No,No,No,In force,No,Example Mutual (synthetic),,0,No,,0,0,0,0,,Verified,Verified,Verified,Verified,Verified,DEMO-ONLY/38/property_verification,DEMO-ONLY/38/claims_verification,DEMO-ONLY/38/hazard_verification,DEMO-ONLY/38/replacement_cost_verification,Synthetic evidence scenario,2026-09-15,,No,Yes,Yes,Yes,,DEMO-2026-00038,2,Demo portfolio,2026-08-30T12:00:00+00:00,0.0,A
Morgan Reed · Demo 39,,homeowner39@example.com,202-555-0100,HomeGuard Demo Agency,2026-09-15,Individual,,138 Example Lane,Sample City,RI,01038,Sample County,Owner-occupied,Yes,Detached single family,1,1960,3900,2,Solid masonry,Slab,No,,No,13,No,No,,,28,Architectural shingle,Mixed,Poor,,1,No,DEMO-ONLY/39/roof_verification,Copper,Circuit breakers,,200,Copper,,13,Garage,Heat pump,,No,No,No,,No,Yes,Yes,None,None,No,No,No,4.3,650,,No,No,No,No,No,No,,8,40,X,,No,No,No,,HO-5,291942,286000,28600,171600,57200,100000,5000,2500,2,No,No,No,No,In force,No,Example Mutual (synthetic),,0,No,,0,0,0,0,,Verified,Verified,Verified,Verified,Verified,DEMO-ONLY/39/property_verification,DEMO-ONLY/39/claims_verification,DEMO-ONLY/39/hazard_verification,DEMO-ONLY/39/replacement_cost_verification,Synthetic evidence scenario,2026-09-15,,No,Yes,Yes,Yes,,DEMO-2026-00039,2,Demo portfolio,2026-08-31T12:00:00+00:00,0.0,F
Taylor Hayes · Demo 40,,homeowner40@example.com,202-555-0100,HomeGuard Demo Agency,2026-09-15,Individual,,139 Example Lane,Sample City,SC,01039,Sample County,Owner-occupied,Yes,Detached single family,1,1977,4250,1,Frame,Slab,No,,No,15,No,No,,,12,Slate,Hip,Good,2014.0,1,No,DEMO-ONLY/40/roof_verification,Copper,Circuit breakers,,200,Copper,,5,Garage,Central gas,,No,No,No,,No,Yes,Yes,None,None,No,No,No,3.6,850,,No,No,No,No,No,No,,2,19,X,,No,No,No,,HO-5,341870,312000,31200,187200,62400,100000,5000,5000,2,No,No,No,No,In force,No,Example Mutual (synthetic),,0,No,,0,0,0,0,,Verified,Verified,Verified,Verified,Verified,DEMO-ONLY/40/property_verification,DEMO-ONLY/40/claims_verification,DEMO-ONLY/40/hazard_verification,DEMO-ONLY/40/replacement_cost_verification,Synthetic evidence scenario,2026-09-15,,No,Yes,Yes,Yes,,DEMO-2026-00040,2,Demo portfolio,2026-08-01T12:00:00+00:00,0.0,A
Casey Brooks · Demo 41,,homeowner41@example.com,202-555-0100,HomeGuard Demo Agency,2026-09-15,Individual,,140 Example Lane,Sample City,SD,01040,Sample County,Owner-occupied,Yes,Detached single family,1,1984,3350,3,Frame,Basement,No,,No,2,No,No,,,9,Metal,Mixed,Fair,2017.0,1,No,DEMO-ONLY/41/roof_verification,Copper,Circuit breakers,,200,Copper,,12,Garage,Heat pump,,No,No,No,,No,Yes,Yes,None,None,No,No,No,1.5,600,,No,No,No,No,No,No,,33,19,X,,No,No,No,,HO-5,1005575,1029000,102900,617400,205800,300000,5000,1000,2,No,No,No,No,In force,No,Example Mutual (synthetic),,0,No,,5,0,309062,0,"Synthetic loss-run example: 5 claim(s), 0 open; total paid $309,062. Not a real claims report.",Verified,Verified,Verified,Not checked,Verified,DEMO-ONLY/41/property_verification,DEMO-ONLY/41/claims_verification,,DEMO-ONLY/41/replacement_cost_verification,Synthetic evidence scenario,2026-09-15,,No,Yes,Yes,Yes,,DEMO-2026-00041,2,Demo portfolio,2026-08-02T12:00:00+00:00,0.30035179786200195,B
Alex Parker · Demo 42,,homeowner42@example.com,202-555-0100,HomeGuard Demo Agency,2026-09-15,Individual,,141 Example Lane,Sample City,TN,01041,Sample County,Owner-occupied,Yes,Detached single family,1,2017,3500,1,Solid masonry,Slab,No,,No,20,No,No,,,4,Metal,Mixed,Good,2022.0,1,No,DEMO-ONLY/42/roof_verification,Copper,Circuit breakers,,200,Copper,,11,Garage,Central gas,,No,No,No,,No,Yes,Yes,None,None,No,No,No,4.5,650,,No,No,No,No,No,No,,24,23,X,,No,No,No,,HO-3,228622,277000,27700,166200,55400,100000,5000,2500,2,No,No,No,No,In force,No,Example Mutual (synthetic),,0,No,,0,0,0,0,,Verified,Verified,Verified,Verified,Verified,DEMO-ONLY/42/property_verification,DEMO-ONLY/42/claims_verification,DEMO-ONLY/42/hazard_verification,DEMO-ONLY/42/replacement_cost_verification,Synthetic evidence scenario,2026-09-15,,No,Yes,Yes,Yes,,DEMO-2026-00042,2,Demo portfolio,2026-07-19T12:00:00+00:00,0.0,A
Jordan Brooks · Demo 43,,homeowner43@example.com,202-555-0100,HomeGuard Demo Agency,2026-09-15,Individual,,142 Example Lane,Sample City,TX,01042,Sample County,Owner-occupied,Yes,Detached single family,1,1963,3150,3,Frame,Basement,No,,No,9,Yes,No,,,18,Architectural shingle,Gable,Good,2008.0,1,No,DEMO-ONLY/43/roof_verification,Copper,Circuit breakers,,200,PEX / PVC / CPVC,,3,Garage,Central electric,,No,No,No,,No,Yes,Yes,None,None,No,No,No,0.7,850,,No,No,No,No,No,No,,11,12,X,,No,No,No,,HO-3,700328,719000,71900,431400,143800,300000,5000,5000,2,No,No,No,No,In force,No,Example Mutual (synthetic),,0,No,,0,0,0,0,,Verified,Verified,Verified,Verified,Verified,DEMO-ONLY/43/property_verification,DEMO-ONLY/43/claims_verification,DEMO-ONLY/43/hazard_verification,DEMO-ONLY/43/replacement_cost_verification,Synthetic evidence scenario,2026-09-15,,No,Yes,Yes,Yes,,DEMO-2026-00043,2,Demo portfolio,2026-09-13T12:00:00+00:00,0.0,B
Morgan Parker · Demo 44,,homeowner44@example.com,202-555-0100,HomeGuard Demo Agency,2026-09-15,Individual,,143 Example Lane,Sample City,UT,01043,Sample County,Owner-occupied,Yes,Detached single family,1,1995,4250,2,Frame,Slab,No,,No,11,No,No,,,5,Architectural shingle,Gable,Good,2021.0,1,No,DEMO-ONLY/44/roof_verification,Copper,Circuit breakers,,200,PEX / PVC / CPVC,,11,Garage,Central electric,,No,No,No,,No,Yes,Yes,None,None,No,No,No,3.8,200,,No,No,No,No,No,No,,6,35,X,,No,No,No,,HO-3,1170882,1187000,118700,712200,237400,300000,5000,2500,2,No,No,No,No,In force,No,Example Mutual (synthetic),,0,No,,0,0,0,0,,Verified,Verified,Verified,Verified,Verified,DEMO-ONLY/44/property_verification,DEMO-ONLY/44/claims_verification,DEMO-ONLY/44/hazard_verification,DEMO-ONLY/44/replacement_cost_verification,Synthetic evidence scenario,2026-09-15,,No,Yes,Yes,Yes,,DEMO-2026-00044,2,Demo portfolio,2026-09-15T12:00:00+00:00,0.0,A
Casey Lane · Demo 45,,homeowner45@example.com,202-555-0100,HomeGuard Demo Agency,2026-09-15,Individual,,144 Example Lane,Sample City,VT,01044,Sample County,Owner-occupied,Yes,Detached single family,1,1987,4700,2,Masonry veneer,Basement,No,,No,18,No,No,,,1,Slate,Hip,Fair,2025.0,1,No,DEMO-ONLY/45/roof_verification,Copper,Circuit breakers,,200,Copper,,5,Garage,Central electric,,No,No,No,,No,Yes,Yes,None,None,No,No,No,3.3,900,,No,No,No,No,No,No,,43,42,X,,No,No,No,,HO-3,1454979,1426000,142600,855600,285200,500000,5000,2500,2,No,No,No,No,In force,No,Example Mutual (synthetic),,0,No,,1,0,283844,0,"Synthetic loss-run example: 1 claim(s), 0 open; total paid $283,844. Not a real claims report.",Verified,Verified,Verified,Verified,Verified,DEMO-ONLY/45/property_verification,DEMO-ONLY/45/claims_verification,DEMO-ONLY/45/hazard_verification,DEMO-ONLY/45/replacement_cost_verification,Synthetic evidence scenario,2026-09-15,,No,Yes,Yes,Yes,,DEMO-2026-00045,2,Demo portfolio,2026-08-20T12:00:00+00:00,0.19904908835904628,A
Taylor Reed · Demo 46,,homeowner46@example.com,202-555-0100,HomeGuard Demo Agency,2026-09-15,Individual,,145 Example Lane,Sample City,VA,01045,Sample County,Owner-occupied,Yes,Detached single family,1,1984,2000,3,Masonry veneer,Slab,No,,No,15,No,No,,,18,Metal,Gable,Fair,2008.0,1,No,DEMO-ONLY/46/roof_verification,Copper,Circuit breakers,,200,PEX / PVC / CPVC,,3,Garage,Central gas,,No,No,No,,No,Yes,Yes,None,None,No,No,No,4.0,300,,No,No,No,No,No,No,,37,40,X,,No,No,No,,HO-5,1018303,1169000,116900,701400,233800,300000,5000,1000,2,No,No,No,No,In force,No,Example Mutual (synthetic),,0,No,,0,0,0,0,,Verified,Verified,Verified,Verified,Verified,DEMO-ONLY/46/property_verification,DEMO-ONLY/46/claims_verification,DEMO-ONLY/46/hazard_verification,DEMO-ONLY/46/replacement_cost_verification,Synthetic evidence scenario,2026-09-15,,No,Yes,Yes,Yes,,DEMO-2026-00046,2,Demo portfolio,2026-07-29T12:00:00+00:00,0.0,A
Morgan Hayes · Demo 47,,homeowner47@example.com,202-555-0100,HomeGuard Demo Agency,2026-09-15,Individual,,146 Example Lane,Sample City,WA,01046,Sample County,Owner-occupied,Yes,Detached single family,1,2023,3900,1,Masonry veneer,Basement,No,,No,14,No,No,,,3,Tile,Mixed,Fair,2023.0,1,No,DEMO-ONLY/47/roof_verification,Copper,Circuit breakers,,200,PEX / PVC / CPVC,,7,Garage,Central gas,,No,No,No,,No,Yes,Yes,None,None,No,No,No,0.5,950,,No,No,No,No,No,No,,39,27,X,,No,No,No,,HO-5,603751,538000,53800,322800,107600,500000,5000,2500,2,No,No,No,No,In force,No,Example Mutual (synthetic),,0,No,,0,0,0,0,,Verified,Verified,Verified,Verified,Verified,DEMO-ONLY/47/property_verification,DEMO-ONLY/47/claims_verification,DEMO-ONLY/47/hazard_verification,DEMO-ONLY/47/replacement_cost_verification,Synthetic evidence scenario,2026-09-15,,No,Yes,Yes,Yes,,DEMO-2026-00047,2,Demo portfolio,2026-08-29T12:00:00+00:00,0.0,A
Taylor Reed · Demo 48,,homeowner48@example.com,202-555-0100,HomeGuard Demo Agency,2026-09-15,Individual,,147 Example Lane,Sample City,WV,01047,Sample County,Owner-occupied,Yes,Detached single family,1,1983,3950,1,Solid masonry,Slab,No,,No,1,No,No,,,3,Architectural shingle,Hip,Good,2023.0,1,No,DEMO-ONLY/48/roof_verification,Copper,Circuit breakers,,200,PEX / PVC / CPVC,,11,Garage,Central gas,,No,No,No,,No,Yes,Yes,None,None,No,No,No,0.1,550,,No,No,No,No,No,No,,0,24,X,,No,No,No,,HO-5,805305,710000,71000,426000,142000,300000,5000,1000,2,No,No,No,No,In force,No,Example Mutual (synthetic),,0,No,,0,0,0,0,,Verified,Verified,Verified,Verified,Verified,DEMO-ONLY/48/property_verification,DEMO-ONLY/48/claims_verification,DEMO-ONLY/48/hazard_verification,DEMO-ONLY/48/replacement_cost_verification,Synthetic evidence scenario,2026-09-15,,No,Yes,Yes,Yes,,DEMO-2026-00048,2,Demo portfolio,2026-09-10T12:00:00+00:00,0.0,A
Sam Lane · Demo 49,,homeowner49@example.com,202-555-0100,HomeGuard Demo Agency,2026-09-15,Individual,,148 Example Lane,Sample City,WI,01048,Sample County,Owner-occupied,Yes,Detached single family,1,1981,4800,1,Solid masonry,Crawl space,No,,No,4,No,No,,,10,Architectural shingle,Hip,Fair,2016.0,1,No,DEMO-ONLY/49/roof_verification,Copper,Circuit breakers,,200,PEX / PVC / CPVC,,3,Garage,Central electric,,No,No,No,,No,Yes,Yes,None,None,No,No,No,3.1,800,,No,No,No,No,No,No,,6,25,X,,No,No,No,,HO-5,455849,499000,49900,299400,99800,500000,5000,1000,2,No,No,No,No,In force,No,Example Mutual (synthetic),,0,No,,1,0,6014,0,"Synthetic loss-run example: 1 claim(s), 0 open; total paid $6,014. Not a real claims report.",Verified,Verified,Verified,Verified,Verified,DEMO-ONLY/49/property_verification,DEMO-ONLY/49/claims_verification,DEMO-ONLY/49/hazard_verification,DEMO-ONLY/49/replacement_cost_verification,Synthetic evidence scenario,2026-09-15,,No,Yes,Yes,Yes,,DEMO-2026-00049,2,Demo portfolio,2026-08-07T12:00:00+00:00,0.012052104208416833,A
Casey Parker · Demo 50,,homeowner50@example.com,202-555-0100,HomeGuard Demo Agency,2026-09-15,Individual,,149 Example Lane,Sample City,WY,01049,Sample County,Owner-occupied,Yes,Detached single family,1,1998,4000,3,Masonry veneer,Basement,No,,Yes,19,No,No,,,7,Slate,Gable,Fair,2019.0,1,No,DEMO-ONLY/50/roof_verification,Copper,Circuit breakers,,200,Copper,,8,Garage,Central electric,,No,No,No,,No,Yes,Yes,None,None,No,No,No,3.3,550,,No,No,No,No,No,No,,8,44,X,,No,No,No,,HO-3,1566434,1412000,141200,847200,282400,300000,5000,1000,2,No,No,No,No,In force,No,Example Mutual (synthetic),,0,No,,0,0,0,0,,Verified,Verified,Verified,Verified,Verified,DEMO-ONLY/50/property_verification,DEMO-ONLY/50/claims_verification,DEMO-ONLY/50/hazard_verification,DEMO-ONLY/50/replacement_cost_verification,Synthetic evidence scenario,2026-09-15,,No,Yes,Yes,Yes,,DEMO-2026-00050,2,Demo portfolio,2026-08-11T12:00:00+00:00,0.0,B
Sam Hayes · Demo 51,,homeowner51@example.com,202-555-0100,HomeGuard Demo Agency,2026-09-15,Individual,,150 Example Lane,Sample City,DC,01050,Sample County,Owner-occupied,Yes,Detached single family,1,2008,2850,3,Solid masonry,Basement,No,,No,13,No,No,,,17,Architectural shingle,Hip,Good,2009.0,1,No,DEMO-ONLY/51/roof_verification,Copper,Circuit breakers,,200,Copper,,14,Garage,Central gas,,No,No,No,,No,Yes,Yes,None,None,No,No,No,3.5,650,,No,No,No,No,No,No,,49,35,X,,No,No,No,,HO-5,1368045,1424000,142400,854400,284800,500000,5000,5000,2,No,No,No,No,In force,No,Example Mutual (synthetic),,0,No,,0,0,0,0,,Verified,Verified,Verified,Not checked,Verified,DEMO-ONLY/51/property_verification,DEMO-ONLY/51/claims_verification,,DEMO-ONLY/51/replacement_cost_verification,Synthetic evidence scenario,2026-09-15,,No,Yes,Yes,Yes,,DEMO-2026-00051,2,Demo portfolio,2026-07-24T12:00:00+00:00,0.0,B
Alex Brooks · Demo 52,,homeowner52@example.com,202-555-0100,HomeGuard Demo Agency,2026-09-15,Individual,,151 Example Lane,Sample City,AL,01051,Sample County,Owner-occupied,Yes,Detached single family,1,1997,2350,1,Solid masonry,Basement,No,,No,16,No,No,,,5,Architectural shingle,Gable,Fair,2021.0,1,No,DEMO-ONLY/52/roof_verification,Copper,Circuit breakers,,200,PEX / PVC / CPVC,,7,Garage,Central gas,,No,No,No,,No,Yes,Yes,None,None,No,No,No,3.0,850,,No,No,No,No,No,No,,8,4,X,,No,No,No,,HO-5,628067,606000,60600,363600,121200,100000,5000,5000,2,No,No,No,No,In force,No,Example Mutual (synthetic),,0,No,,1,0,672380,0,"Synthetic loss-run example: 1 claim(s), 0 open; total paid $672,380. Not a real claims report.",Verified,Verified,Verified,Verified,Verified,DEMO-ONLY/52/property_verification,DEMO-ONLY/52/claims_verification,DEMO-ONLY/52/hazard_verification,DEMO-ONLY/52/replacement_cost_verification,Synthetic evidence scenario,2026-09-15,,No,Yes,Yes,Yes,,DEMO-2026-00052,2,Demo portfolio,2026-09-05T12:00:00+00:00,1.1095379537953796,F
Taylor Ellis · Demo 53,,homeowner53@example.com,202-555-0100,HomeGuard Demo Agency,2026-09-15,Individual,,152 Example Lane,Sample City,AK,01052,Sample County,Owner-occupied,Yes,Detached single family,1,1958,3300,1,Masonry veneer,Basement,No,,No,13,No,No,,,12,Metal,Gable,Good,2014.0,1,No,DEMO-ONLY/53/roof_verification,Copper,Circuit breakers,,200,Copper,,14,Garage,Central gas,,No,No,No,,No,Yes,Yes,None,None,No,No,No,3.1,700,,No,No,No,No,No,No,,31,35,X,,No,No,No,,HO-5,884966,1062000,106200,637200,212400,300000,5000,5000,2,No,No,No,No,In force,No,Example Mutual (synthetic),,0,Yes,,0,0,0,0,,Verified,Verified,Verified,Verified,Verified,DEMO-ONLY/53/property_verification,DEMO-ONLY/53/claims_verification,DEMO-ONLY/53/hazard_verification,DEMO-ONLY/53/replacement_cost_verification,Synthetic evidence scenario,2026-09-15,,No,Yes,Yes,Yes,,DEMO-2026-00053,2,Demo portfolio,2026-08-02T12:00:00+00:00,0.0,B
Sam Parker · Demo 54,,homeowner54@example.com,202-555-0100,HomeGuard Demo Agency,2026-09-15,Individual,,153 Example Lane,Sample City,AZ,01053,Sample County,Owner-occupied,Yes,Detached single family,1,1984,2450,2,Masonry veneer,Slab,No,,No,19,No,No,,,4,Tile,Hip,Good,2022.0,1,No,DEMO-ONLY/54/roof_verification,Copper,Fuses,,200,Copper,,9,Garage,Heat pump,,No,No,No,,No,Yes,Yes,None,None,No,No,No,3.2,650,,No,No,No,No,No,No,,40,32,X,,No,No,No,,HO-5,282083,288000,28800,172800,57600,100000,5000,1000,2,No,No,No,No,In force,No,Example Mutual (synthetic),,0,No,,0,0,0,0,,Verified,Verified,Verified,Verified,Verified,DEMO-ONLY/54/property_verification,DEMO-ONLY/54/claims_verification,DEMO-ONLY/54/hazard_verification,DEMO-ONLY/54/replacement_cost_verification,Synthetic evidence scenario,2026-09-15,,No,Yes,Yes,Yes,,DEMO-2026-00054,2,Demo portfolio,2026-09-03T12:00:00+00:00,0.0,B
Jordan Lane · Demo 55,,homeowner55@example.com,202-555-0100,HomeGuard Demo Agency,2026-09-15,Individual,,154 Example Lane,Sample City,AR,01054,Sample County,Owner-occupied,Yes,Detached single family,1,1998,4550,3,Frame,Basement,No,,No,1,No,No,,,1,Tile,Hip,Good,2025.0,1,No,DEMO-ONLY/55/roof_verification,Copper,Circuit breakers,,200,PEX / PVC / CPVC,,1,Garage,Central electric,,No,No,No,,No,Yes,Yes,None,None,No,No,No,3.6,100,,No,No,No,No,No,No,,7,28,X,,No,No,No,,HO-5,602343,554000,55400,332400,110800,300000,5000,1000,2,No,No,No,No,In force,No,Example Mutual (synthetic),,0,No,,0,0,0,0,,Verified,Verified,Verified,Verified,Verified,DEMO-ONLY/55/property_verification,DEMO-ONLY/55/claims_verification,DEMO-ONLY/55/hazard_verification,DEMO-ONLY/55/replacement_cost_verification,Synthetic evidence scenario,2026-09-15,,No,Yes,Yes,Yes,,DEMO-2026-00055,2,Demo portfolio,2026-08-11T12:00:00+00:00,0.0,A
Morgan Parker · Demo 56,,homeowner56@example.com,202-555-0100,HomeGuard Demo Agency,2026-09-15,Individual,,155 Example Lane,Sample City,CA,01055,Sample County,Owner-occupied,Yes,Detached single family,1,1976,1750,1,Masonry veneer,Crawl space,No,,No,11,No,No,,,10,Slate,Mixed,Good,2016.0,1,No,DEMO-ONLY/56/roof_verification,Copper,Circuit breakers,,200,PEX / PVC / CPVC,,10,Garage,Heat pump,,No,No,No,,No,Yes,Yes,None,None,No,No,No,0.5,850,,No,No,No,No,No,No,,17,25,X,,No,No,No,,HO-5,897564,902000,90200,541200,180400,100000,5000,1000,2,No,No,No,No,In force,No,Example Mutual (synthetic),,0,No,,0,0,0,0,,Verified,Verified,Verified,Verified,Verified,DEMO-ONLY/56/property_verification,DEMO-ONLY/56/claims_verification,DEMO-ONLY/56/hazard_verification,DEMO-ONLY/56/replacement_cost_verification,Synthetic evidence scenario,2026-09-15,,No,Yes,Yes,Yes,,DEMO-2026-00056,2,Demo portfolio,2026-08-10T12:00:00+00:00,0.0,A
Morgan Reed · Demo 57,,homeowner57@example.com,202-555-0100,HomeGuard Demo Agency,2026-09-15,Individual,,156 Example Lane,Sample City,CO,01056,Sample County,Owner-occupied,Yes,Detached single family,1,1985,3100,1,Frame,Crawl space,No,,No,12,No,No,,,7,Tile,Hip,Fair,2019.0,1,No,DEMO-ONLY/57/roof_verification,Copper,Circuit breakers,,200,Copper,,12,Garage,Heat pump,,No,No,No,,No,Yes,Yes,None,None,No,No,No,1.7,450,,Yes,Yes,No,No,No,No,,35,8,X,,No,No,No,,HO-3,1287864,1327000,132700,796200,265400,500000,5000,2500,2,No,No,No,No,In force,No,Example Mutual (synthetic),,0,No,,1,0,264281,0,"Synthetic loss-run example: 1 claim(s), 0 open; total paid $264,281. Not a real claims report.",Verified,Verified,Verified,Verified,Verified,DEMO-ONLY/57/property_verification,DEMO-ONLY/57/claims_verification,DEMO-ONLY/57/hazard_verification,DEMO-ONLY/57/replacement_cost_verification,Synthetic evidence scenario,2026-09-15,,No,Yes,Yes,Yes,,DEMO-2026-00057,2,Demo portfolio,2026-08-19T12:00:00+00:00,0.1991567445365486,A
Taylor Hayes · Demo 58,,homeowner58@example.com,202-555-0100,HomeGuard Demo Agency,2026-09-15,Individual,,157 Example Lane,Sample City,CT,01057,Sample County,Owner-occupied,Yes,Detached single family,1,1974,1400,3,Masonry veneer,Crawl space,No,,No,16,No,No,,,4,Metal,Hip,Fair,2022.0,1,No,DEMO-ONLY/58/roof_verification,Copper,Circuit breakers,,200,Copper,,5,Garage,Central gas,,No,No,No,,No,Yes,Yes,None,None,No,No,No,1.8,100,,No,No,No,No,No,No,,32,41,X,,No,No,No,,HO-3,1056155,975000,97500,585000,195000,300000,5000,1000,2,No,No,No,No,In force,No,Example Mutual (synthetic),,0,No,,0,0,0,0,,Verified,Verified,Verified,Verified,Verified,DEMO-ONLY/58/property_verification,DEMO-ONLY/58/claims_verification,DEMO-ONLY/58/hazard_verification,DEMO-ONLY/58/replacement_cost_verification,Synthetic evidence scenario,2026-09-15,,No,Yes,Yes,Yes,,DEMO-2026-00058,2,Demo portfolio,2026-08-29T12:00:00+00:00,0.0,A
Taylor Hayes · Demo 59,,homeowner59@example.com,202-555-0100,HomeGuard Demo Agency,2026-09-15,Individual,,158 Example Lane,Sample City,DE,01058,Sample County,Owner-occupied,Yes,Detached single family,1,1993,3900,2,Frame,Slab,No,,No,70,No,No,,,11,Metal,Gable,Fair,2015.0,1,No,DEMO-ONLY/59/roof_verification,Copper,Circuit breakers,,200,Copper,,7,Garage,Central gas,,No,No,No,,No,Yes,Yes,None,None,No,No,No,1.9,950,,No,No,No,No,No,No,,18,41,X,,No,No,No,,HO-3,1327242,1403000,140300,841800,280600,300000,5000,2500,2,No,No,No,No,In force,No,Example Mutual (synthetic),,0,No,,0,0,0,0,,Verified,Verified,Verified,Verified,Verified,DEMO-ONLY/59/property_verification,DEMO-ONLY/59/claims_verification,DEMO-ONLY/59/hazard_verification,DEMO-ONLY/59/replacement_cost_verification,Synthetic evidence scenario,2026-09-15,,No,Yes,Yes,Yes,,DEMO-2026-00059,2,Demo portfolio,2026-09-01T12:00:00+00:00,0.0,B
Taylor Hayes · Demo 60,,homeowner60@example.com,202-555-0100,HomeGuard Demo Agency,2026-09-15,Individual,,159 Example Lane,Sample City,FL,01059,Sample County,Owner-occupied,Yes,Detached single family,1,1954,4950,1,Frame,Crawl space,No,,No,11,No,No,,,10,Slate,Mixed,Fair,2016.0,1,No,DEMO-ONLY/60/roof_verification,Copper,Circuit breakers,,200,PEX / PVC / CPVC,,12,Garage,Central gas,,No,No,No,,No,Yes,Yes,None,None,No,No,No,0.2,350,,No,No,No,No,No,No,,45,47,X,,No,No,No,,HO-3,1442603,1340000,134000,804000,268000,100000,5000,2500,2,No,No,No,No,In force,No,Example Mutual (synthetic),,0,No,,0,0,0,0,,Verified,Verified,Verified,Verified,Verified,DEMO-ONLY/60/property_verification,DEMO-ONLY/60/claims_verification,DEMO-ONLY/60/hazard_verification,DEMO-ONLY/60/replacement_cost_verification,Synthetic evidence scenario,2026-09-15,,No,Yes,Yes,Yes,,DEMO-2026-00060,2,Demo portfolio,2026-08-03T12:00:00+00:00,0.0,A
Morgan Lane · Demo 61,,homeowner61@example.com,202-555-0100,HomeGuard Demo Agency,2026-09-15,Individual,,160 Example Lane,Sample City,GA,01060,Sample County,Owner-occupied,Yes,Detached single family,1,1994,1600,3,Masonry veneer,Crawl space,No,,No,17,No,No,,,4,Tile,Gable,Good,2022.0,1,No,DEMO-ONLY/61/roof_verification,Copper,Circuit breakers,,200,Copper,,11,Garage,Central electric,,No,No,No,,No,Yes,Yes,None,None,No,No,No,2.2,350,,Yes,Yes,Yes,No,No,No,,41,13,X,,No,No,No,,HO-3,440717,447000,44700,268200,89400,500000,5000,2500,2,No,No,No,No,In force,No,Example Mutual (synthetic),,0,No,,0,0,0,0,,Verified,Verified,Verified,Not checked,Verified,DEMO-ONLY/61/property_verification,DEMO-ONLY/61/claims_verification,,DEMO-ONLY/61/replacement_cost_verification,Synthetic evidence scenario,2026-09-15,,No,Yes,Yes,Yes,,DEMO-2026-00061,2,Demo portfolio,2026-08-13T12:00:00+00:00,0.0,B
Taylor Lane · Demo 62,,homeowner62@example.com,202-555-0100,HomeGuard Demo Agency,2026-09-15,Individual,,161 Example Lane,Sample City,HI,01061,Sample County,Owner-occupied,Yes,Detached single family,1,1971,4550,2,Solid masonry,Basement,No,,No,14,No,No,,,1,Architectural shingle,Mixed,Good,2025.0,1,No,DEMO-ONLY/62/roof_verification,Copper,Circuit breakers,,200,PEX / PVC / CPVC,,14,Garage,Central gas,,No,No,No,,No,Yes,Yes,None,None,No,No,No,2.4,900,,No,No,No,No,No,No,,42,5,X,,No,No,No,,HO-5,335874,296000,29600,177600,59200,300000,5000,1000,2,No,No,No,No,In force,No,Example Mutual (synthetic),,0,No,,0,0,0,0,,Verified,Verified,Verified,Verified,Verified,DEMO-ONLY/62/property_verification,DEMO-ONLY/62/claims_verification,DEMO-ONLY/62/hazard_verification,DEMO-ONLY/62/replacement_cost_verification,Synthetic evidence scenario,2026-09-15,,No,Yes,Yes,Yes,,DEMO-2026-00062,2,Demo portfolio,2026-07-19T12:00:00+00:00,0.0,A
Jordan Lane · Demo 63,,homeowner63@example.com,202-555-0100,HomeGuard Demo Agency,2026-09-15,Individual,,162 Example Lane,Sample City,ID,01062,Sample County,Owner-occupied,Yes,Detached single family,1,1980,1800,1,Frame,Crawl space,No,,No,19,No,No,,,25,Slate,Gable,Good,,1,No,DEMO-ONLY/63/roof_verification,Copper,Circuit breakers,,200,Copper,,6,Garage,Central electric,,No,No,No,,No,Yes,Yes,None,None,No,No,No,3.5,700,,No,No,No,No,No,No,,5,27,X,,No,No,No,,HO-3,815487,734000,73400,440400,146800,500000,5000,5000,2,No,No,No,No,In force,No,Example Mutual (synthetic),,0,No,,0,0,0,0,,Verified,Verified,Verified,Verified,Verified,DEMO-ONLY/63/property_verification,DEMO-ONLY/63/claims_verification,DEMO-ONLY/63/hazard_verification,DEMO-ONLY/63/replacement_cost_verification,Synthetic evidence scenario,2026-09-15,,No,Yes,Yes,Yes,,DEMO-2026-00063,2,Demo portfolio,2026-08-11T12:00:00+00:00,0.0,B
Sam Lane · Demo 64,,homeowner64@example.com,202-555-0100,HomeGuard Demo Agency,2026-09-15,Individual,,163 Example Lane,Sample City,IL,01063,Sample County,Owner-occupied,Yes,Detached single family,1,1960,3600,2,Masonry veneer,Crawl space,No,,No,2,No,No,,,28,Slate,Mixed,Poor,,1,No,DEMO-ONLY/64/roof_verification,Copper,Circuit breakers,,200,PEX / PVC / CPVC,,2,Garage,Central gas,,No,No,No,,No,Yes,Yes,None,None,No,No,No,4.3,350,,No,No,No,No,No,No,,49,32,X,,No,No,No,,HO-5,1240305,1365000,136500,819000,273000,100000,5000,2500,2,No,No,No,No,In force,No,Example Mutual (synthetic),,0,No,,0,0,0,0,,Verified,Verified,Verified,Verified,Verified,DEMO-ONLY/64/property_verification,DEMO-ONLY/64/claims_verification,DEMO-ONLY/64/hazard_verification,DEMO-ONLY/64/replacement_cost_verification,Synthetic evidence scenario,2026-09-15,,No,Yes,Yes,Yes,,DEMO-2026-00064,2,Demo portfolio,2026-08-11T12:00:00+00:00,0.0,F
Alex Brooks · Demo 65,,homeowner65@example.com,202-555-0100,HomeGuard Demo Agency,2026-09-15,Individual,,164 Example Lane,Sample City,IN,01064,Sample County,Owner-occupied,Yes,Detached single family,1,1987,4450,1,Frame,Crawl space,No,,No,11,No,No,,,16,Tile,Hip,Good,2010.0,1,No,DEMO-ONLY/65/roof_verification,Copper,Circuit breakers,,200,Copper,,4,Garage,Heat pump,,No,No,No,,No,Yes,Yes,None,None,No,No,No,3.7,700,,No,No,No,No,No,No,,24,85,X,,No,No,No,,HO-3,1127557,1294000,129400,776400,258800,500000,5000,5000,2,No,No,No,No,In force,No,Example Mutual (synthetic),,0,No,,0,0,0,0,,Verified,Verified,Verified,Verified,Verified,DEMO-ONLY/65/property_verification,DEMO-ONLY/65/claims_verification,DEMO-ONLY/65/hazard_verification,DEMO-ONLY/65/replacement_cost_verification,Synthetic evidence scenario,2026-09-15,,No,Yes,Yes,Yes,,DEMO-2026-00065,2,Demo portfolio,2026-08-12T12:00:00+00:00,0.0,F
Sam Hayes · Demo 66,,homeowner66@example.com,202-555-0100,HomeGuard Demo Agency,2026-09-15,Individual,,165 Example Lane,Sample City,IA,01065,Sample County,Owner-occupied,Yes,Detached single family,1,2018,5300,2,Masonry veneer,Slab,No,,No,8,No,No,,,2,Slate,Hip,Fair,2024.0,1,No,DEMO-ONLY/66/roof_verification,Copper,Circuit breakers,,200,Copper,,6,Garage,Heat pump,,No,No,No,,No,Yes,Yes,None,None,No,No,No,0.2,900,,No,No,No,No,No,No,,19,2,X,,No,No,No,,HO-3,1412393,1305000,130500,783000,261000,300000,5000,1000,2,No,No,No,No,In force,No,Example Mutual (synthetic),,0,No,,3,0,212806,0,"Synthetic loss-run example: 3 claim(s), 0 open; total paid $212,806. Not a real claims report.",Verified,Verified,Verified,Verified,Verified,DEMO-ONLY/66/property_verification,DEMO-ONLY/66/claims_verification,DEMO-ONLY/66/hazard_verification,DEMO-ONLY/66/replacement_cost_verification,Synthetic evidence scenario,2026-09-15,,No,Yes,Yes,Yes,,DEMO-2026-00066,2,Demo portfolio,2026-09-04T12:00:00+00:00,0.16306973180076628,F
Casey Reed · Demo 67,,homeowner67@example.com,202-555-0100,HomeGuard Demo Agency,2026-09-15,Individual,,166 Example Lane,Sample City,KS,01066,Sample County,Owner-occupied,Yes,Detached single family,1,1969,1650,1,Frame,Crawl space,No,,No,1,No,No,,,5,Tile,Hip,Fair,2021.0,1,No,DEMO-ONLY/67/roof_verification,Copper,Circuit breakers,,200,PEX / PVC / CPVC,,4,Garage,Central electric,,No,No,No,,No,Yes,Yes,None,None,No,No,No,1.8,900,,No,No,No,No,No,No,,48,26,X,,No,No,No,,HO-3,449097,490000,49000,294000,98000,500000,5000,2500,2,No,No,No,No,In force,No,Example Mutual (synthetic),,0,No,,0,0,0,0,,Verified,Verified,Verified,Verified,Verified,DEMO-ONLY/67/property_verification,DEMO-ONLY/67/claims_verification,DEMO-ONLY/67/hazard_verification,DEMO-ONLY/67/replacement_cost_verification,Synthetic evidence scenario,2026-09-15,,No,Yes,Yes,Yes,,DEMO-2026-00067,2,Demo portfolio,2026-08-24T12:00:00+00:00,0.0,A
Morgan Lane · Demo 68,,homeowner68@example.com,202-555-0100,HomeGuard Demo Agency,2026-09-15,Individual,,167 Example Lane,Sample City,KY,01067,Sample County,Owner-occupied,Yes,Detached single family,1,1978,5100,1,Frame,Basement,No,,No,3,No,No,,,2,Architectural shingle,Mixed,Fair,2024.0,1,No,DEMO-ONLY/68/roof_verification,Copper,Circuit breakers,,200,Copper,,2,Garage,Central gas,,No,No,No,,No,Yes,Yes,None,None,No,No,No,3.4,700,,No,No,No,No,No,No,,35,25,X,,No,No,No,,HO-3,614397,733000,73300,439800,146600,100000,5000,2500,2,No,No,No,No,In force,No,Example Mutual (synthetic),,0,No,,0,0,0,0,,Verified,Verified,Verified,Verified,Verified,DEMO-ONLY/68/property_verification,DEMO-ONLY/68/claims_verification,DEMO-ONLY/68/hazard_verification,DEMO-ONLY/68/replacement_cost_verification,Synthetic evidence scenario,2026-09-15,,No,Yes,Yes,Yes,,DEMO-2026-00068,2,Demo portfolio,2026-07-26T12:00:00+00:00,0.0,A
Sam Brooks · Demo 69,,homeowner69@example.com,202-555-0100,HomeGuard Demo Agency,2026-09-15,Individual,,168 Example Lane,Sample City,LA,01068,Sample County,Owner-occupied,Yes,Detached single family,1,1967,2850,2,Frame,Basement,No,,No,0,No,No,,,3,Metal,Mixed,Fair,2023.0,1,No,DEMO-ONLY/69/roof_verification,Copper,Circuit breakers,,200,Copper,,12,Garage,Central electric,,No,No,No,,No,Yes,Yes,None,None,No,No,No,1.3,500,,No,No,No,No,No,No,,39,9,X,,No,No,No,,HO-3,1501168,1420000,142000,852000,284000,300000,5000,2500,2,No,No,No,No,In force,No,Example Mutual (synthetic),,0,No,,1,0,85235,0,"Synthetic loss-run example: 1 claim(s), 0 open; total paid $85,235. Not a real claims report.",Verified,Verified,Verified,Verified,Verified,DEMO-ONLY/69/property_verification,DEMO-ONLY/69/claims_verification,DEMO-ONLY/69/hazard_verification,DEMO-ONLY/69/replacement_cost_verification,Synthetic evidence scenario,2026-09-15,,No,Yes,Yes,Yes,,DEMO-2026-00069,2,Demo portfolio,2026-07-26T12:00:00+00:00,0.060024647887323944,A
Sam Hayes · Demo 70,,homeowner70@example.com,202-555-0100,HomeGuard Demo Agency,2026-09-15,Individual,,169 Example Lane,Sample City,ME,01069,Sample County,Owner-occupied,Yes,Detached single family,1,1994,1950,3,Solid masonry,Slab,No,,No,6,No,No,,,18,Metal,Hip,Good,2008.0,1,No,DEMO-ONLY/70/roof_verification,Copper,Circuit breakers,,200,Copper,,4,Garage,Heat pump,,No,No,No,,No,Yes,Yes,None,None,No,No,No,0.5,850,,No,No,No,No,No,No,,35,9,X,,No,No,No,,HO-5,964016,1006000,100600,603600,201200,500000,5000,5000,2,No,No,No,No,In force,No,Example Mutual (synthetic),,0,No,,0,0,0,0,,Verified,Verified,Verified,Verified,Verified,DEMO-ONLY/70/property_verification,DEMO-ONLY/70/claims_verification,DEMO-ONLY/70/hazard_verification,DEMO-ONLY/70/replacement_cost_verification,Synthetic evidence scenario,2026-09-15,,No,Yes,Yes,Yes,,DEMO-2026-00070,2,Demo portfolio,2026-07-28T12:00:00+00:00,0.0,A
Jordan Hayes · Demo 71,,homeowner71@example.com,202-555-0100,HomeGuard Demo Agency,2026-09-15,Individual,,170 Example Lane,Sample City,MD,01070,Sample County,Owner-occupied,Yes,Detached single family,1,1984,4800,3,Frame,Slab,No,,No,0,No,No,,,4,Tile,Hip,Good,2022.0,1,No,DEMO-ONLY/71/roof_verification,Copper,Circuit breakers,,200,PEX / PVC / CPVC,,3,Garage,Central gas,,No,No,No,,No,Yes,Yes,None,None,No,No,No,2.9,100,,Yes,Yes,No,No,No,No,,7,41,X,,No,No,No,,HO-3,1339378,1461000,146100,876600,292200,100000,5000,5000,2,No,No,No,No,In force,No,Example Mutual (synthetic),,0,No,,0,0,0,0,,Verified,Verified,Verified,Not checked,Verified,DEMO-ONLY/71/property_verification,DEMO-ONLY/71/claims_verification,,DEMO-ONLY/71/replacement_cost_verification,Synthetic evidence scenario,2026-09-15,,No,Yes,Yes,Yes,,DEMO-2026-00071,2,Demo portfolio,2026-07-21T12:00:00+00:00,0.0,B
Morgan Hayes · Demo 72,,homeowner72@example.com,202-555-0100,HomeGuard Demo Agency,2026-09-15,Individual,,171 Example Lane,Sample City,MA,01071,Sample County,Owner-occupied,Yes,Detached single family,1,1978,3000,3,Frame,Slab,No,,No,8,No,No,,,14,Slate,Mixed,Fair,2012.0,1,No,DEMO-ONLY/72/roof_verification,Copper,Circuit breakers,,200,PEX / PVC / CPVC,,12,Garage,Central gas,,No,No,No,,No,Yes,Yes,None,None,No,No,No,1.2,250,,No,No,No,No,No,No,,28,28,X,,No,No,No,,HO-5,466076,566000,56600,339600,113200,500000,5000,5000,2,No,No,No,No,In force,No,Example Mutual (synthetic),,0,No,,0,0,0,0,,Verified,Verified,Verified,Verified,Verified,DEMO-ONLY/72/property_verification,DEMO-ONLY/72/claims_verification,DEMO-ONLY/72/hazard_verification,DEMO-ONLY/72/replacement_cost_verification,Synthetic evidence scenario,2026-09-15,,No,Yes,Yes,Yes,,DEMO-2026-00072,2,Demo portfolio,2026-09-03T12:00:00+00:00,0.0,A
Casey Hayes · Demo 73,,homeowner73@example.com,202-555-0100,HomeGuard Demo Agency,2026-09-15,Individual,,172 Example Lane,Sample City,MI,01072,Sample County,Owner-occupied,Yes,Detached single family,1,1979,4650,1,Solid masonry,Crawl space,No,,No,9,No,No,,,4,Metal,Hip,Good,2022.0,1,No,DEMO-ONLY/73/roof_verification,Copper,Circuit breakers,,200,Copper,,12,Garage,Heat pump,,No,No,No,,No,Yes,Yes,None,None,No,No,No,4.7,100,,No,No,No,No,No,No,,28,30,X,,No,No,No,,HO-3,1047371,946000,94600,567600,189200,500000,5000,1000,2,No,No,No,No,In force,No,Example Mutual (synthetic),,0,No,,1,0,85057,0,"Synthetic loss-run example: 1 claim(s), 0 open; total paid $85,057. Not a real claims report.",Verified,Verified,Verified,Verified,Verified,DEMO-ONLY/73/property_verification,DEMO-ONLY/73/claims_verification,DEMO-ONLY/73/hazard_verification,DEMO-ONLY/73/replacement_cost_verification,Synthetic evidence scenario,2026-09-15,,No,Yes,Yes,Yes,,DEMO-2026-00073,2,Demo portfolio,2026-08-21T12:00:00+00:00,0.08991226215644821,A
Morgan Reed · Demo 74,,homeowner74@example.com,202-555-0100,HomeGuard Demo Agency,2026-09-15,Individual,,173 Example Lane,Sample City,MN,01073,Sample County,Owner-occupied,Yes,Detached single family,1,2008,1700,1,Masonry veneer,Basement,No,,No,15,Yes,No,,,9,Slate,Hip,Good,2017.0,1,No,DEMO-ONLY/74/roof_verification,Copper,Circuit breakers,,200,PEX / PVC / CPVC,,1,Garage,Heat pump,,No,No,No,,No,Yes,Yes,None,None,No,No,No,1.6,650,,No,No,No,No,No,No,,29,37,X,,No,No,No,,HO-5,376472,367000,36700,220200,73400,500000,5000,2500,2,No,No,No,No,In force,No,Example Mutual (synthetic),,0,No,,0,0,0,0,,Verified,Verified,Verified,Verified,Verified,DEMO-ONLY/74/property_verification,DEMO-ONLY/74/claims_verification,DEMO-ONLY/74/hazard_verification,DEMO-ONLY/74/replacement_cost_verification,Synthetic evidence scenario,2026-09-15,,No,Yes,Yes,Yes,,DEMO-2026-00074,2,Demo portfolio,2026-09-08T12:00:00+00:00,0.0,B
Sam Parker · Demo 75,,homeowner75@example.com,202-555-0100,HomeGuard Demo Agency,2026-09-15,Individual,,174 Example Lane,Sample City,MS,01074,Sample County,Owner-occupied,Yes,Detached single family,1,1989,2900,2,Masonry veneer,Crawl space,No,,No,7,No,No,,,3,Architectural shingle,Gable,Good,2023.0,1,No,DEMO-ONLY/75/roof_verification,Copper,Circuit breakers,,200,Copper,,6,Garage,Central gas,,No,No,No,,No,Yes,Yes,None,None,No,No,No,1.6,850,,No,No,No,No,No,No,,47,34,X,,No,No,No,,HO-5,1184210,1331000,133100,798600,266200,300000,5000,2500,2,No,No,No,No,In force,No,Example Mutual (synthetic),,0,No,,0,0,0,0,,Verified,Verified,Verified,Verified,Verified,DEMO-ONLY/75/property_verification,DEMO-ONLY/75/claims_verification,DEMO-ONLY/75/hazard_verification,DEMO-ONLY/75/replacement_cost_verification,Synthetic evidence scenario,2026-09-15,,No,Yes,Yes,Yes,,DEMO-2026-00075,2,Demo portfolio,2026-09-03T12:00:00+00:00,0.0,A
Sam Lane · Demo 76,,homeowner76@example.com,202-555-0100,HomeGuard Demo Agency,2026-09-15,Individual,,175 Example Lane,Sample City,MO,01075,Sample County,Owner-occupied,Yes,Detached single family,1,2004,3600,3,Solid masonry,Crawl space,No,,No,9,No,No,,,7,Architectural shingle,Gable,Good,2019.0,1,No,DEMO-ONLY/76/roof_verification,Copper,Circuit breakers,,200,Copper,,10,Garage,Central gas,,No,No,No,,No,Yes,Yes,None,None,No,No,No,2.0,750,,No,No,No,No,No,No,,21,18,X,,No,No,No,,HO-5,1462338,1335000,133500,801000,267000,500000,5000,1000,2,No,No,No,No,In force,No,Example Mutual (synthetic),,0,No,,0,0,0,0,,Verified,Verified,Verified,Verified,Verified,DEMO-ONLY/76/property_verification,DEMO-ONLY/76/claims_verification,DEMO-ONLY/76/hazard_verification,DEMO-ONLY/76/replacement_cost_verification,Synthetic evidence scenario,2026-09-15,,No,Yes,Yes,Yes,,DEMO-2026-00076,2,Demo portfolio,2026-08-09T12:00:00+00:00,0.0,A
Jordan Ellis · Demo 77,,homeowner77@example.com,202-555-0100,HomeGuard Demo Agency,2026-09-15,Individual,,176 Example Lane,Sample City,MT,01076,Sample County,Owner-occupied,Yes,Detached single family,1,1965,3900,3,Solid masonry,Slab,No,,No,13,No,No,,,18,Metal,Gable,Fair,2008.0,1,No,DEMO-ONLY/77/roof_verification,Copper,Circuit breakers,,200,PEX / PVC / CPVC,,6,Garage,Central gas,,No,No,No,,No,Yes,Yes,None,None,No,No,No,7.6,900,,No,No,No,No,No,No,,31,47,X,,No,No,No,,HO-5,915595,1018000,101800,610800,203600,100000,5000,1000,2,No,No,No,No,In force,No,Example Mutual (synthetic),,0,No,,0,0,0,0,,Verified,Verified,Verified,Verified,Verified,DEMO-ONLY/77/property_verification,DEMO-ONLY/77/claims_verification,DEMO-ONLY/77/hazard_verification,DEMO-ONLY/77/replacement_cost_verification,Synthetic evidence scenario,2026-09-15,,No,Yes,Yes,Yes,,DEMO-2026-00077,2,Demo portfolio,2026-08-17T12:00:00+00:00,0.0,B
Taylor Reed · Demo 78,,homeowner78@example.com,202-555-0100,HomeGuard Demo Agency,2026-09-15,Individual,,177 Example Lane,Sample City,NE,01077,Sample County,Owner-occupied,Yes,Detached single family,1,1950,4000,3,Masonry veneer,Basement,No,,No,1,No,No,,,12,Architectural shingle,Gable,Good,2014.0,1,No,DEMO-ONLY/78/roof_verification,Copper,Circuit breakers,,200,PEX / PVC / CPVC,,12,Garage,Heat pump,,No,No,No,,No,Yes,Yes,None,None,No,No,No,1.6,300,,Yes,Yes,No,No,No,No,,49,38,X,,No,No,No,,HO-3,1024913,1222000,122200,733200,244400,500000,5000,5000,2,No,No,No,No,In force,No,Example Mutual (synthetic),,0,No,,0,0,0,0,,Verified,Verified,Verified,Verified,Verified,DEMO-ONLY/78/property_verification,DEMO-ONLY/78/claims_verification,DEMO-ONLY/78/hazard_verification,DEMO-ONLY/78/replacement_cost_verification,Synthetic evidence scenario,2026-09-15,,No,Yes,Yes,Yes,,DEMO-2026-00078,2,Demo portfolio,2026-08-17T12:00:00+00:00,0.0,A
Morgan Parker · Demo 79,,homeowner79@example.com,202-555-0100,HomeGuard Demo Agency,2026-09-15,Individual,,178 Example Lane,Sample City,NV,01078,Sample County,Owner-occupied,Yes,Detached single family,1,1966,3550,2,Masonry veneer,Slab,No,,No,19,No,No,,,3,Tile,Hip,Fair,2023.0,1,No,DEMO-ONLY/79/roof_verification,Copper,Circuit breakers,,200,PEX / PVC / CPVC,,2,Garage,Central electric,,No,No,No,,No,Yes,Yes,None,None,No,No,No,3.8,650,,No,No,No,No,No,No,,3,29,X,,No,No,No,,HO-3,654205,658000,65800,394800,131600,300000,5000,1000,2,No,No,No,No,In force,No,Example Mutual (synthetic),,0,No,,0,0,0,0,,Verified,Verified,Verified,Verified,Verified,DEMO-ONLY/79/property_verification,DEMO-ONLY/79/claims_verification,DEMO-ONLY/79/hazard_verification,DEMO-ONLY/79/replacement_cost_verification,Synthetic evidence scenario,2026-09-15,,No,Yes,Yes,Yes,,DEMO-2026-00079,2,Demo portfolio,2026-08-26T12:00:00+00:00,0.0,A
Taylor Reed · Demo 80,,homeowner80@example.com,202-555-0100,HomeGuard Demo Agency,2026-09-15,Individual,,179 Example Lane,Sample City,NH,01079,Sample County,Owner-occupied,Yes,Detached single family,1,1975,2050,1,Solid masonry,Basement,No,,No,20,No,No,,,18,Tile,Hip,Fair,2008.0,1,No,DEMO-ONLY/80/roof_verification,Copper,Circuit breakers,,200,PEX / PVC / CPVC,,8,Garage,Central electric,,No,No,No,,No,Yes,Yes,None,None,No,No,No,0.5,100,,No,No,No,No,No,No,,4,15,X,,No,No,No,,HO-3,1070716,1040000,104000,624000,208000,500000,5000,1000,2,No,No,No,No,In force,No,Example Mutual (synthetic),,0,No,,0,0,0,0,,Verified,Verified,Verified,Verified,Verified,DEMO-ONLY/80/property_verification,DEMO-ONLY/80/claims_verification,DEMO-ONLY/80/hazard_verification,DEMO-ONLY/80/replacement_cost_verification,Synthetic evidence scenario,2026-09-15,,No,Yes,Yes,Yes,,DEMO-2026-00080,2,Demo portfolio,2026-08-08T12:00:00+00:00,0.0,A
Morgan Lane · Demo 81,,homeowner81@example.com,202-555-0100,HomeGuard Demo Agency,2026-09-15,Individual,,180 Example Lane,Sample City,NJ,01080,Sample County,Owner-occupied,Yes,Detached single family,1,2007,3450,2,Solid masonry,Basement,No,,Yes,5,No,No,,,7,Tile,Hip,Fair,2019.0,1,No,DEMO-ONLY/81/roof_verification,Copper,Circuit breakers,,200,Copper,,2,Garage,Central electric,,No,No,No,,No,Yes,Yes,None,None,No,No,No,0.4,900,,No,No,No,No,No,No,,32,49,X,,No,No,No,,HO-3,956513,1012000,101200,607200,202400,100000,5000,2500,2,No,No,No,No,In force,No,Example Mutual (synthetic),,0,No,,0,0,0,0,,Verified,Verified,Verified,Not checked,Verified,DEMO-ONLY/81/property_verification,DEMO-ONLY/81/claims_verification,,DEMO-ONLY/81/replacement_cost_verification,Synthetic evidence scenario,2026-09-15,,No,Yes,Yes,Yes,,DEMO-2026-00081,2,Demo portfolio,2026-08-28T12:00:00+00:00,0.0,B
Taylor Brooks · Demo 82,,homeowner82@example.com,202-555-0100,HomeGuard Demo Agency,2026-09-15,Individual,,181 Example Lane,Sample City,NM,01081,Sample County,Owner-occupied,Yes,Detached single family,1,1975,4050,1,Frame,Crawl space,No,,No,6,No,No,,,4,Tile,Mixed,Good,2022.0,1,No,DEMO-ONLY/82/roof_verification,Copper,Circuit breakers,,200,PEX / PVC / CPVC,,1,Garage,Central gas,,No,No,No,,No,Yes,Yes,None,None,No,No,No,3.5,100,,No,No,No,No,No,No,,5,25,X,,No,No,No,,HO-5,1476087,1415000,141500,849000,283000,300000,5000,1000,2,No,No,No,No,In force,No,Example Mutual (synthetic),,0,No,,0,0,0,0,,Verified,Verified,Verified,Verified,Verified,DEMO-ONLY/82/property_verification,DEMO-ONLY/82/claims_verification,DEMO-ONLY/82/hazard_verification,DEMO-ONLY/82/replacement_cost_verification,Synthetic evidence scenario,2026-09-15,,No,Yes,Yes,Yes,,DEMO-2026-00082,2,Demo portfolio,2026-08-02T12:00:00+00:00,0.0,A
Morgan Hayes · Demo 83,,homeowner83@example.com,202-555-0100,HomeGuard Demo Agency,2026-09-15,Individual,,182 Example Lane,Sample City,NY,01082,Sample County,Owner-occupied,Yes,Detached single family,1,1971,1650,3,Masonry veneer,Slab,No,,No,17,No,No,,,18,Architectural shingle,Hip,Fair,2008.0,1,No,DEMO-ONLY/83/roof_verification,Copper,Circuit breakers,,200,PEX / PVC / CPVC,,4,Garage,Central electric,,No,No,No,,No,Yes,Yes,None,None,No,No,No,0.3,700,,No,No,No,No,No,No,,37,18,X,,No,No,Yes,,HO-3,399824,384000,38400,230400,76800,100000,5000,2500,2,No,No,No,No,In force,No,Example Mutual (synthetic),,0,No,,0,0,0,0,,Verified,Verified,Verified,Verified,Verified,DEMO-ONLY/83/property_verification,DEMO-ONLY/83/claims_verification,DEMO-ONLY/83/hazard_verification,DEMO-ONLY/83/replacement_cost_verification,Synthetic evidence scenario,2026-09-15,,No,Yes,Yes,Yes,,DEMO-2026-00083,2,Demo portfolio,2026-08-15T12:00:00+00:00,0.0,B
Jordan Parker · Demo 84,,homeowner84@example.com,202-555-0100,HomeGuard Demo Agency,2026-09-15,Individual,,183 Example Lane,Sample City,NC,01083,Sample County,Owner-occupied,Yes,Detached single family,1,1959,2150,1,Frame,Slab,No,,No,9,No,No,,,18,Metal,Gable,Good,2008.0,1,No,DEMO-ONLY/84/roof_verification,Copper,Circuit breakers,,200,PEX / PVC / CPVC,,9,Garage,Central gas,,No,No,No,,No,Yes,Yes,None,None,No,No,No,1.5,250,,No,No,No,No,No,No,,21,31,X,,No,No,No,,HO-5,1356621,1451000,145100,870600,290200,300000,5000,1000,2,No,No,No,No,In force,No,Example Mutual (synthetic),,0,No,,0,0,0,0,,Verified,Verified,Verified,Verified,Verified,DEMO-ONLY/84/property_verification,DEMO-ONLY/84/claims_verification,DEMO-ONLY/84/hazard_verification,DEMO-ONLY/84/replacement_cost_verification,Synthetic evidence scenario,2026-09-15,,No,Yes,Yes,Yes,,DEMO-2026-00084,2,Demo portfolio,2026-08-28T12:00:00+00:00,0.0,A
Sam Brooks · Demo 85,,homeowner85@example.com,202-555-0100,HomeGuard Demo Agency,2026-09-15,Individual,,184 Example Lane,Sample City,ND,01084,Sample County,Owner-occupied,Yes,Detached single family,1,1961,3400,2,Solid masonry,Basement,No,,No,1,No,No,,,13,Metal,Gable,Fair,2013.0,1,No,DEMO-ONLY/85/roof_verification,Copper,Circuit breakers,,200,Copper,,9,Garage,Central electric,,No,No,No,,No,Yes,Yes,None,None,No,No,No,4.2,900,,Yes,Yes,No,No,No,No,,23,9,X,,No,No,No,,HO-5,187404,222000,22200,133200,44400,500000,5000,2500,2,No,No,No,No,In force,No,Example Mutual (synthetic),,0,No,,1,0,30047,0,"Synthetic loss-run example: 1 claim(s), 0 open; total paid $30,047. Not a real claims report.",Verified,Verified,Verified,Verified,Verified,DEMO-ONLY/85/property_verification,DEMO-ONLY/85/claims_verification,DEMO-ONLY/85/hazard_verification,DEMO-ONLY/85/replacement_cost_verification,Synthetic evidence scenario,2026-09-15,,No,Yes,Yes,Yes,,DEMO-2026-00085,2,Demo portfolio,2026-09-02T12:00:00+00:00,0.13534684684684684,A
Morgan Reed · Demo 86,,homeowner86@example.com,202-555-0100,HomeGuard Demo Agency,2026-09-15,Individual,,185 Example Lane,Sample City,OH,01085,Sample County,Owner-occupied,Yes,Detached single family,1,1959,2100,3,Masonry veneer,Crawl space,No,,No,18,No,No,,,16,Architectural shingle,Mixed,Good,2010.0,1,No,DEMO-ONLY/86/roof_verification,Copper,Circuit breakers,,200,Copper,,5,Garage,Central gas,,No,No,No,,No,Yes,Yes,None,None,No,No,No,0.4,250,,No,No,No,No,No,No,,20,2,X,,No,No,No,,HO-5,486736,442000,44200,265200,88400,500000,5000,1000,2,No,No,No,No,In force,No,Example Mutual (synthetic),,0,No,,0,0,0,0,,Verified,Verified,Verified,Verified,Verified,DEMO-ONLY/86/property_verification,DEMO-ONLY/86/claims_verification,DEMO-ONLY/86/hazard_verification,DEMO-ONLY/86/replacement_cost_verification,Synthetic evidence scenario,2026-09-15,,No,Yes,Yes,Yes,,DEMO-2026-00086,2,Demo portfolio,2026-08-24T12:00:00+00:00,0.0,A
Taylor Brooks · Demo 87,,homeowner87@example.com,202-555-0100,HomeGuard Demo Agency,2026-09-15,Individual,,186 Example Lane,Sample City,OK,01086,Sample County,Owner-occupied,Yes,Detached single family,1,1983,4750,2,Solid masonry,Slab,No,,No,10,No,No,,,10,Tile,Mixed,Good,2016.0,1,No,DEMO-ONLY/87/roof_verification,Copper,Circuit breakers,,200,Copper,,4,Garage,Central electric,,No,No,No,,No,Yes,Yes,None,None,No,No,No,1.0,150,,No,No,No,No,No,No,,17,11,X,,No,No,No,,HO-3,264345,312000,31200,187200,62400,100000,5000,5000,2,No,No,No,No,In force,No,Example Mutual (synthetic),,0,No,,0,0,0,0,,Verified,Verified,Verified,Verified,Verified,DEMO-ONLY/87/property_verification,DEMO-ONLY/87/claims_verification,DEMO-ONLY/87/hazard_verification,DEMO-ONLY/87/replacement_cost_verification,Synthetic evidence scenario,2026-09-15,,No,Yes,Yes,Yes,,DEMO-2026-00087,2,Demo portfolio,2026-09-04T12:00:00+00:00,0.0,A
Alex Reed · Demo 88,,homeowner88@example.com,202-555-0100,HomeGuard Demo Agency,2026-09-15,Individual,,187 Example Lane,Sample City,OR,01087,Sample County,Owner-occupied,Yes,Detached single family,1,1962,1800,3,Solid masonry,Basement,No,,No,18,No,No,,,3,Metal,Hip,Fair,2023.0,1,No,DEMO-ONLY/88/roof_verification,Copper,Circuit breakers,,200,PEX / PVC / CPVC,,2,Garage,Central gas,,No,No,No,,No,Yes,Yes,None,None,No,No,No,4.1,150,,No,No,No,No,No,No,,26,10,X,,No,No,No,,HO-3,1337191,1361000,136100,816600,272200,100000,5000,5000,2,No,No,No,No,In force,No,Example Mutual (synthetic),,0,No,,0,0,0,0,,Verified,Verified,Verified,Verified,Verified,DEMO-ONLY/88/property_verification,DEMO-ONLY/88/claims_verification,DEMO-ONLY/88/hazard_verification,DEMO-ONLY/88/replacement_cost_verification,Synthetic evidence scenario,2026-09-15,,No,Yes,Yes,Yes,,DEMO-2026-00088,2,Demo portfolio,2026-08-26T12:00:00+00:00,0.0,A
Jordan Brooks · Demo 89,,homeowner89@example.com,202-555-0100,HomeGuard Demo Agency,2026-09-15,Individual,,188 Example Lane,Sample City,PA,01088,Sample County,Owner-occupied,Yes,Detached single family,1,2005,4550,3,Frame,Slab,No,,No,11,No,No,,,2,Architectural shingle,Mixed,Good,2024.0,1,No,DEMO-ONLY/89/roof_verification,Copper,Circuit breakers,,200,PEX / PVC / CPVC,,1,Garage,Central electric,,No,No,No,,No,Yes,Yes,None,None,No,No,No,2.0,950,,No,No,No,No,No,No,,31,45,X,,No,No,No,,HO-5,741674,797000,79700,478200,159400,300000,5000,1000,2,No,No,No,No,In force,No,Example Mutual (synthetic),,0,No,,1,0,48915,0,"Synthetic loss-run example: 1 claim(s), 0 open; total paid $48,915. Not a real claims report.",Verified,Verified,Verified,Verified,Verified,DEMO-ONLY/89/property_verification,DEMO-ONLY/89/claims_verification,DEMO-ONLY/89/hazard_verification,DEMO-ONLY/89/replacement_cost_verification,Synthetic evidence scenario,2026-09-15,,No,Yes,Yes,Yes,,DEMO-2026-00089,2,Demo portfolio,2026-07-30T12:00:00+00:00,0.061373902132998745,A
Morgan Brooks · Demo 90,,homeowner90@example.com,202-555-0100,HomeGuard Demo Agency,2026-09-15,Individual,,189 Example Lane,Sample City,RI,01089,Sample County,Owner-occupied,Yes,Detached single family,1,1990,4850,3,Masonry veneer,Slab,No,,No,11,No,No,,,18,Slate,Gable,Good,2008.0,1,No,DEMO-ONLY/90/roof_verification,Copper,Circuit breakers,,200,Copper,,13,Garage,Central gas,,No,No,No,,No,Yes,Yes,None,None,No,No,No,1.0,550,,No,No,No,No,No,No,,28,45,X,,No,No,No,,HO-5,660187,682000,68200,409200,136400,300000,5000,2500,2,No,No,No,No,In force,No,Example Mutual (synthetic),,0,No,,0,0,0,0,,Verified,Verified,Verified,Verified,Verified,DEMO-ONLY/90/property_verification,DEMO-ONLY/90/claims_verification,DEMO-ONLY/90/hazard_verification,DEMO-ONLY/90/replacement_cost_verification,Synthetic evidence scenario,2026-09-15,,No,Yes,Yes,Yes,,DEMO-2026-00090,2,Demo portfolio,2026-07-19T12:00:00+00:00,0.0,A
Morgan Lane · Demo 91,,homeowner91@example.com,202-555-0100,HomeGuard Demo Agency,2026-09-15,Individual,,190 Example Lane,Sample City,SC,01090,Sample County,Owner-occupied,Yes,Detached single family,1,1967,4900,1,Frame,Crawl space,No,,No,16,No,No,,,10,Architectural shingle,Hip,Fair,2016.0,1,No,DEMO-ONLY/91/roof_verification,Copper,Circuit breakers,,200,Copper,,5,Garage,Central gas,,No,No,No,,No,Yes,Yes,None,None,No,No,No,1.9,800,,No,No,No,No,No,No,,15,32,X,,No,No,No,,HO-5,316470,342000,34200,205200,68400,100000,5000,5000,2,No,No,No,No,In force,No,Example Mutual (synthetic),,54,No,,0,0,0,0,,Verified,Verified,Verified,Not checked,Verified,DEMO-ONLY/91/property_verification,DEMO-ONLY/91/claims_verification,,DEMO-ONLY/91/replacement_cost_verification,Synthetic evidence scenario,2026-09-15,,No,Yes,Yes,Yes,,DEMO-2026-00091,2,Demo portfolio,2026-08-27T12:00:00+00:00,0.0,B
Sam Lane · Demo 92,,homeowner92@example.com,202-555-0100,HomeGuard Demo Agency,2026-09-15,Individual,,191 Example Lane,Sample City,SD,01091,Sample County,Owner-occupied,Yes,Detached single family,1,1951,2350,3,Frame,Slab,No,,No,6,No,No,,,14,Slate,Hip,Good,2012.0,1,No,DEMO-ONLY/92/roof_verification,Copper,Circuit breakers,,200,Copper,,3,Garage,Heat pump,,No,No,No,,No,Yes,Yes,None,None,No,No,No,3.9,300,,Yes,Yes,No,No,No,No,,25,5,X,,No,No,No,,HO-3,882028,800000,80000,480000,160000,500000,5000,1000,2,No,No,No,No,In force,No,Example Mutual (synthetic),,0,No,,0,0,0,0,,Verified,Verified,Verified,Verified,Verified,DEMO-ONLY/92/property_verification,DEMO-ONLY/92/claims_verification,DEMO-ONLY/92/hazard_verification,DEMO-ONLY/92/replacement_cost_verification,Synthetic evidence scenario,2026-09-15,,No,Yes,Yes,Yes,,DEMO-2026-00092,2,Demo portfolio,2026-08-07T12:00:00+00:00,0.0,A
Casey Lane · Demo 93,,homeowner93@example.com,202-555-0100,HomeGuard Demo Agency,2026-09-15,Individual,,192 Example Lane,Sample City,TN,01092,Sample County,Owner-occupied,Yes,Detached single family,1,1950,2900,1,Solid masonry,Crawl space,No,,No,9,No,No,,,12,Tile,Mixed,Fair,2014.0,1,No,DEMO-ONLY/93/roof_verification,Copper,Circuit breakers,,200,Copper,,1,Garage,Central electric,,No,No,No,,No,Yes,Yes,None,None,No,No,No,2.7,650,,No,No,No,No,No,No,,37,15,X,,No,No,No,,HO-5,237933,247000,24700,148200,49400,300000,5000,1000,2,No,No,No,No,In force,No,Example Mutual (synthetic),,0,No,,1,0,7963,0,"Synthetic loss-run example: 1 claim(s), 0 open; total paid $7,963. Not a real claims report.",Verified,Verified,Verified,Verified,Verified,DEMO-ONLY/93/property_verification,DEMO-ONLY/93/claims_verification,DEMO-ONLY/93/hazard_verification,DEMO-ONLY/93/replacement_cost_verification,Synthetic evidence scenario,2026-09-15,,No,Yes,Yes,Yes,,DEMO-2026-00093,2,Demo portfolio,2026-08-16T12:00:00+00:00,0.032238866396761136,A
Sam Ellis · Demo 94,,homeowner94@example.com,202-555-0100,HomeGuard Demo Agency,2026-09-15,Individual,,193 Example Lane,Sample City,TX,01093,Sample County,Owner-occupied,Yes,Detached single family,1,1997,1200,1,Masonry veneer,Basement,No,,No,4,No,No,,,13,Architectural shingle,Gable,Fair,2013.0,1,No,DEMO-ONLY/94/roof_verification,Copper,Circuit breakers,,200,PEX / PVC / CPVC,,12,Garage,Central electric,,No,No,No,,No,Yes,Yes,None,None,No,No,No,2.5,650,,No,No,No,No,No,No,,26,41,X,,No,No,No,,HO-3,887382,858000,85800,514800,171600,500000,5000,2500,2,No,No,No,No,In force,No,Example Mutual (synthetic),,0,No,,0,0,0,0,,Verified,Verified,Verified,Verified,Verified,DEMO-ONLY/94/property_verification,DEMO-ONLY/94/claims_verification,DEMO-ONLY/94/hazard_verification,DEMO-ONLY/94/replacement_cost_verification,Synthetic evidence scenario,2026-09-15,,No,Yes,Yes,Yes,,DEMO-2026-00094,2,Demo portfolio,2026-07-24T12:00:00+00:00,0.0,A
Alex Brooks · Demo 95,,homeowner95@example.com,202-555-0100,HomeGuard Demo Agency,2026-09-15,Individual,,194 Example Lane,Sample City,UT,01094,Sample County,Owner-occupied,Yes,Detached single family,1,1964,2250,3,Masonry veneer,Slab,No,,No,12,No,No,,,18,Tile,Hip,Fair,2008.0,1,No,DEMO-ONLY/95/roof_verification,Copper,Circuit breakers,,200,PEX / PVC / CPVC,,12,Garage,Central electric,,No,No,No,,No,Yes,Yes,None,None,No,No,No,2.7,700,,No,No,No,No,No,No,,39,36,X,,No,No,No,,HO-3,1112379,1052000,105200,631200,210400,300000,5000,2500,2,No,No,No,No,In force,No,Example Mutual (synthetic),,0,No,,0,0,0,0,,Verified,Verified,Verified,Verified,Verified,DEMO-ONLY/95/property_verification,DEMO-ONLY/95/claims_verification,DEMO-ONLY/95/hazard_verification,DEMO-ONLY/95/replacement_cost_verification,Synthetic evidence scenario,2026-09-15,,No,Yes,Yes,Yes,,DEMO-2026-00095,2,Demo portfolio,2026-08-16T12:00:00+00:00,0.0,A
Morgan Ellis · Demo 96,,homeowner96@example.com,202-555-0100,HomeGuard Demo Agency,2026-09-15,Individual,,195 Example Lane,Sample City,VT,01095,Sample County,Owner-occupied,Yes,Detached single family,1,1950,1700,2,Masonry veneer,Basement,No,,No,14,No,No,,,9,Architectural shingle,Gable,Fair,2017.0,1,No,DEMO-ONLY/96/roof_verification,Copper,Circuit breakers,,200,Copper,,10,Garage,Central electric,,No,No,No,,No,Yes,Yes,None,None,No,No,No,4.1,900,,No,No,No,No,No,No,,46,17,X,,No,No,No,,HO-3,1298043,1486000,148600,891600,297200,300000,5000,2500,2,No,No,No,No,In force,No,Example Mutual (synthetic),,0,No,,0,0,0,0,,Verified,Verified,Verified,Verified,Verified,DEMO-ONLY/96/property_verification,DEMO-ONLY/96/claims_verification,DEMO-ONLY/96/hazard_verification,DEMO-ONLY/96/replacement_cost_verification,Synthetic evidence scenario,2026-09-15,,No,Yes,Yes,Yes,,DEMO-2026-00096,2,Demo portfolio,2026-08-07T12:00:00+00:00,0.0,A
Sam Lane · Demo 97,,homeowner97@example.com,202-555-0100,HomeGuard Demo Agency,2026-09-15,Individual,,196 Example Lane,Sample City,VA,01096,Sample County,Owner-occupied,Yes,Detached single family,1,1999,5200,3,Solid masonry,Crawl space,No,,No,13,No,No,,,10,Tile,Gable,Fair,2016.0,1,No,DEMO-ONLY/97/roof_verification,Copper,Circuit breakers,,200,PEX / PVC / CPVC,,9,Garage,Heat pump,,No,No,No,,No,Yes,Yes,None,None,No,No,No,3.9,350,,No,No,No,No,No,No,,43,19,X,,No,No,No,,HO-3,1004770,1013000,101300,607800,202600,500000,5000,2500,2,No,No,No,No,In force,No,Example Mutual (synthetic),,0,No,,1,0,68327,0,"Synthetic loss-run example: 1 claim(s), 0 open; total paid $68,327. Not a real claims report.",Verified,Verified,Verified,Verified,Verified,DEMO-ONLY/97/property_verification,DEMO-ONLY/97/claims_verification,DEMO-ONLY/97/hazard_verification,DEMO-ONLY/97/replacement_cost_verification,Synthetic evidence scenario,2026-09-15,,No,Yes,Yes,Yes,,DEMO-2026-00097,2,Demo portfolio,2026-08-02T12:00:00+00:00,0.06745014807502468,A
Alex Brooks · Demo 98,,homeowner98@example.com,202-555-0100,HomeGuard Demo Agency,2026-09-15,Individual,,197 Example Lane,Sample City,WA,01097,Sample County,Owner-occupied,Yes,Detached single family,1,1995,1150,3,Frame,Slab,No,,No,2,No,No,,,11,Architectural shingle,Hip,Fair,2015.0,1,No,DEMO-ONLY/98/roof_verification,Copper,Circuit breakers,,200,Copper,,4,Garage,Central electric,,No,No,No,,No,Yes,Yes,None,None,No,No,No,4.5,350,,No,No,No,No,No,No,,79,30,X,,No,No,No,,HO-5,1250068,1472000,147200,883200,294400,300000,5000,1000,2,No,No,No,No,In force,No,Example Mutual (synthetic),,0,No,,0,0,0,0,,Verified,Verified,Verified,Verified,Verified,DEMO-ONLY/98/property_verification,DEMO-ONLY/98/claims_verification,DEMO-ONLY/98/hazard_verification,DEMO-ONLY/98/replacement_cost_verification,Synthetic evidence scenario,2026-09-15,,No,Yes,Yes,Yes,,DEMO-2026-00098,2,Demo portfolio,2026-08-07T12:00:00+00:00,0.0,B
Taylor Parker · Demo 99,,homeowner99@example.com,202-555-0100,HomeGuard Demo Agency,2026-09-15,Individual,,198 Example Lane,Sample City,WV,01098,Sample County,Owner-occupied,Yes,Detached single family,1,1983,5400,1,Masonry veneer,Crawl space,No,,No,13,No,No,,,9,Metal,Gable,Fair,2017.0,1,No,DEMO-ONLY/99/roof_verification,Copper,Circuit breakers,,200,Copper,,7,Garage,Central gas,,No,No,No,,No,Yes,Yes,None,None,No,No,No,2.5,600,,Yes,Yes,No,No,No,No,,8,14,X,,No,No,No,,HO-5,1221020,1110000,111000,666000,222000,300000,5000,2500,2,No,No,No,No,In force,No,Example Mutual (synthetic),,0,No,,0,0,0,0,,Verified,Verified,Verified,Verified,Verified,DEMO-ONLY/99/property_verification,DEMO-ONLY/99/claims_verification,DEMO-ONLY/99/hazard_verification,DEMO-ONLY/99/replacement_cost_verification,Synthetic evidence scenario,2026-09-15,,No,Yes,Yes,Yes,,DEMO-2026-00099,2,Demo portfolio,2026-08-08T12:00:00+00:00,0.0,A
Taylor Parker · Demo 100,,homeowner100@example.com,202-555-0100,HomeGuard Demo Agency,2026-09-15,Individual,,199 Example Lane,Sample City,WI,01099,Sample County,Owner-occupied,Yes,Detached single family,1,2010,2550,3,Masonry veneer,Crawl space,No,,No,8,No,No,,,12,Tile,Hip,Fair,2014.0,1,No,DEMO-ONLY/100/roof_verification,Copper,Circuit breakers,,200,PEX / PVC / CPVC,,14,Garage,Central gas,,No,No,No,,No,Yes,Yes,None,None,No,No,No,4.3,700,,No,No,No,No,No,No,,12,4,X,,No,No,No,,HO-5,562191,583000,58300,349800,116600,100000,5000,5000,2,No,No,No,No,In force,No,Example Mutual (synthetic),,0,No,,0,0,0,0,,Verified,Verified,Verified,Verified,Verified,DEMO-ONLY/100/property_verification,DEMO-ONLY/100/claims_verification,DEMO-ONLY/100/hazard_verification,DEMO-ONLY/100/replacement_cost_verification,Synthetic evidence scenario,2026-09-15,,No,Yes,Yes,Yes,,DEMO-2026-00100,2,Demo portfolio,2026-09-03T12:00:00+00:00,0.0,A
Casey Brooks · Demo 101,,homeowner101@example.com,202-555-0100,HomeGuard Demo Agency,2026-09-15,Individual,,200 Example Lane,Sample City,WY,01100,Sample County,Owner-occupied,Yes,Detached single family,1,2011,4650,2,Frame,Crawl space,No,,No,6,No,No,,,1,Architectural shingle,Mixed,Good,2025.0,1,No,DEMO-ONLY/101/roof_verification,Copper,Circuit breakers,,200,Copper,,1,Garage,Heat pump,,No,No,No,,No,Yes,Yes,None,None,No,No,No,4.4,600,,No,No,No,No,No,No,,18,35,X,,No,No,No,,HO-3,545824,1083000,108300,649800,216600,300000,5000,5000,2,No,No,No,No,In force,No,Example Mutual (synthetic),,0,No,,0,0,0,0,,Verified,Verified,Verified,Not checked,Verified,DEMO-ONLY/101/property_verification,DEMO-ONLY/101/claims_verification,,DEMO-ONLY/101/replacement_cost_verification,Synthetic evidence scenario,2026-09-15,,No,Yes,Yes,Yes,,DEMO-2026-00101,2,Demo portfolio,2026-08-30T12:00:00+00:00,0.0,B
Casey Hayes · Demo 102,,homeowner102@example.com,202-555-0100,HomeGuard Demo Agency,2026-09-15,Individual,,201 Example Lane,Sample City,DC,01101,Sample County,Owner-occupied,Yes,Detached single family,1,1970,2750,1,Masonry veneer,Crawl space,No,,No,2,No,No,,,16,Tile,Hip,Good,2010.0,1,No,DEMO-ONLY/102/roof_verification,Copper,Circuit breakers,,200,Copper,,5,Garage,Central gas,,No,No,No,,No,Yes,Yes,None,None,No,No,No,3.4,400,,No,No,No,No,No,No,,32,11,X,,No,No,No,,HO-5,701550,799000,79900,479400,159800,300000,5000,1000,2,No,No,No,No,In force,No,Example Mutual (synthetic),,0,No,,0,0,0,0,,Verified,Verified,Verified,Verified,Verified,DEMO-ONLY/102/property_verification,DEMO-ONLY/102/claims_verification,DEMO-ONLY/102/hazard_verification,DEMO-ONLY/102/replacement_cost_verification,Synthetic evidence scenario,2026-09-15,,No,Yes,Yes,Yes,,DEMO-2026-00102,2,Demo portfolio,2026-09-08T12:00:00+00:00,0.0,A
Alex Hayes · Demo 103,,homeowner103@example.com,202-555-0100,HomeGuard Demo Agency,2026-09-15,Individual,,202 Example Lane,Sample City,AL,01102,Sample County,Owner-occupied,Yes,Detached single family,1,1993,2200,3,Frame,Basement,No,,No,11,No,No,,,12,Metal,Gable,Good,2014.0,1,No,DEMO-ONLY/103/roof_verification,Copper,Circuit breakers,,200,PEX / PVC / CPVC,,13,Garage,Heat pump,,No,No,No,,No,Yes,Yes,None,None,No,No,No,4.0,200,,No,No,No,No,No,No,,37,19,X,,No,No,No,,HO-5,1458041,1374000,137400,824400,274800,500000,5000,1000,2,No,No,No,No,In force,No,Example Mutual (synthetic),,0,No,,0,0,0,0,,Verified,Verified,Verified,Verified,Verified,DEMO-ONLY/103/property_verification,DEMO-ONLY/103/claims_verification,DEMO-ONLY/103/hazard_verification,DEMO-ONLY/103/replacement_cost_verification,Synthetic evidence scenario,2026-09-15,,No,Yes,Yes,Yes,,DEMO-2026-00103,2,Demo portfolio,2026-08-17T12:00:00+00:00,0.0,A
Sam Hayes · Demo 104,,homeowner104@example.com,202-555-0100,HomeGuard Demo Agency,2026-09-15,Individual,,203 Example Lane,Sample City,AK,01103,Sample County,Owner-occupied,Yes,Detached single family,1,1953,4100,1,Masonry veneer,Slab,No,,No,3,No,No,,,15,Architectural shingle,Hip,Fair,2011.0,1,No,DEMO-ONLY/104/roof_verification,Copper,Circuit breakers,,200,PEX / PVC / CPVC,,12,Garage,Heat pump,,No,No,No,,No,Yes,Yes,None,None,No,No,No,4.3,550,,No,No,No,No,No,No,,19,43,X,,No,No,No,,HO-5,378992,435000,43500,261000,87000,100000,5000,1000,2,No,No,No,No,In force,No,Example Mutual (synthetic),,0,No,,0,0,0,0,,Verified,Verified,Verified,Verified,Verified,DEMO-ONLY/104/property_verification,DEMO-ONLY/104/claims_verification,DEMO-ONLY/104/hazard_verification,DEMO-ONLY/104/replacement_cost_verification,Synthetic evidence scenario,2026-09-15,,No,Yes,Yes,Yes,,DEMO-2026-00104,2,Demo portfolio,2026-09-10T12:00:00+00:00,0.0,A
Casey Parker · Demo 105,,homeowner105@example.com,202-555-0100,HomeGuard Demo Agency,2026-09-15,Individual,,204 Example Lane,Sample City,AZ,01104,Sample County,Owner-occupied,Yes,Detached single family,1,2005,3150,1,Solid masonry,Slab,No,,No,18,Yes,No,,,13,Tile,Hip,Good,2013.0,1,No,DEMO-ONLY/105/roof_verification,Copper,Circuit breakers,,200,Copper,,13,Garage,Heat pump,,No,No,No,,No,Yes,Yes,None,None,No,No,No,0.8,800,,No,No,No,No,No,No,,11,34,X,,No,No,No,,HO-3,844877,741000,74100,444600,148200,100000,5000,5000,2,No,No,No,No,In force,No,Example Mutual (synthetic),,0,No,,0,0,0,0,,Verified,Verified,Verified,Verified,Verified,DEMO-ONLY/105/property_verification,DEMO-ONLY/105/claims_verification,DEMO-ONLY/105/hazard_verification,DEMO-ONLY/105/replacement_cost_verification,Synthetic evidence scenario,2026-09-15,,No,Yes,Yes,Yes,,DEMO-2026-00105,2,Demo portfolio,2026-07-22T12:00:00+00:00,0.0,B
Casey Ellis · Demo 106,,homeowner106@example.com,202-555-0100,HomeGuard Demo Agency,2026-09-15,Individual,,205 Example Lane,Sample City,AR,01105,Sample County,Owner-occupied,Yes,Detached single family,1,1954,5200,3,Frame,Basement,No,,No,4,No,No,,,6,Architectural shingle,Hip,Good,2020.0,1,No,DEMO-ONLY/106/roof_verification,Copper,Circuit breakers,,200,Copper,,14,Garage,Central gas,,No,No,No,,No,Yes,Yes,None,None,No,No,No,4.2,600,,No,No,No,No,No,No,,34,3,X,,No,No,No,,HO-3,310101,301000,30100,180600,60200,300000,5000,2500,2,No,No,No,No,In force,No,Example Mutual (synthetic),,0,No,,1,1,10000,0,"Synthetic loss-run example: 1 claim(s), 0 open; total paid $10,000. Not a real claims report.",Verified,Verified,Verified,Verified,Verified,DEMO-ONLY/106/property_verification,DEMO-ONLY/106/claims_verification,DEMO-ONLY/106/hazard_verification,DEMO-ONLY/106/replacement_cost_verification,Synthetic evidence scenario,2026-09-15,,No,Yes,Yes,Yes,,DEMO-2026-00106,2,Demo portfolio,2026-07-27T12:00:00+00:00,0.03322259136212625,B
Morgan Hayes · Demo 107,,homeowner107@example.com,202-555-0100,HomeGuard Demo Agency,2026-09-15,Individual,,206 Example Lane,Sample City,CA,01106,Sample County,Owner-occupied,Yes,Detached single family,1,1963,4050,1,Frame,Crawl space,No,,No,14,No,No,,,5,Tile,Gable,Fair,2021.0,1,No,DEMO-ONLY/107/roof_verification,Copper,Circuit breakers,,200,PEX / PVC / CPVC,,8,Garage,Central gas,,No,No,No,,No,Yes,Yes,None,None,No,No,No,0.4,800,,No,No,No,No,No,No,,45,10,X,,No,No,No,,HO-3,292922,273000,27300,163800,54600,300000,5000,2500,2,No,No,No,No,In force,No,Example Mutual (synthetic),,0,No,,0,0,0,0,,Verified,Verified,Verified,Verified,Verified,DEMO-ONLY/107/property_verification,DEMO-ONLY/107/claims_verification,DEMO-ONLY/107/hazard_verification,DEMO-ONLY/107/replacement_cost_verification,Synthetic evidence scenario,2026-09-15,,No,Yes,Yes,Yes,,DEMO-2026-00107,2,Demo portfolio,2026-08-13T12:00:00+00:00,0.0,A
Morgan Reed · Demo 108,,homeowner108@example.com,202-555-0100,HomeGuard Demo Agency,2026-09-15,Individual,,207 Example Lane,Sample City,CO,01107,Sample County,Owner-occupied,Yes,Detached single family,1,1982,1400,2,Frame,Basement,No,,No,2,No,No,,,18,Metal,Hip,Fair,2008.0,1,No,DEMO-ONLY/108/roof_verification,Copper,Circuit breakers,,200,PEX / PVC / CPVC,,11,Garage,Heat pump,,No,No,No,,No,Yes,Yes,None,None,No,No,No,2.9,450,,No,No,No,No,No,No,,25,23,X,,No,No,No,,HO-5,1187637,1035000,103500,621000,207000,500000,5000,2500,2,No,No,No,No,In force,No,Example Mutual (synthetic),,0,No,,0,0,0,0,,Verified,Verified,Verified,Verified,Verified,DEMO-ONLY/108/property_verification,DEMO-ONLY/108/claims_verification,DEMO-ONLY/108/hazard_verification,DEMO-ONLY/108/replacement_cost_verification,Synthetic evidence scenario,2026-09-15,,No,Yes,Yes,Yes,,DEMO-2026-00108,2,Demo portfolio,2026-08-16T12:00:00+00:00,0.0,A
Alex Parker · Demo 109,,homeowner109@example.com,202-555-0100,HomeGuard Demo Agency,2026-09-15,Individual,,208 Example Lane,Sample City,CT,01108,Sample County,Owner-occupied,Yes,Detached single family,1,1962,3300,3,Frame,Crawl space,No,,No,11,No,No,,,9,Architectural shingle,Mixed,Good,2017.0,1,Yes,DEMO-ONLY/109/roof_verification,Copper,Circuit breakers,,200,Copper,,9,Garage,Central electric,,No,No,No,,No,Yes,Yes,None,None,No,No,No,1.9,450,,No,No,No,No,No,No,,39,23,X,,No,No,No,,HO-5,1095865,1153000,115300,691800,230600,500000,5000,1000,2,No,No,No,No,In force,No,Example Mutual (synthetic),,0,No,,0,0,0,0,,Verified,Verified,Verified,Verified,Verified,DEMO-ONLY/109/property_verification,DEMO-ONLY/109/claims_verification,DEMO-ONLY/109/hazard_verification,DEMO-ONLY/109/replacement_cost_verification,Synthetic evidence scenario,2026-09-15,,No,Yes,Yes,Yes,,DEMO-2026-00109,2,Demo portfolio,2026-08-05T12:00:00+00:00,0.0,B
Sam Lane · Demo 110,,homeowner110@example.com,202-555-0100,HomeGuard Demo Agency,2026-09-15,Individual,,209 Example Lane,Sample City,DE,01109,Sample County,Owner-occupied,Yes,Detached single family,1,2006,4150,3,Masonry veneer,Slab,No,,No,7,No,No,,,7,Metal,Mixed,Good,2019.0,1,No,DEMO-ONLY/110/roof_verification,Copper,Circuit breakers,,200,Copper,,9,Garage,Central gas,,No,No,Yes,,No,Yes,Yes,None,None,No,No,No,4.7,200,,No,No,No,No,No,No,,12,11,X,,No,No,No,,HO-5,491281,489000,48900,293400,97800,500000,5000,1000,2,No,No,No,No,In force,No,Example Mutual (synthetic),,0,No,,0,0,0,0,,Verified,Verified,Verified,Verified,Verified,DEMO-ONLY/110/property_verification,DEMO-ONLY/110/claims_verification,DEMO-ONLY/110/hazard_verification,DEMO-ONLY/110/replacement_cost_verification,Synthetic evidence scenario,2026-09-15,,No,Yes,Yes,Yes,,DEMO-2026-00110,2,Demo portfolio,2026-08-28T12:00:00+00:00,0.0,B
Casey Lane · Demo 111,,homeowner111@example.com,202-555-0100,HomeGuard Demo Agency,2026-09-15,Individual,,210 Example Lane,Sample City,FL,01110,Sample County,Owner-occupied,Yes,Detached single family,1,1981,4150,3,Masonry veneer,Crawl space,No,,No,1,No,Yes,,,18,Architectural shingle,Hip,Good,2008.0,1,No,DEMO-ONLY/111/roof_verification,Copper,Circuit breakers,,200,Copper,,2,Garage,Central gas,,No,No,No,,No,Yes,Yes,None,None,No,No,No,1.0,300,,No,No,No,No,No,No,,46,34,X,,No,No,No,,HO-5,1183808,1179000,117900,707400,235800,500000,5000,5000,2,No,No,No,No,In force,No,Example Mutual (synthetic),,0,No,,0,0,0,0,,Verified,Verified,Verified,Not checked,Verified,DEMO-ONLY/111/property_verification,DEMO-ONLY/111/claims_verification,,DEMO-ONLY/111/replacement_cost_verification,Synthetic evidence scenario,2026-09-15,,No,Yes,Yes,Yes,,DEMO-2026-00111,2,Demo portfolio,2026-08-11T12:00:00+00:00,0.0,B
Taylor Reed · Demo 112,,homeowner112@example.com,202-555-0100,HomeGuard Demo Agency,2026-09-15,Individual,,211 Example Lane,Sample City,GA,01111,Sample County,Owner-occupied,Yes,Detached single family,1,1956,2950,2,Solid masonry,Slab,No,,Yes,9,No,No,,,10,Tile,Mixed,Fair,2016.0,1,No,DEMO-ONLY/112/roof_verification,Copper,Circuit breakers,,200,PEX / PVC / CPVC,,12,Garage,Central gas,,No,No,No,,No,Yes,Yes,None,None,No,No,No,2.1,450,,No,No,No,No,No,No,,15,37,X,,No,No,No,,HO-5,533491,595000,59500,357000,119000,100000,5000,2500,2,No,No,No,No,In force,No,Example Mutual (synthetic),,0,No,,0,0,0,0,,Verified,Verified,Verified,Verified,Verified,DEMO-ONLY/112/property_verification,DEMO-ONLY/112/claims_verification,DEMO-ONLY/112/hazard_verification,DEMO-ONLY/112/replacement_cost_verification,Synthetic evidence scenario,2026-09-15,,No,Yes,Yes,Yes,,DEMO-2026-00112,2,Demo portfolio,2026-09-08T12:00:00+00:00,0.0,B
Jordan Hayes · Demo 113,,homeowner113@example.com,202-555-0100,HomeGuard Demo Agency,2026-09-15,Individual,,212 Example Lane,Sample City,HI,01112,Sample County,Owner-occupied,Yes,Detached single family,1,2006,5100,1,Solid masonry,Crawl space,No,,No,19,No,No,,,4,Architectural shingle,Gable,Fair,2022.0,1,No,DEMO-ONLY/113/roof_verification,Copper,Circuit breakers,,200,Copper,,12,Garage,Central gas,,No,No,No,,No,Yes,Yes,None,None,No,No,No,3.4,650,,No,No,No,No,No,No,,9,9,X,,No,No,No,,HO-5,1150937,1298000,129800,778800,259600,100000,5000,1000,2,No,No,No,No,In force,No,Example Mutual (synthetic),,0,No,,1,0,10000,1,"Synthetic loss-run example: 1 claim(s), 1 open; total paid $10,000. Not a real claims report.",Verified,Verified,Verified,Verified,Verified,DEMO-ONLY/113/property_verification,DEMO-ONLY/113/claims_verification,DEMO-ONLY/113/hazard_verification,DEMO-ONLY/113/replacement_cost_verification,Synthetic evidence scenario,2026-09-15,,No,Yes,Yes,Yes,,DEMO-2026-00113,2,Demo portfolio,2026-08-22T12:00:00+00:00,0.007704160246533128,F
Morgan Hayes · Demo 114,,homeowner114@example.com,202-555-0100,HomeGuard Demo Agency,2026-09-15,Individual,,213 Example Lane,Sample City,ID,01113,Sample County,Owner-occupied,Yes,Detached single family,1,1951,2050,1,Masonry veneer,Slab,No,,No,10,No,No,,,10,Tile,Gable,Fair,2016.0,1,No,DEMO-ONLY/114/roof_verification,Copper,Circuit breakers,,200,PEX / PVC / CPVC,,7,Garage,Central gas,,No,No,No,,No,Yes,Yes,None,None,No,No,No,1.3,150,,No,No,No,No,No,No,,36,26,X,,No,No,No,,HO-5,338554,352000,35200,211200,70400,100000,5000,2500,2,No,No,No,No,In force,No,Example Mutual (synthetic),,0,No,,0,0,0,0,,Verified,Verified,Verified,Verified,Verified,DEMO-ONLY/114/property_verification,DEMO-ONLY/114/claims_verification,DEMO-ONLY/114/hazard_verification,DEMO-ONLY/114/replacement_cost_verification,Synthetic evidence scenario,2026-09-15,,No,Yes,Yes,Yes,,DEMO-2026-00114,2,Demo portfolio,2026-09-15T12:00:00+00:00,0.0,A
Taylor Lane · Demo 115,,homeowner115@example.com,202-555-0100,HomeGuard Demo Agency,2026-09-15,Individual,,214 Example Lane,Sample City,IL,01114,Sample County,Owner-occupied,Yes,Detached single family,1,1968,4450,2,Masonry veneer,Basement,No,,No,18,No,No,,,5,Tile,Mixed,Good,2021.0,1,No,DEMO-ONLY/115/roof_verification,Copper,Circuit breakers,,200,PEX / PVC / CPVC,,14,Garage,Central electric,,No,No,No,,No,Yes,Yes,None,None,No,No,No,1.1,500,,No,No,No,No,No,No,,3,42,X,,No,No,No,,HO-5,1109926,1031000,103100,618600,206200,300000,5000,2500,2,No,No,No,No,In force,No,Example Mutual (synthetic),,0,No,,0,0,0,0,,Verified,Verified,Verified,Verified,Verified,DEMO-ONLY/115/property_verification,DEMO-ONLY/115/claims_verification,DEMO-ONLY/115/hazard_verification,DEMO-ONLY/115/replacement_cost_verification,Synthetic evidence scenario,2026-09-15,,No,Yes,Yes,Yes,,DEMO-2026-00115,2,Demo portfolio,2026-09-01T12:00:00+00:00,0.0,A
Casey Ellis · Demo 116,,homeowner116@example.com,202-555-0100,HomeGuard Demo Agency,2026-09-15,Individual,,215 Example Lane,Sample City,IN,01115,Sample County,Owner-occupied,Yes,Detached single family,1,1984,4150,2,Solid masonry,Slab,No,,No,14,No,No,,,18,Architectural shingle,Hip,Good,2008.0,1,No,DEMO-ONLY/116/roof_verification,Copper,Fuses,,200,PEX / PVC / CPVC,,2,Garage,Central electric,,No,No,No,,No,Yes,Yes,None,None,No,No,No,3.7,100,,No,No,No,No,No,No,,34,1,X,,No,No,No,,HO-3,1305436,1435000,143500,861000,287000,500000,5000,1000,2,No,No,No,No,In force,No,Example Mutual (synthetic),,0,No,,0,0,0,0,,Verified,Verified,Verified,Verified,Verified,DEMO-ONLY/116/property_verification,DEMO-ONLY/116/claims_verification,DEMO-ONLY/116/hazard_verification,DEMO-ONLY/116/replacement_cost_verification,Synthetic evidence scenario,2026-09-15,,No,Yes,Yes,Yes,,DEMO-2026-00116,2,Demo portfolio,2026-08-16T12:00:00+00:00,0.0,B
Casey Hayes · Demo 117,,homeowner117@example.com,202-555-0100,HomeGuard Demo Agency,2026-09-15,Individual,,216 Example Lane,Sample City,IA,01116,Sample County,Owner-occupied,Yes,Detached single family,1,1968,2900,3,Frame,Slab,No,,No,10,No,No,,,9,Slate,Hip,Good,2017.0,1,No,DEMO-ONLY/117/roof_verification,Copper,Circuit breakers,,200,Copper,,1,Garage,Heat pump,,No,No,No,,No,No,Yes,None,None,No,No,No,3.3,350,,No,No,No,No,No,No,,6,11,X,,No,No,No,,HO-3,755491,801000,80100,480600,160200,100000,5000,1000,2,No,No,No,No,In force,No,Example Mutual (synthetic),,0,No,,0,0,0,0,,Verified,Verified,Verified,Verified,Verified,DEMO-ONLY/117/property_verification,DEMO-ONLY/117/claims_verification,DEMO-ONLY/117/hazard_verification,DEMO-ONLY/117/replacement_cost_verification,Synthetic evidence scenario,2026-09-15,,No,Yes,Yes,Yes,,DEMO-2026-00117,2,Demo portfolio,2026-09-08T12:00:00+00:00,0.0,B
Jordan Ellis · Demo 118,,homeowner118@example.com,202-555-0100,HomeGuard Demo Agency,2026-09-15,Individual,,217 Example Lane,Sample City,KS,01117,Sample County,Owner-occupied,Yes,Detached single family,1,1978,5400,2,Solid masonry,Basement,No,,No,6,No,No,,,14,Slate,Mixed,Fair,2012.0,1,No,DEMO-ONLY/118/roof_verification,Copper,Circuit breakers,,200,Copper,,8,Garage,Central electric,,Yes,No,No,,No,Yes,Yes,None,None,No,No,No,0.3,600,,No,No,No,No,No,No,,21,46,X,,No,No,No,,HO-3,1225899,1153000,115300,691800,230600,100000,5000,2500,2,No,No,No,No,In force,No,Example Mutual (synthetic),,0,No,,0,0,0,0,,Verified,Verified,Verified,Verified,Verified,DEMO-ONLY/118/property_verification,DEMO-ONLY/118/claims_verification,DEMO-ONLY/118/hazard_verification,DEMO-ONLY/118/replacement_cost_verification,Synthetic evidence scenario,2026-09-15,,No,Yes,Yes,Yes,,DEMO-2026-00118,2,Demo portfolio,2026-09-05T12:00:00+00:00,0.0,B
Jordan Hayes · Demo 119,,homeowner119@example.com,202-555-0100,HomeGuard Demo Agency,2026-09-15,Individual,,218 Example Lane,Sample City,KY,01118,Sample County,Owner-occupied,Yes,Condominium,1,1973,1150,3,Masonry veneer,Crawl space,No,,No,10,No,No,,,13,Tile,Hip,Fair,2013.0,1,No,DEMO-ONLY/119/roof_verification,Copper,Circuit breakers,,200,Copper,,8,Garage,Heat pump,,No,No,No,,No,Yes,Yes,None,None,No,No,No,2.8,900,,No,No,No,No,No,No,,9,12,X,,No,No,No,,HO-3,881604,947000,94700,568200,189400,300000,5000,2500,2,No,No,No,No,In force,No,Example Mutual (synthetic),,0,No,,0,0,0,0,,Verified,Verified,Verified,Verified,Verified,DEMO-ONLY/119/property_verification,DEMO-ONLY/119/claims_verification,DEMO-ONLY/119/hazard_verification,DEMO-ONLY/119/replacement_cost_verification,Synthetic evidence scenario,2026-09-15,,No,Yes,Yes,Yes,,DEMO-2026-00119,2,Demo portfolio,2026-07-27T12:00:00+00:00,0.0,B
Sam Parker · Demo 120,,homeowner120@example.com,202-555-0100,HomeGuard Demo Agency,2026-09-15,Individual,,219 Example Lane,Sample City,LA,01119,Sample County,Owner-occupied,Yes,Detached single family,1,1954,3450,2,Solid masonry,Basement,No,,No,17,No,No,,,1,Tile,Hip,Good,2025.0,1,No,DEMO-ONLY/120/roof_verification,Copper,Circuit breakers,,200,Copper,,14,Garage,Heat pump,,No,No,No,,No,Yes,Yes,None,None,No,No,No,1.4,200,,Yes,Yes,No,No,No,No,,49,47,X,,No,No,No,,HO-3,1437601,1378000,137800,826800,275600,300000,5000,5000,2,No,No,No,No,In force,No,Example Mutual (synthetic),,0,No,,0,0,0,0,,Verified,Verified,Verified,Verified,Verified,DEMO-ONLY/120/property_verification,DEMO-ONLY/120/claims_verification,DEMO-ONLY/120/hazard_verification,DEMO-ONLY/120/replacement_cost_verification,Synthetic evidence scenario,2026-09-15,,No,Yes,Yes,Yes,,DEMO-2026-00120,2,Demo portfolio,2026-08-21T12:00:00+00:00,0.0,A
Alex Reed · Demo 121,,homeowner121@example.com,202-555-0100,HomeGuard Demo Agency,2026-09-15,Individual,,220 Example Lane,Sample City,ME,01120,Sample County,Owner-occupied,Yes,Detached single family,1,1951,3800,2,Solid masonry,Basement,No,,No,19,No,No,,,10,Slate,Hip,Fair,2016.0,1,No,DEMO-ONLY/121/roof_verification,Copper,Circuit breakers,,200,PEX / PVC / CPVC,,8,Garage,Heat pump,,No,No,No,,No,Yes,Yes,None,None,No,No,No,3.5,250,,No,No,No,No,No,No,,3,3,X,,No,No,No,,HO-3,445661,481000,48100,288600,96200,500000,5000,1000,2,No,No,No,No,In force,No,Example Mutual (synthetic),,0,No,,1,0,94271,0,"Synthetic loss-run example: 1 claim(s), 0 open; total paid $94,271. Not a real claims report.",Verified,Verified,Verified,Not checked,Verified,DEMO-ONLY/121/property_verification,DEMO-ONLY/121/claims_verification,,DEMO-ONLY/121/replacement_cost_verification,Synthetic evidence scenario,2026-09-15,,No,Yes,Yes,Yes,,DEMO-2026-00121,2,Demo portfolio,2026-08-22T12:00:00+00:00,0.195989604989605,B
Alex Brooks · Demo 122,,homeowner122@example.com,202-555-0100,HomeGuard Demo Agency,2026-09-15,Individual,,221 Example Lane,Sample City,MD,01121,Sample County,Owner-occupied,Yes,Detached single family,1,1997,1250,1,Solid masonry,Basement,No,,No,14,No,No,,,4,Metal,Hip,Fair,2022.0,1,No,DEMO-ONLY/122/roof_verification,Copper,Circuit breakers,,200,PEX / PVC / CPVC,,1,Garage,Central electric,,No,No,No,,No,Yes,Yes,None,None,No,No,No,0.9,500,,No,No,No,No,No,No,,35,49,X,,No,No,No,,HO-5,668757,751000,75100,450600,150200,100000,5000,1000,2,No,No,No,No,In force,No,Example Mutual (synthetic),,0,No,,1,0,753710,0,"Synthetic loss-run example: 1 claim(s), 0 open; total paid $753,710. Not a real claims report.",Verified,Verified,Verified,Verified,Verified,DEMO-ONLY/122/property_verification,DEMO-ONLY/122/claims_verification,DEMO-ONLY/122/hazard_verification,DEMO-ONLY/122/replacement_cost_verification,Synthetic evidence scenario,2026-09-15,,No,Yes,Yes,Yes,,DEMO-2026-00122,2,Demo portfolio,2026-08-12T12:00:00+00:00,1.0036085219707058,F
Sam Brooks · Demo 123,,homeowner123@example.com,202-555-0100,HomeGuard Demo Agency,2026-09-15,Individual,,222 Example Lane,Sample City,MA,01122,Sample County,Owner-occupied,Yes,Detached single family,1,1985,1300,2,Masonry veneer,Slab,No,,No,16,No,No,,,9,Tile,Hip,Fair,2017.0,1,No,DEMO-ONLY/123/roof_verification,Copper,Circuit breakers,,200,Copper,,8,Garage,Heat pump,,No,No,No,,No,Yes,Yes,None,None,No,No,No,0.5,500,,No,No,No,No,No,No,,3,25,X,,No,No,No,,HO-5,391640,356000,35600,213600,71200,500000,5000,1000,2,No,No,No,No,In force,No,Example Mutual (synthetic),,0,No,,1,0,10000,1,"Synthetic loss-run example: 1 claim(s), 1 open; total paid $10,000. Not a real claims report.",Verified,Verified,Verified,Verified,Verified,DEMO-ONLY/123/property_verification,DEMO-ONLY/123/claims_verification,DEMO-ONLY/123/hazard_verification,DEMO-ONLY/123/replacement_cost_verification,Synthetic evidence scenario,2026-09-15,,No,Yes,Yes,Yes,,DEMO-2026-00123,2,Demo portfolio,2026-08-27T12:00:00+00:00,0.028089887640449437,F
Alex Lane · Demo 124,,homeowner124@example.com,202-555-0100,HomeGuard Demo Agency,2026-09-15,Individual,,223 Example Lane,Sample City,MI,01123,Sample County,Owner-occupied,Yes,Detached single family,1,1992,3400,2,Solid masonry,Slab,No,,No,10,No,No,,,7,Tile,Mixed,Good,2019.0,1,No,DEMO-ONLY/124/roof_verification,Copper,Circuit breakers,,200,PEX / PVC / CPVC,,9,Garage,Central electric,,No,No,No,,No,Yes,Yes,None,None,No,No,No,4.1,500,,No,No,No,No,No,No,,18,22,X,,No,No,No,,HO-5,357089,318000,31800,190800,63600,500000,5000,5000,2,No,No,No,No,In force,No,Example Mutual (synthetic),,0,No,,0,0,0,0,,Verified,Verified,Verified,Verified,Verified,DEMO-ONLY/124/property_verification,DEMO-ONLY/124/claims_verification,DEMO-ONLY/124/hazard_verification,DEMO-ONLY/124/replacement_cost_verification,Synthetic evidence scenario,2026-09-15,,No,Yes,Yes,Yes,,DEMO-2026-00124,2,Demo portfolio,2026-07-24T12:00:00+00:00,0.0,A
Sam Brooks · Demo 125,,homeowner125@example.com,202-555-0100,HomeGuard Demo Agency,2026-09-15,Individual,,224 Example Lane,Sample City,MN,01124,Sample County,Owner-occupied,Yes,Detached single family,1,1959,1900,3,Masonry veneer,Crawl space,No,,No,14,No,No,,,16,Architectural shingle,Hip,Good,2010.0,1,No,DEMO-ONLY/125/roof_verification,Copper,Circuit breakers,,200,PEX / PVC / CPVC,,4,Garage,Central gas,,No,No,No,,No,Yes,Yes,None,None,No,No,No,1.0,500,,No,No,No,No,No,No,,40,25,X,,No,No,No,,HO-5,403722,441000,44100,264600,88200,500000,5000,2500,2,No,No,No,No,In force,No,Example Mutual (synthetic),,0,No,,1,0,61505,0,"Synthetic loss-run example: 1 claim(s), 0 open; total paid $61,505. Not a real claims report.",Verified,Verified,Verified,Verified,Verified,DEMO-ONLY/125/property_verification,DEMO-ONLY/125/claims_verification,DEMO-ONLY/125/hazard_verification,DEMO-ONLY/125/replacement_cost_verification,Synthetic evidence scenario,2026-09-15,,No,Yes,Yes,Yes,,DEMO-2026-00125,2,Demo portfolio,2026-07-24T12:00:00+00:00,0.1394671201814059,A
Taylor Parker · Demo 126,,homeowner126@example.com,202-555-0100,HomeGuard Demo Agency,2026-09-15,Individual,,225 Example Lane,Sample City,MS,01125,Sample County,Owner-occupied,Yes,Detached single family,1,1952,2000,3,Solid masonry,Basement,No,,No,4,No,No,,,17,Architectural shingle,Gable,Good,2009.0,1,No,DEMO-ONLY/126/roof_verification,Copper,Circuit breakers,,200,PEX / PVC / CPVC,,9,Garage,Heat pump,,No,No,No,,No,Yes,Yes,None,None,No,No,No,3.1,850,,No,No,No,No,No,No,,8,27,X,,No,No,No,,HO-5,900338,845000,84500,507000,169000,100000,5000,2500,2,No,No,No,No,In force,No,Example Mutual (synthetic),,0,No,,0,0,0,0,,Verified,Verified,Verified,Verified,Verified,DEMO-ONLY/126/property_verification,DEMO-ONLY/126/claims_verification,DEMO-ONLY/126/hazard_verification,DEMO-ONLY/126/replacement_cost_verification,Synthetic evidence scenario,2026-09-15,,No,Yes,Yes,Yes,,DEMO-2026-00126,2,Demo portfolio,2026-07-22T12:00:00+00:00,0.0,A
Jordan Lane · Demo 127,,homeowner127@example.com,202-555-0100,HomeGuard Demo Agency,2026-09-15,Individual,,226 Example Lane,Sample City,MO,01126,Sample County,Owner-occupied,Yes,Detached single family,1,1996,1900,3,Masonry veneer,Slab,No,,No,18,No,No,,,8,Slate,Mixed,Fair,2018.0,1,No,DEMO-ONLY/127/roof_verification,Copper,Circuit breakers,,200,PEX / PVC / CPVC,,2,Garage,Heat pump,,No,No,No,,No,Yes,Yes,None,None,No,No,No,4.6,900,,Yes,Yes,No,No,No,No,,2,10,X,,No,No,No,,HO-5,579310,532000,53200,319200,106400,500000,5000,2500,2,No,No,No,No,In force,No,Example Mutual (synthetic),,0,No,,0,0,0,0,,Verified,Verified,Verified,Verified,Verified,DEMO-ONLY/127/property_verification,DEMO-ONLY/127/claims_verification,DEMO-ONLY/127/hazard_verification,DEMO-ONLY/127/replacement_cost_verification,Synthetic evidence scenario,2026-09-15,,No,Yes,Yes,Yes,,DEMO-2026-00127,2,Demo portfolio,2026-08-28T12:00:00+00:00,0.0,A
Sam Brooks · Demo 128,,homeowner128@example.com,202-555-0100,HomeGuard Demo Agency,2026-09-15,Individual,,227 Example Lane,Sample City,MT,01127,Sample County,Owner-occupied,Yes,Detached single family,1,1973,3050,3,Solid masonry,Basement,No,,No,18,No,No,,,18,Architectural shingle,Gable,Good,2008.0,1,No,DEMO-ONLY/128/roof_verification,Copper,Circuit breakers,,200,Copper,,14,Garage,Heat pump,,No,No,No,,No,Yes,Yes,None,None,No,No,No,0.5,300,,No,No,No,No,No,No,,11,40,X,,No,No,No,,HO-5,899659,1036000,103600,621600,207200,100000,5000,1000,2,No,No,No,No,In force,No,Example Mutual (synthetic),,0,No,,0,0,0,0,,Verified,Verified,Verified,Verified,Verified,DEMO-ONLY/128/property_verification,DEMO-ONLY/128/claims_verification,DEMO-ONLY/128/hazard_verification,DEMO-ONLY/128/replacement_cost_verification,Synthetic evidence scenario,2026-09-15,,No,Yes,Yes,Yes,,DEMO-2026-00128,2,Demo portfolio,2026-08-16T12:00:00+00:00,0.0,A
Taylor Reed · Demo 129,,homeowner129@example.com,202-555-0100,HomeGuard Demo Agency,2026-09-15,Individual,,228 Example Lane,Sample City,NE,01128,Sample County,Owner-occupied,Yes,Detached single family,1,2013,3400,1,Frame,Basement,No,,No,4,No,No,,,8,Metal,Gable,Good,2018.0,1,No,DEMO-ONLY/129/roof_verification,Copper,Circuit breakers,,200,Copper,,1,Garage,Central gas,,No,No,No,,No,Yes,Yes,None,None,No,No,No,3.3,500,,No,No,No,No,No,No,,84,37,X,,No,No,No,,HO-5,442945,453000,45300,271800,90600,100000,5000,1000,2,No,No,No,No,In force,No,Example Mutual (synthetic),,0,No,,0,0,0,0,,Verified,Verified,Verified,Verified,Verified,DEMO-ONLY/129/property_verification,DEMO-ONLY/129/claims_verification,DEMO-ONLY/129/hazard_verification,DEMO-ONLY/129/replacement_cost_verification,Synthetic evidence scenario,2026-09-15,,No,Yes,Yes,Yes,,DEMO-2026-00129,2,Demo portfolio,2026-08-07T12:00:00+00:00,0.0,B
Taylor Hayes · Demo 130,,homeowner130@example.com,202-555-0100,HomeGuard Demo Agency,2026-09-15,Individual,,229 Example Lane,Sample City,NV,01129,Sample County,Seasonal,Yes,Detached single family,1,1994,5350,2,Masonry veneer,Slab,No,,No,3,No,No,,,2,Tile,Mixed,Fair,2024.0,1,No,DEMO-ONLY/130/roof_verification,Copper,Circuit breakers,,200,Copper,,10,Garage,Central electric,,No,No,No,,No,Yes,Yes,None,None,No,No,No,1.7,850,,No,No,No,No,No,No,,34,21,X,,No,No,No,,HO-3,739833,721000,72100,432600,144200,100000,5000,2500,2,No,No,No,No,In force,No,Example Mutual (synthetic),,0,No,,0,0,0,0,,Verified,Verified,Verified,Verified,Verified,DEMO-ONLY/130/property_verification,DEMO-ONLY/130/claims_verification,DEMO-ONLY/130/hazard_verification,DEMO-ONLY/130/replacement_cost_verification,Synthetic evidence scenario,2026-09-15,,No,Yes,Yes,Yes,,DEMO-2026-00130,2,Demo portfolio,2026-07-29T12:00:00+00:00,0.0,B
Sam Brooks · Demo 131,,homeowner131@example.com,202-555-0100,HomeGuard Demo Agency,2026-09-15,Individual,,230 Example Lane,Sample City,NH,01130,Sample County,Owner-occupied,Yes,Detached single family,1,1995,4050,1,Masonry veneer,Basement,No,,No,15,No,No,,,6,Tile,Mixed,Good,2020.0,1,No,DEMO-ONLY/131/roof_verification,Copper,Circuit breakers,,200,PEX / PVC / CPVC,,1,Garage,Heat pump,,No,No,No,,No,Yes,Yes,None,None,No,No,No,2.8,450,,No,No,No,No,No,No,,43,26,VE,,No,No,No,,HO-3,762539,688000,68800,412800,137600,300000,5000,5000,2,No,No,No,No,In force,No,Example Mutual (synthetic),,0,No,,0,0,0,0,,Verified,Verified,Verified,Not checked,Verified,DEMO-ONLY/131/property_verification,DEMO-ONLY/131/claims_verification,,DEMO-ONLY/131/replacement_cost_verification,Synthetic evidence scenario,2026-09-15,,No,Yes,Yes,Yes,,DEMO-2026-00131,2,Demo portfolio,2026-08-01T12:00:00+00:00,0.0,B
Alex Reed · Demo 132,,homeowner132@example.com,202-555-0100,HomeGuard Demo Agency,2026-09-15,Individual,,231 Example Lane,Sample City,NJ,01131,Sample County,Owner-occupied,Yes,Detached single family,1,2008,5150,3,Masonry veneer,Crawl space,No,,No,12,No,No,,,10,Slate,Hip,Fair,2016.0,1,No,DEMO-ONLY/132/roof_verification,Copper,Circuit breakers,,200,PEX / PVC / CPVC,,1,Garage,Central gas,,No,No,No,,No,Yes,Yes,None,None,No,No,No,1.4,600,,No,No,No,No,No,No,,1,25,X,,No,No,No,,HO-5,474948,457000,45700,274200,91400,500000,5000,2500,2,No,No,No,No,In force,No,Example Mutual (synthetic),,0,No,,0,0,0,0,,Verified,Verified,Verified,Verified,Verified,DEMO-ONLY/132/property_verification,DEMO-ONLY/132/claims_verification,DEMO-ONLY/132/hazard_verification,DEMO-ONLY/132/replacement_cost_verification,Synthetic evidence scenario,2026-09-15,,No,Yes,Yes,Yes,,DEMO-2026-00132,2,Demo portfolio,2026-08-08T12:00:00+00:00,0.0,A
Taylor Reed · Demo 133,,homeowner133@example.com,202-555-0100,HomeGuard Demo Agency,2026-09-15,Individual,,232 Example Lane,Sample City,NM,01132,Sample County,Owner-occupied,Yes,Detached single family,1,1977,1400,2,Solid masonry,Basement,No,,No,17,No,No,,,6,Metal,Gable,Fair,2020.0,1,No,DEMO-ONLY/133/roof_verification,Copper,Circuit breakers,,200,PEX / PVC / CPVC,,14,Garage,Central electric,,No,No,No,,No,Yes,Yes,None,None,No,No,No,4.2,650,,No,No,No,No,No,No,,41,47,X,,No,No,No,,HO-5,264012,304000,30400,182400,60800,300000,5000,1000,2,No,No,No,No,In force,No,Example Mutual (synthetic),,0,No,,1,0,15584,0,"Synthetic loss-run example: 1 claim(s), 0 open; total paid $15,584. Not a real claims report.",Verified,Verified,Verified,Verified,Verified,DEMO-ONLY/133/property_verification,DEMO-ONLY/133/claims_verification,DEMO-ONLY/133/hazard_verification,DEMO-ONLY/133/replacement_cost_verification,Synthetic evidence scenario,2026-09-15,,No,Yes,Yes,Yes,,DEMO-2026-00133,2,Demo portfolio,2026-08-07T12:00:00+00:00,0.051263157894736844,A
Casey Brooks · Demo 134,,homeowner134@example.com,202-555-0100,HomeGuard Demo Agency,2026-09-15,Individual,,233 Example Lane,Sample City,NY,01133,Sample County,Owner-occupied,Yes,Detached single family,1,1976,2000,2,Masonry veneer,Slab,No,,No,9,No,No,,,7,Tile,Mixed,Fair,2019.0,1,No,DEMO-ONLY/134/roof_verification,Copper,Circuit breakers,,200,PEX / PVC / CPVC,,5,Garage,Central gas,,No,No,No,,No,Yes,Yes,None,None,No,No,No,2.5,850,,Yes,Yes,No,No,No,No,,12,48,X,,No,No,No,,HO-5,663745,610000,61000,366000,122000,100000,5000,2500,2,No,No,No,No,In force,No,Example Mutual (synthetic),,0,No,,0,0,0,0,,Verified,Verified,Verified,Verified,Verified,DEMO-ONLY/134/property_verification,DEMO-ONLY/134/claims_verification,DEMO-ONLY/134/hazard_verification,DEMO-ONLY/134/replacement_cost_verification,Synthetic evidence scenario,2026-09-15,,No,Yes,Yes,Yes,,DEMO-2026-00134,2,Demo portfolio,2026-07-19T12:00:00+00:00,0.0,A
Taylor Reed · Demo 135,,homeowner135@example.com,202-555-0100,HomeGuard Demo Agency,2026-09-15,Individual,,234 Example Lane,Sample City,NC,01134,Sample County,Owner-occupied,Yes,Detached single family,1,1957,4900,2,Masonry veneer,Basement,No,,No,20,No,No,,,6,Slate,Gable,Good,2020.0,1,No,DEMO-ONLY/135/roof_verification,Copper,Circuit breakers,,200,Copper,,5,Garage,Heat pump,,No,No,No,,No,Yes,Yes,None,None,No,No,No,1.4,800,,No,No,No,No,No,No,,37,17,X,,No,No,No,,HO-5,703644,636000,63600,381600,127200,500000,5000,5000,2,No,No,No,No,In force,No,Example Mutual (synthetic),,0,No,,0,0,0,0,,Verified,Verified,Verified,Verified,Verified,DEMO-ONLY/135/property_verification,DEMO-ONLY/135/claims_verification,DEMO-ONLY/135/hazard_verification,DEMO-ONLY/135/replacement_cost_verification,Synthetic evidence scenario,2026-09-15,,No,Yes,Yes,Yes,,DEMO-2026-00135,2,Demo portfolio,2026-09-05T12:00:00+00:00,0.0,A
Morgan Lane · Demo 136,,homeowner136@example.com,202-555-0100,HomeGuard Demo Agency,2026-09-15,Individual,,235 Example Lane,Sample City,ND,01135,Sample County,Owner-occupied,Yes,Detached single family,1,1985,4000,2,Masonry veneer,Slab,No,,No,1,No,No,,,6,Tile,Mixed,Good,2020.0,1,No,DEMO-ONLY/136/roof_verification,Copper,Circuit breakers,,200,Copper,,4,Garage,Central gas,,No,No,No,,No,Yes,Yes,None,None,No,No,No,1.6,850,,No,No,No,No,No,No,,43,2,X,,No,No,No,,HO-5,741285,854000,85400,512400,170800,100000,5000,2500,2,No,No,No,No,In force,No,Example Mutual (synthetic),,0,No,,0,0,0,0,,Verified,Verified,Verified,Verified,Verified,DEMO-ONLY/136/property_verification,DEMO-ONLY/136/claims_verification,DEMO-ONLY/136/hazard_verification,DEMO-ONLY/136/replacement_cost_verification,Synthetic evidence scenario,2026-09-15,,No,Yes,Yes,Yes,,DEMO-2026-00136,2,Demo portfolio,2026-08-31T12:00:00+00:00,0.0,A
Sam Parker · Demo 137,,homeowner137@example.com,202-555-0100,HomeGuard Demo Agency,2026-09-15,Individual,,236 Example Lane,Sample City,OH,01136,Sample County,Owner-occupied,Yes,Detached single family,1,1998,4200,3,Solid masonry,Basement,No,,No,9,No,No,,,1,Architectural shingle,Gable,Fair,2025.0,1,No,DEMO-ONLY/137/roof_verification,Copper,Circuit breakers,,200,PEX / PVC / CPVC,,12,Garage,Heat pump,,No,No,No,,No,Yes,Yes,None,None,No,No,No,1.4,650,,No,No,No,No,No,No,,20,45,X,,No,No,No,,HO-5,278888,312000,31200,187200,62400,300000,5000,5000,2,No,No,No,No,In force,No,Example Mutual (synthetic),,0,No,,1,1,10000,0,"Synthetic loss-run example: 1 claim(s), 0 open; total paid $10,000. Not a real claims report.",Verified,Verified,Verified,Verified,Verified,DEMO-ONLY/137/property_verification,DEMO-ONLY/137/claims_verification,DEMO-ONLY/137/hazard_verification,DEMO-ONLY/137/replacement_cost_verification,Synthetic evidence scenario,2026-09-15,,No,Yes,Yes,Yes,,DEMO-2026-00137,2,Demo portfolio,2026-09-08T12:00:00+00:00,0.03205128205128205,B
Jordan Reed · Demo 138,,homeowner138@example.com,202-555-0100,HomeGuard Demo Agency,2026-09-15,Individual,,237 Example Lane,Sample City,OK,01137,Sample County,Owner-occupied,Yes,Detached single family,1,1950,4250,1,Solid masonry,Slab,No,,No,6,No,No,,,10,Metal,Hip,Good,2016.0,1,No,DEMO-ONLY/138/roof_verification,Copper,Circuit breakers,,200,PEX / PVC / CPVC,,12,Garage,Central electric,,No,No,No,,No,Yes,Yes,None,None,No,No,No,2.3,700,,No,No,No,No,No,No,,7,44,X,,No,No,No,,HO-5,529559,548000,54800,328800,109600,500000,5000,2500,2,No,No,No,No,In force,No,Example Mutual (synthetic),,0,No,,0,0,0,0,,Verified,Verified,Verified,Verified,Verified,DEMO-ONLY/138/property_verification,DEMO-ONLY/138/claims_verification,DEMO-ONLY/138/hazard_verification,DEMO-ONLY/138/replacement_cost_verification,Synthetic evidence scenario,2026-09-15,,No,Yes,Yes,Yes,,DEMO-2026-00138,2,Demo portfolio,2026-08-03T12:00:00+00:00,0.0,A
Taylor Reed · Demo 139,,homeowner139@example.com,202-555-0100,HomeGuard Demo Agency,2026-09-15,Individual,,238 Example Lane,Sample City,OR,01138,Sample County,Owner-occupied,Yes,Detached single family,1,1964,4600,1,Masonry veneer,Basement,No,,No,2,No,No,,,16,Slate,Mixed,Fair,2010.0,1,No,DEMO-ONLY/139/roof_verification,Copper,Circuit breakers,,200,Copper,,14,Garage,Central electric,,No,No,No,,No,Yes,Yes,None,None,No,No,No,8.8,700,,No,No,No,No,No,No,,3,48,X,,No,No,No,,HO-5,510892,549000,54900,329400,109800,300000,5000,1000,2,No,No,No,No,In force,No,Example Mutual (synthetic),,0,No,,0,0,0,0,,Verified,Verified,Verified,Verified,Verified,DEMO-ONLY/139/property_verification,DEMO-ONLY/139/claims_verification,DEMO-ONLY/139/hazard_verification,DEMO-ONLY/139/replacement_cost_verification,Synthetic evidence scenario,2026-09-15,,No,Yes,Yes,Yes,,DEMO-2026-00139,2,Demo portfolio,2026-08-23T12:00:00+00:00,0.0,B
Casey Brooks · Demo 140,,homeowner140@example.com,202-555-0100,HomeGuard Demo Agency,2026-09-15,Individual,,239 Example Lane,Sample City,PA,01139,Sample County,Owner-occupied,Yes,Detached single family,1,1959,3300,3,Frame,Crawl space,No,,No,0,No,No,,,18,Metal,Gable,Good,2008.0,1,No,DEMO-ONLY/140/roof_verification,Copper,Circuit breakers,,200,Copper,,7,Garage,Central gas,,No,No,No,,No,Yes,Yes,None,None,No,No,No,2.3,200,,No,No,No,No,No,No,,3,33,X,,No,No,No,,HO-3,1219934,1379000,137900,827400,275800,300000,5000,1000,2,No,No,No,No,In force,No,Example Mutual (synthetic),,0,No,,0,0,0,0,,Verified,Verified,Verified,Verified,Verified,DEMO-ONLY/140/property_verification,DEMO-ONLY/140/claims_verification,DEMO-ONLY/140/hazard_verification,DEMO-ONLY/140/replacement_cost_verification,Synthetic evidence scenario,2026-09-15,,No,Yes,Yes,Yes,,DEMO-2026-00140,2,Demo portfolio,2026-08-27T12:00:00+00:00,0.0,A
Taylor Ellis · Demo 141,,homeowner141@example.com,202-555-0100,HomeGuard Demo Agency,2026-09-15,Individual,,240 Example Lane,Sample City,RI,01140,Sample County,Owner-occupied,Yes,Detached single family,1,2008,2350,3,Solid masonry,Basement,No,,No,10,No,No,,,2,Slate,Gable,Fair,2024.0,1,No,DEMO-ONLY/141/roof_verification,Copper,Circuit breakers,,200,PEX / PVC / CPVC,,11,Garage,Central electric,,No,No,Yes,,No,Yes,Yes,None,None,No,No,No,4.8,150,,No,No,No,No,No,No,,13,12,X,,No,No,No,,HO-3,548434,511000,51100,306600,102200,100000,5000,2500,2,No,No,No,No,In force,No,Example Mutual (synthetic),,0,No,,0,0,0,0,,Verified,Verified,Verified,Not checked,Verified,DEMO-ONLY/141/property_verification,DEMO-ONLY/141/claims_verification,,DEMO-ONLY/141/replacement_cost_verification,Synthetic evidence scenario,2026-09-15,,No,Yes,Yes,Yes,,DEMO-2026-00141,2,Demo portfolio,2026-08-17T12:00:00+00:00,0.0,B
Alex Brooks · Demo 142,,homeowner142@example.com,202-555-0100,HomeGuard Demo Agency,2026-09-15,Individual,,241 Example Lane,Sample City,SC,01141,Sample County,Owner-occupied,Yes,Detached single family,1,1970,3150,1,Frame,Basement,No,,No,3,No,Yes,,,8,Tile,Mixed,Good,2018.0,1,No,DEMO-ONLY/142/roof_verification,Copper,Circuit breakers,,200,Copper,,4,Garage,Central gas,,No,No,No,,No,Yes,Yes,None,None,No,No,No,1.7,750,,No,No,No,No,No,No,,21,3,X,,No,No,No,,HO-3,1452638,1496000,149600,897600,299200,300000,5000,2500,2,No,No,No,No,In force,No,Example Mutual (synthetic),,0,No,,0,0,0,0,,Verified,Verified,Verified,Verified,Verified,DEMO-ONLY/142/property_verification,DEMO-ONLY/142/claims_verification,DEMO-ONLY/142/hazard_verification,DEMO-ONLY/142/replacement_cost_verification,Synthetic evidence scenario,2026-09-15,,No,Yes,Yes,Yes,,DEMO-2026-00142,2,Demo portfolio,2026-09-09T12:00:00+00:00,0.0,B
Sam Ellis · Demo 143,,homeowner143@example.com,202-555-0100,HomeGuard Demo Agency,2026-09-15,Individual,,242 Example Lane,Sample City,SD,01142,Sample County,Owner-occupied,Yes,Detached single family,1,1983,3850,1,Frame,Crawl space,No,,Yes,5,No,No,,,8,Tile,Hip,Good,2018.0,1,No,DEMO-ONLY/143/roof_verification,Copper,Circuit breakers,,200,Copper,,2,Garage,Heat pump,,No,No,No,,No,Yes,Yes,None,None,No,No,No,3.4,600,,No,No,No,No,No,No,,3,5,X,,No,No,No,,HO-5,1458739,1383000,138300,829800,276600,100000,5000,1000,2,No,No,No,No,In force,No,Example Mutual (synthetic),,0,No,,0,0,0,0,,Verified,Verified,Verified,Verified,Verified,DEMO-ONLY/143/property_verification,DEMO-ONLY/143/claims_verification,DEMO-ONLY/143/hazard_verification,DEMO-ONLY/143/replacement_cost_verification,Synthetic evidence scenario,2026-09-15,,No,Yes,Yes,Yes,,DEMO-2026-00143,2,Demo portfolio,2026-07-25T12:00:00+00:00,0.0,B
Taylor Lane · Demo 144,,homeowner144@example.com,202-555-0100,HomeGuard Demo Agency,2026-09-15,Individual,,243 Example Lane,Sample City,TN,01143,Sample County,Owner-occupied,Yes,Detached single family,1,1980,4450,3,Solid masonry,Basement,No,,No,7,No,No,,,18,Metal,Hip,Good,2008.0,1,No,DEMO-ONLY/144/roof_verification,Copper,Circuit breakers,,200,Copper,,12,Garage,Heat pump,,No,No,No,,No,Yes,Yes,None,None,No,No,No,1.0,750,,No,No,No,No,No,Yes,,47,36,X,,No,No,No,,HO-5,640641,601000,60100,360600,120200,500000,5000,2500,2,No,No,No,No,In force,No,Example Mutual (synthetic),,0,No,,0,0,0,0,,Verified,Verified,Verified,Verified,Verified,DEMO-ONLY/144/property_verification,DEMO-ONLY/144/claims_verification,DEMO-ONLY/144/hazard_verification,DEMO-ONLY/144/replacement_cost_verification,Synthetic evidence scenario,2026-09-15,,No,Yes,Yes,Yes,,DEMO-2026-00144,2,Demo portfolio,2026-08-18T12:00:00+00:00,0.0,B
Sam Lane · Demo 145,,homeowner145@example.com,202-555-0100,HomeGuard Demo Agency,2026-09-15,Individual,,244 Example Lane,Sample City,TX,01144,Sample County,Owner-occupied,Yes,Detached single family,1,1951,3750,2,Masonry veneer,Slab,No,,No,14,No,No,,,9,Architectural shingle,Gable,Fair,2017.0,1,No,DEMO-ONLY/145/roof_verification,Copper,Circuit breakers,,200,Copper,,11,Garage,Central gas,,No,No,No,,No,Yes,Yes,None,None,No,No,No,4.6,800,,No,No,No,No,No,No,,19,29,X,,No,No,No,,HO-5,1218447,1251000,125100,750600,250200,100000,5000,5000,2,No,No,No,No,In force,No,Example Mutual (synthetic),,0,No,,1,0,111778,0,"Synthetic loss-run example: 1 claim(s), 0 open; total paid $111,778. Not a real claims report.",Verified,Verified,Verified,Verified,Verified,DEMO-ONLY/145/property_verification,DEMO-ONLY/145/claims_verification,DEMO-ONLY/145/hazard_verification,DEMO-ONLY/145/replacement_cost_verification,Synthetic evidence scenario,2026-09-15,,No,Yes,Yes,Yes,,DEMO-2026-00145,2,Demo portfolio,2026-08-14T12:00:00+00:00,0.08935091926458832,A
Taylor Lane · Demo 146,,homeowner146@example.com,202-555-0100,HomeGuard Demo Agency,2026-09-15,Individual,,245 Example Lane,Sample City,UT,01145,Sample County,Owner-occupied,Yes,Detached single family,1,1980,1400,3,Masonry veneer,Slab,No,,No,17,No,No,,,11,Metal,Gable,Good,2015.0,1,No,DEMO-ONLY/146/roof_verification,Copper,Circuit breakers,,200,Copper,,12,Garage,Central electric,,No,No,No,,No,Yes,Yes,None,None,No,No,No,1.7,350,,No,No,No,No,No,No,,30,2,X,,No,No,No,,HO-5,1156172,1369000,136900,821400,273800,100000,5000,5000,2,No,No,No,No,In force,No,Example Mutual (synthetic),,0,Yes,,0,0,0,0,,Verified,Verified,Verified,Verified,Verified,DEMO-ONLY/146/property_verification,DEMO-ONLY/146/claims_verification,DEMO-ONLY/146/hazard_verification,DEMO-ONLY/146/replacement_cost_verification,Synthetic evidence scenario,2026-09-15,,No,Yes,Yes,Yes,,DEMO-2026-00146,2,Demo portfolio,2026-09-10T12:00:00+00:00,0.0,B
Alex Lane · Demo 147,,homeowner147@example.com,202-555-0100,HomeGuard Demo Agency,2026-09-15,Individual,,246 Example Lane,Sample City,VT,01146,Sample County,Owner-occupied,Yes,Detached single family,1,1978,1950,2,Solid masonry,Slab,No,,No,12,No,No,,,2,Slate,Mixed,Fair,2024.0,1,No,DEMO-ONLY/147/roof_verification,Copper,Fuses,,200,PEX / PVC / CPVC,,9,Garage,Central gas,,No,No,No,,No,Yes,Yes,None,None,No,No,No,0.6,600,,No,No,No,No,No,No,,47,24,X,,No,No,No,,HO-3,1299900,1141000,114100,684600,228200,100000,5000,2500,2,No,No,No,No,In force,No,Example Mutual (synthetic),,0,No,,0,0,0,0,,Verified,Verified,Verified,Verified,Verified,DEMO-ONLY/147/property_verification,DEMO-ONLY/147/claims_verification,DEMO-ONLY/147/hazard_verification,DEMO-ONLY/147/replacement_cost_verification,Synthetic evidence scenario,2026-09-15,,No,Yes,Yes,Yes,,DEMO-2026-00147,2,Demo portfolio,2026-08-16T12:00:00+00:00,0.0,B
Taylor Lane · Demo 148,,homeowner148@example.com,202-555-0100,HomeGuard Demo Agency,2026-09-15,Individual,,247 Example Lane,Sample City,VA,01147,Sample County,Owner-occupied,Yes,Detached single family,1,1954,1950,3,Frame,Slab,No,,No,0,No,No,,,10,Slate,Mixed,Good,2016.0,1,No,DEMO-ONLY/148/roof_verification,Copper,Circuit breakers,,200,PEX / PVC / CPVC,,8,Garage,Central gas,,No,No,No,,No,Yes,Yes,None,None,No,No,No,3.2,150,,Yes,Yes,No,No,No,No,,35,1,X,,No,No,No,,HO-5,569513,581000,58100,348600,116200,100000,5000,5000,2,No,No,No,No,In force,No,Example Mutual (synthetic),,0,No,,0,0,0,0,,Verified,Verified,Verified,Verified,Verified,DEMO-ONLY/148/property_verification,DEMO-ONLY/148/claims_verification,DEMO-ONLY/148/hazard_verification,DEMO-ONLY/148/replacement_cost_verification,Synthetic evidence scenario,2026-09-15,,No,Yes,Yes,Yes,,DEMO-2026-00148,2,Demo portfolio,2026-08-24T12:00:00+00:00,0.0,A
Morgan Ellis · Demo 149,,homeowner149@example.com,202-555-0100,HomeGuard Demo Agency,2026-09-15,Individual,,248 Example Lane,Sample City,WA,01148,Sample County,Owner-occupied,Yes,Detached single family,1,1996,1650,2,Masonry veneer,Basement,No,,No,10,No,No,,,15,Tile,Hip,Fair,2011.0,1,No,DEMO-ONLY/149/roof_verification,Copper,Circuit breakers,,200,Copper,,7,Garage,Central gas,,No,No,No,,No,Yes,Yes,None,None,No,No,No,2.3,250,,No,No,No,No,No,No,,6,19,X,,No,No,No,,HO-5,1277024,1155000,115500,693000,231000,300000,5000,1000,2,No,No,No,No,In force,No,Example Mutual (synthetic),,0,No,,1,0,132969,0,"Synthetic loss-run example: 1 claim(s), 0 open; total paid $132,969. Not a real claims report.",Verified,Verified,Verified,Verified,Verified,DEMO-ONLY/149/property_verification,DEMO-ONLY/149/claims_verification,DEMO-ONLY/149/hazard_verification,DEMO-ONLY/149/replacement_cost_verification,Synthetic evidence scenario,2026-09-15,,No,Yes,Yes,Yes,,DEMO-2026-00149,2,Demo portfolio,2026-08-14T12:00:00+00:00,0.11512467532467532,A
Taylor Hayes · Demo 150,,homeowner150@example.com,202-555-0100,HomeGuard Demo Agency,2026-09-15,Individual,,249 Example Lane,Sample City,WV,01149,Sample County,Owner-occupied,Yes,Detached single family,1,1977,3650,3,Masonry veneer,Slab,No,,No,19,No,No,,,9,Metal,Gable,Good,2017.0,1,No,DEMO-ONLY/150/roof_verification,Copper,Circuit breakers,,200,Copper,,9,Garage,Central gas,,No,No,No,,No,Yes,Yes,None,None,No,No,No,3.9,950,,No,No,No,No,No,No,,13,17,X,,No,No,No,,HO-5,1234944,1294000,129400,776400,258800,100000,5000,2500,2,No,No,No,No,In force,No,Example Mutual (synthetic),,0,No,,0,0,0,0,,Verified,Verified,Verified,Verified,Verified,DEMO-ONLY/150/property_verification,DEMO-ONLY/150/claims_verification,DEMO-ONLY/150/hazard_verification,DEMO-ONLY/150/replacement_cost_verification,Synthetic evidence scenario,2026-09-15,,No,Yes,Yes,Yes,,DEMO-2026-00150,2,Demo portfolio,2026-08-16T12:00:00+00:00,0.0,A
Taylor Brooks · Demo 151,,homeowner151@example.com,202-555-0100,HomeGuard Demo Agency,2026-09-15,Individual,,250 Example Lane,Sample City,WI,01150,Sample County,Owner-occupied,Yes,Detached single family,1,1979,1250,2,Frame,Basement,No,,No,17,No,No,,,6,Tile,Gable,Fair,2020.0,1,No,DEMO-ONLY/151/roof_verification,Copper,Circuit breakers,,200,PEX / PVC / CPVC,,7,Garage,Central gas,,No,No,No,,No,Yes,Yes,None,None,No,No,No,0.3,700,,No,No,No,No,No,No,,29,29,X,,No,No,No,,HO-5,1267130,1238000,123800,742800,247600,300000,5000,1000,2,No,No,No,No,In force,No,Example Mutual (synthetic),,0,No,,4,0,206234,0,"Synthetic loss-run example: 4 claim(s), 0 open; total paid $206,234. Not a real claims report.",Verified,Verified,Verified,Not checked,Verified,DEMO-ONLY/151/property_verification,DEMO-ONLY/151/claims_verification,,DEMO-ONLY/151/replacement_cost_verification,Synthetic evidence scenario,2026-09-15,,No,Yes,Yes,Yes,,DEMO-2026-00151,2,Demo portfolio,2026-08-25T12:00:00+00:00,0.1665864297253635,B
Casey Parker · Demo 152,,homeowner152@example.com,202-555-0100,HomeGuard Demo Agency,2026-09-15,Individual,,251 Example Lane,Sample City,WY,01151,Sample County,Owner-occupied,Yes,Detached single family,1,1976,2750,2,Frame,Crawl space,No,,No,86,No,No,,,2,Tile,Mixed,Good,2024.0,1,No,DEMO-ONLY/152/roof_verification,Copper,Circuit breakers,,200,Copper,,11,Garage,Central gas,,No,No,No,,No,Yes,Yes,None,None,No,No,No,2.4,650,,No,No,No,No,No,No,,7,49,X,,No,No,No,,HO-5,830253,867000,86700,520200,173400,500000,5000,2500,2,No,No,No,No,In force,No,Example Mutual (synthetic),,0,No,,0,0,0,0,,Verified,Verified,Verified,Verified,Verified,DEMO-ONLY/152/property_verification,DEMO-ONLY/152/claims_verification,DEMO-ONLY/152/hazard_verification,DEMO-ONLY/152/replacement_cost_verification,Synthetic evidence scenario,2026-09-15,,No,Yes,Yes,Yes,,DEMO-2026-00152,2,Demo portfolio,2026-08-03T12:00:00+00:00,0.0,B
Jordan Hayes · Demo 153,,homeowner153@example.com,202-555-0100,HomeGuard Demo Agency,2026-09-15,Individual,,252 Example Lane,Sample City,DC,01152,Sample County,Owner-occupied,Yes,Detached single family,1,1983,2850,3,Frame,Basement,No,,No,12,No,No,,,9,Architectural shingle,Hip,Fair,2017.0,1,No,DEMO-ONLY/153/roof_verification,Copper,Circuit breakers,,200,Copper,,9,Garage,Heat pump,,No,No,No,,No,Yes,Yes,None,None,No,No,No,3.4,500,,No,No,No,No,No,No,,14,27,X,,No,No,No,,HO-5,1663733,1488000,148800,892800,297600,100000,5000,1000,2,No,No,No,No,In force,No,Example Mutual (synthetic),,60,No,,0,0,0,0,,Verified,Verified,Verified,Verified,Verified,DEMO-ONLY/153/property_verification,DEMO-ONLY/153/claims_verification,DEMO-ONLY/153/hazard_verification,DEMO-ONLY/153/replacement_cost_verification,Synthetic evidence scenario,2026-09-15,,No,Yes,Yes,Yes,,DEMO-2026-00153,2,Demo portfolio,2026-09-10T12:00:00+00:00,0.0,B
Morgan Reed · Demo 154,,homeowner154@example.com,202-555-0100,HomeGuard Demo Agency,2026-09-15,Individual,,253 Example Lane,Sample City,AL,01153,Sample County,Owner-occupied,Yes,Detached single family,1,1960,1600,2,Frame,Basement,No,,No,10,No,No,,,10,Metal,Mixed,Good,2016.0,1,No,DEMO-ONLY/154/roof_verification,Copper,Circuit breakers,,200,PEX / PVC / CPVC,,14,Garage,Central electric,,No,No,No,,No,Yes,Yes,None,None,No,No,No,1.1,500,,No,No,No,No,No,No,,32,28,X,,No,No,No,,HO-3,1610432,1417000,141700,850200,283400,100000,5000,5000,2,No,No,No,No,In force,No,Example Mutual (synthetic),,0,No,,0,0,0,0,,Verified,Verified,Verified,Verified,Verified,DEMO-ONLY/154/property_verification,DEMO-ONLY/154/claims_verification,DEMO-ONLY/154/hazard_verification,DEMO-ONLY/154/replacement_cost_verification,Synthetic evidence scenario,2026-09-15,,No,Yes,Yes,Yes,,DEMO-2026-00154,2,Demo portfolio,2026-08-07T12:00:00+00:00,0.0,A
Casey Brooks · Demo 155,,homeowner155@example.com,202-555-0100,HomeGuard Demo Agency,2026-09-15,Individual,,254 Example Lane,Sample City,AK,01154,Sample County,Owner-occupied,Yes,Detached single family,1,2011,5450,2,Solid masonry,Basement,No,,No,2,No,No,,,5,Architectural shingle,Gable,Fair,2021.0,1,No,DEMO-ONLY/155/roof_verification,Copper,Circuit breakers,,200,Copper,,10,Garage,Central electric,,No,No,No,,No,Yes,Yes,None,None,No,No,No,1.8,650,,Yes,Yes,No,No,No,No,,30,18,X,,No,No,No,,HO-3,528283,549000,54900,329400,109800,500000,5000,1000,2,No,No,No,No,In force,No,Example Mutual (synthetic),,0,No,,0,0,0,0,,Verified,Verified,Verified,Verified,Verified,DEMO-ONLY/155/property_verification,DEMO-ONLY/155/claims_verification,DEMO-ONLY/155/hazard_verification,DEMO-ONLY/155/replacement_cost_verification,Synthetic evidence scenario,2026-09-15,,No,Yes,Yes,Yes,,DEMO-2026-00155,2,Demo portfolio,2026-08-29T12:00:00+00:00,0.0,A
Morgan Lane · Demo 156,,homeowner156@example.com,202-555-0100,HomeGuard Demo Agency,2026-09-15,Individual,,255 Example Lane,Sample City,AZ,01155,Sample County,Owner-occupied,Yes,Detached single family,1,1962,1200,1,Solid masonry,Slab,No,,No,13,No,No,,,14,Tile,Hip,Fair,2012.0,1,No,DEMO-ONLY/156/roof_verification,Copper,Circuit breakers,,200,Copper,,11,Garage,Heat pump,,No,No,No,,No,Yes,Yes,None,None,No,No,No,0.5,700,,No,No,No,No,No,No,,41,0,X,,No,No,No,,HO-5,737629,664000,66400,398400,132800,100000,5000,5000,2,No,No,No,No,In force,No,Example Mutual (synthetic),,0,No,,0,0,0,0,,Verified,Verified,Verified,Verified,Verified,DEMO-ONLY/156/property_verification,DEMO-ONLY/156/claims_verification,DEMO-ONLY/156/hazard_verification,DEMO-ONLY/156/replacement_cost_verification,Synthetic evidence scenario,2026-09-15,,No,Yes,Yes,Yes,,DEMO-2026-00156,2,Demo portfolio,2026-08-16T12:00:00+00:00,0.0,A
Sam Hayes · Demo 157,,homeowner157@example.com,202-555-0100,HomeGuard Demo Agency,2026-09-15,Individual,,256 Example Lane,Sample City,AR,01156,Sample County,Owner-occupied,Yes,Detached single family,1,2000,2950,2,Masonry veneer,Crawl space,No,,No,4,No,No,,,8,Slate,Hip,Good,2018.0,1,No,DEMO-ONLY/157/roof_verification,Copper,Circuit breakers,,200,Copper,,8,Garage,Central gas,,No,No,No,,No,Yes,Yes,None,None,No,No,No,3.8,350,,No,No,No,No,No,No,,21,6,X,,No,No,No,,HO-3,1479478,1409000,140900,845400,281800,100000,5000,5000,2,No,No,No,No,In force,No,Example Mutual (synthetic),,0,No,,2,0,218193,0,"Synthetic loss-run example: 2 claim(s), 0 open; total paid $218,193. Not a real claims report.",Verified,Verified,Verified,Verified,Verified,DEMO-ONLY/157/property_verification,DEMO-ONLY/157/claims_verification,DEMO-ONLY/157/hazard_verification,DEMO-ONLY/157/replacement_cost_verification,Synthetic evidence scenario,2026-09-15,,No,Yes,Yes,Yes,,DEMO-2026-00157,2,Demo portfolio,2026-08-05T12:00:00+00:00,0.15485663591199433,B
Alex Ellis · Demo 158,,homeowner158@example.com,202-555-0100,HomeGuard Demo Agency,2026-09-15,Individual,,257 Example Lane,Sample City,CA,01157,Sample County,Owner-occupied,Yes,Detached single family,1,2005,3050,2,Solid masonry,Slab,No,,No,15,No,No,,,18,Metal,Mixed,Good,2008.0,1,No,DEMO-ONLY/158/roof_verification,Copper,Circuit breakers,,200,Copper,,2,Garage,Central gas,,No,No,No,,No,Yes,Yes,None,None,No,No,No,3.1,800,,No,No,No,No,No,No,,41,25,X,,No,No,No,,HO-3,437055,409000,40900,245400,81800,500000,5000,5000,2,No,No,No,No,In force,No,Example Mutual (synthetic),,0,No,,1,0,10000,1,"Synthetic loss-run example: 1 claim(s), 1 open; total paid $10,000. Not a real claims report.",Verified,Verified,Verified,Verified,Verified,DEMO-ONLY/158/property_verification,DEMO-ONLY/158/claims_verification,DEMO-ONLY/158/hazard_verification,DEMO-ONLY/158/replacement_cost_verification,Synthetic evidence scenario,2026-09-15,,No,Yes,Yes,Yes,,DEMO-2026-00158,2,Demo portfolio,2026-08-24T12:00:00+00:00,0.02444987775061125,F
Taylor Brooks · Demo 159,,homeowner159@example.com,202-555-0100,HomeGuard Demo Agency,2026-09-15,Individual,,258 Example Lane,Sample City,CO,01158,Sample County,Owner-occupied,Yes,Detached single family,1,1962,2550,2,Solid masonry,Slab,No,,No,2,No,No,,,15,Metal,Gable,Fair,2011.0,1,No,DEMO-ONLY/159/roof_verification,Copper,Circuit breakers,,200,Copper,,6,Garage,Heat pump,,No,No,No,,No,Yes,Yes,None,None,No,No,No,4.7,150,,No,No,No,No,No,No,,18,35,X,,No,No,No,,HO-3,953892,1112000,111200,667200,222400,300000,5000,1000,2,No,No,No,No,In force,No,Example Mutual (synthetic),,0,No,,0,0,0,0,,Verified,Verified,Verified,Verified,Verified,DEMO-ONLY/159/property_verification,DEMO-ONLY/159/claims_verification,DEMO-ONLY/159/hazard_verification,DEMO-ONLY/159/replacement_cost_verification,Synthetic evidence scenario,2026-09-15,,No,Yes,Yes,Yes,,DEMO-2026-00159,2,Demo portfolio,2026-09-09T12:00:00+00:00,0.0,A
Taylor Lane · Demo 160,,homeowner160@example.com,202-555-0100,HomeGuard Demo Agency,2026-09-15,Individual,,259 Example Lane,Sample City,CT,01159,Sample County,Owner-occupied,Yes,Detached single family,1,2023,2150,1,Frame,Slab,No,,No,1,No,No,,,1,Architectural shingle,Hip,Good,2025.0,1,No,DEMO-ONLY/160/roof_verification,Copper,Circuit breakers,,200,Copper,,13,Garage,Central gas,,No,No,No,,No,Yes,Yes,None,None,No,No,No,2.6,850,,No,No,No,No,No,No,,64,44,X,,No,No,No,,HO-3,263354,319000,31900,191400,63800,100000,5000,2500,2,No,No,No,No,In force,No,Example Mutual (synthetic),,0,No,,0,0,0,0,,Verified,Verified,Verified,Verified,Verified,DEMO-ONLY/160/property_verification,DEMO-ONLY/160/claims_verification,DEMO-ONLY/160/hazard_verification,DEMO-ONLY/160/replacement_cost_verification,Synthetic evidence scenario,2026-09-15,,No,Yes,Yes,Yes,,DEMO-2026-00160,2,Demo portfolio,2026-08-05T12:00:00+00:00,0.0,B
Morgan Lane · Demo 161,,homeowner161@example.com,202-555-0100,HomeGuard Demo Agency,2026-09-15,Individual,,260 Example Lane,Sample City,DE,01160,Sample County,Seasonal,Yes,Detached single family,1,2024,1750,3,Masonry veneer,Slab,No,,No,2,No,No,,,1,Slate,Mixed,Fair,2025.0,1,No,DEMO-ONLY/161/roof_verification,Copper,Circuit breakers,,200,PEX / PVC / CPVC,,7,Garage,Central gas,,No,No,No,,No,Yes,Yes,None,None,No,No,No,4.0,500,,No,No,No,No,No,No,,46,21,X,,No,No,No,,HO-5,988707,1023000,102300,613800,204600,500000,5000,2500,2,No,No,No,No,In force,No,Example Mutual (synthetic),,0,No,,0,0,0,0,,Verified,Verified,Verified,Not checked,Verified,DEMO-ONLY/161/property_verification,DEMO-ONLY/161/claims_verification,,DEMO-ONLY/161/replacement_cost_verification,Synthetic evidence scenario,2026-09-15,,No,Yes,Yes,Yes,,DEMO-2026-00161,2,Demo portfolio,2026-07-30T12:00:00+00:00,0.0,B
Alex Reed · Demo 162,,homeowner162@example.com,202-555-0100,HomeGuard Demo Agency,2026-09-15,Individual,,261 Example Lane,Sample City,FL,01161,Sample County,Owner-occupied,Yes,Detached single family,1,1957,3950,2,Solid masonry,Crawl space,No,,No,14,No,No,,,14,Tile,Gable,Fair,2012.0,1,No,DEMO-ONLY/162/roof_verification,Copper,Circuit breakers,,200,PEX / PVC / CPVC,,6,Garage,Heat pump,,No,No,No,,No,Yes,Yes,None,None,No,No,No,2.2,250,,Yes,Yes,No,No,No,No,,14,17,X,,No,No,No,,HO-5,396979,359000,35900,215400,71800,300000,5000,1000,2,No,No,No,No,In force,No,Example Mutual (synthetic),,0,No,,0,0,0,0,,Verified,Verified,Verified,Verified,Verified,DEMO-ONLY/162/property_verification,DEMO-ONLY/162/claims_verification,DEMO-ONLY/162/hazard_verification,DEMO-ONLY/162/replacement_cost_verification,Synthetic evidence scenario,2026-09-15,,No,Yes,Yes,Yes,,DEMO-2026-00162,2,Demo portfolio,2026-08-18T12:00:00+00:00,0.0,A
Jordan Brooks · Demo 163,,homeowner163@example.com,202-555-0100,HomeGuard Demo Agency,2026-09-15,Individual,,262 Example Lane,Sample City,GA,01162,Sample County,Owner-occupied,Yes,Detached single family,1,1995,4950,3,Frame,Slab,No,,No,6,No,No,,,16,Architectural shingle,Gable,Good,2010.0,1,No,DEMO-ONLY/163/roof_verification,Copper,Circuit breakers,,200,Copper,,10,Garage,Central electric,,No,No,No,,No,Yes,Yes,None,None,No,No,No,4.9,750,,No,No,No,No,No,No,,38,33,X,,No,No,No,,HO-5,457689,544000,54400,326400,108800,300000,5000,2500,2,No,No,No,No,In force,No,Example Mutual (synthetic),,0,No,,0,0,0,0,,Verified,Verified,Verified,Verified,Verified,DEMO-ONLY/163/property_verification,DEMO-ONLY/163/claims_verification,DEMO-ONLY/163/hazard_verification,DEMO-ONLY/163/replacement_cost_verification,Synthetic evidence scenario,2026-09-15,,No,Yes,Yes,Yes,,DEMO-2026-00163,2,Demo portfolio,2026-07-19T12:00:00+00:00,0.0,A
Sam Reed · Demo 164,,homeowner164@example.com,202-555-0100,HomeGuard Demo Agency,2026-09-15,Individual,,263 Example Lane,Sample City,HI,01163,Sample County,Owner-occupied,Yes,Detached single family,1,1971,1400,3,Solid masonry,Slab,No,,No,9,No,No,,,16,Tile,Mixed,Fair,2010.0,1,No,DEMO-ONLY/164/roof_verification,Copper,Circuit breakers,,200,Copper,,12,Garage,Heat pump,,No,No,No,,No,Yes,Yes,None,None,No,No,No,3.9,900,,No,No,No,No,No,No,,42,48,X,,No,No,No,,HO-5,677263,823000,82300,493800,164600,500000,5000,1000,2,No,No,No,No,In force,No,Example Mutual (synthetic),,0,No,,0,0,0,0,,Verified,Verified,Verified,Verified,Verified,DEMO-ONLY/164/property_verification,DEMO-ONLY/164/claims_verification,DEMO-ONLY/164/hazard_verification,DEMO-ONLY/164/replacement_cost_verification,Synthetic evidence scenario,2026-09-15,,No,Yes,Yes,Yes,,DEMO-2026-00164,2,Demo portfolio,2026-08-19T12:00:00+00:00,0.0,A
Sam Hayes · Demo 165,,homeowner165@example.com,202-555-0100,HomeGuard Demo Agency,2026-09-15,Individual,,264 Example Lane,Sample City,ID,01164,Sample County,Owner-occupied,Yes,Detached single family,1,1964,5050,2,Solid masonry,Slab,No,,No,15,No,No,,,13,Metal,Hip,Good,2013.0,1,No,DEMO-ONLY/165/roof_verification,Copper,Circuit breakers,,200,Copper,,1,Garage,Central electric,,No,No,No,,No,Yes,Yes,None,None,No,No,No,2.5,500,,No,No,No,No,No,No,,7,8,X,,No,No,No,,HO-3,576955,530000,53000,318000,106000,500000,5000,2500,2,No,No,No,No,In force,No,Example Mutual (synthetic),,0,No,,1,0,17607,0,"Synthetic loss-run example: 1 claim(s), 0 open; total paid $17,607. Not a real claims report.",Verified,Verified,Verified,Verified,Verified,DEMO-ONLY/165/property_verification,DEMO-ONLY/165/claims_verification,DEMO-ONLY/165/hazard_verification,DEMO-ONLY/165/replacement_cost_verification,Synthetic evidence scenario,2026-09-15,,No,Yes,Yes,Yes,,DEMO-2026-00165,2,Demo portfolio,2026-09-02T12:00:00+00:00,0.03322075471698113,A
Alex Lane · Demo 166,,homeowner166@example.com,202-555-0100,HomeGuard Demo Agency,2026-09-15,Individual,,265 Example Lane,Sample City,IL,01165,Sample County,Owner-occupied,Yes,Detached single family,1,1989,2150,3,Masonry veneer,Basement,No,,No,3,No,No,,,6,Slate,Mixed,Good,2020.0,1,No,DEMO-ONLY/166/roof_verification,Copper,Circuit breakers,,200,Copper,,10,Garage,Central gas,,No,No,No,,No,Yes,Yes,None,None,No,No,No,2.5,400,,No,No,No,No,No,No,,26,16,X,,No,No,No,,HO-5,877436,800000,80000,480000,160000,500000,5000,1000,2,No,No,No,No,In force,No,Example Mutual (synthetic),,0,No,,0,0,0,0,,Verified,Verified,Verified,Verified,Verified,DEMO-ONLY/166/property_verification,DEMO-ONLY/166/claims_verification,DEMO-ONLY/166/hazard_verification,DEMO-ONLY/166/replacement_cost_verification,Synthetic evidence scenario,2026-09-15,,No,Yes,Yes,Yes,,DEMO-2026-00166,2,Demo portfolio,2026-09-09T12:00:00+00:00,0.0,A
Casey Brooks · Demo 167,,homeowner167@example.com,202-555-0100,HomeGuard Demo Agency,2026-09-15,Individual,,266 Example Lane,Sample City,IN,01166,Sample County,Owner-occupied,Yes,Detached single family,1,1973,4450,1,Frame,Slab,No,,No,7,No,No,,,2,Architectural shingle,Gable,Fair,2024.0,1,No,DEMO-ONLY/167/roof_verification,Copper,Circuit breakers,,200,Copper,,13,Garage,Central electric,,No,No,No,,No,Yes,Yes,None,None,No,No,No,2.1,100,,No,No,No,No,No,No,,14,23,X,,No,No,No,,HO-5,1058414,1132000,113200,679200,226400,500000,5000,1000,2,No,No,No,No,In force,No,Example Mutual (synthetic),,0,No,,0,0,0,0,,Verified,Verified,Verified,Verified,Verified,DEMO-ONLY/167/property_verification,DEMO-ONLY/167/claims_verification,DEMO-ONLY/167/hazard_verification,DEMO-ONLY/167/replacement_cost_verification,Synthetic evidence scenario,2026-09-15,,No,Yes,Yes,Yes,,DEMO-2026-00167,2,Demo portfolio,2026-09-12T12:00:00+00:00,0.0,A
Taylor Ellis · Demo 168,,homeowner168@example.com,202-555-0100,HomeGuard Demo Agency,2026-09-15,Individual,,267 Example Lane,Sample City,IA,01167,Sample County,Owner-occupied,Yes,Detached single family,1,1989,5200,2,Frame,Basement,No,,No,1,No,No,,,11,Architectural shingle,Hip,Fair,2015.0,1,No,DEMO-ONLY/168/roof_verification,Copper,Circuit breakers,,200,Copper,,13,Garage,Central electric,,No,No,No,,No,Yes,Yes,None,None,No,No,No,0.9,550,,No,No,No,No,No,No,,20,47,X,,No,No,No,,HO-5,626539,760000,76000,456000,152000,300000,5000,2500,2,No,No,No,No,In force,No,Example Mutual (synthetic),,0,No,,0,0,0,0,,Verified,Verified,Verified,Verified,Verified,DEMO-ONLY/168/property_verification,DEMO-ONLY/168/claims_verification,DEMO-ONLY/168/hazard_verification,DEMO-ONLY/168/replacement_cost_verification,Synthetic evidence scenario,2026-09-15,,No,Yes,Yes,Yes,,DEMO-2026-00168,2,Demo portfolio,2026-08-20T12:00:00+00:00,0.0,A
Casey Brooks · Demo 169,,homeowner169@example.com,202-555-0100,HomeGuard Demo Agency,2026-09-15,Individual,,268 Example Lane,Sample City,KS,01168,Sample County,Owner-occupied,Yes,Detached single family,1,1978,2250,2,Frame,Slab,No,,No,14,No,No,,,10,Architectural shingle,Gable,Good,2016.0,1,No,DEMO-ONLY/169/roof_verification,Copper,Circuit breakers,,200,PEX / PVC / CPVC,,14,Garage,Heat pump,,No,No,No,,No,Yes,Yes,None,None,No,No,No,4.3,150,,Yes,Yes,No,No,No,No,,21,23,X,,No,No,No,,HO-5,1213842,1257000,125700,754200,251400,500000,5000,1000,2,No,No,No,No,In force,No,Example Mutual (synthetic),,0,No,,1,0,95067,0,"Synthetic loss-run example: 1 claim(s), 0 open; total paid $95,067. Not a real claims report.",Verified,Verified,Verified,Verified,Verified,DEMO-ONLY/169/property_verification,DEMO-ONLY/169/claims_verification,DEMO-ONLY/169/hazard_verification,DEMO-ONLY/169/replacement_cost_verification,Synthetic evidence scenario,2026-09-15,,No,Yes,Yes,Yes,,DEMO-2026-00169,2,Demo portfolio,2026-08-22T12:00:00+00:00,0.07563007159904535,A
Morgan Parker · Demo 170,,homeowner170@example.com,202-555-0100,HomeGuard Demo Agency,2026-09-15,Individual,,269 Example Lane,Sample City,KY,01169,Sample County,Owner-occupied,Yes,Detached single family,1,1987,3700,2,Frame,Basement,No,,No,16,No,No,,,18,Slate,Hip,Fair,2008.0,1,No,DEMO-ONLY/170/roof_verification,Copper,Circuit breakers,,200,PEX / PVC / CPVC,,10,Garage,Central gas,,No,No,No,,No,Yes,Yes,None,None,No,No,No,1.6,600,,No,No,No,No,No,No,,0,9,X,,No,No,No,,HO-3,710177,668000,66800,400800,133600,500000,5000,2500,2,No,No,No,No,In force,No,Example Mutual (synthetic),,0,No,,0,0,0,0,,Verified,Verified,Verified,Verified,Verified,DEMO-ONLY/170/property_verification,DEMO-ONLY/170/claims_verification,DEMO-ONLY/170/hazard_verification,DEMO-ONLY/170/replacement_cost_verification,Synthetic evidence scenario,2026-09-15,,No,Yes,Yes,Yes,,DEMO-2026-00170,2,Demo portfolio,2026-08-13T12:00:00+00:00,0.0,A
Sam Reed · Demo 171,,homeowner171@example.com,202-555-0100,HomeGuard Demo Agency,2026-09-15,Individual,,270 Example Lane,Sample City,LA,01170,Sample County,Owner-occupied,Yes,Detached single family,1,1993,2850,3,Solid masonry,Basement,No,,No,1,No,No,,,16,Architectural shingle,Hip,Fair,2010.0,1,No,DEMO-ONLY/171/roof_verification,Copper,Circuit breakers,,200,PEX / PVC / CPVC,,13,Garage,Central gas,,No,No,No,,No,Yes,Yes,None,None,No,No,No,1.6,650,,No,No,No,No,No,No,,39,36,X,,No,No,No,,HO-5,1099681,1069000,106900,641400,213800,300000,5000,2500,2,No,No,No,No,In force,No,Example Mutual (synthetic),,0,No,,0,0,0,0,,Verified,Verified,Verified,Not checked,Verified,DEMO-ONLY/171/property_verification,DEMO-ONLY/171/claims_verification,,DEMO-ONLY/171/replacement_cost_verification,Synthetic evidence scenario,2026-09-15,,No,Yes,Yes,Yes,,DEMO-2026-00171,2,Demo portfolio,2026-09-10T12:00:00+00:00,0.0,B
Sam Lane · Demo 172,,homeowner172@example.com,202-555-0100,HomeGuard Demo Agency,2026-09-15,Individual,,271 Example Lane,Sample City,ME,01171,Sample County,Owner-occupied,Yes,Detached single family,1,1965,3450,1,Masonry veneer,Crawl space,No,,No,0,No,No,,,3,Slate,Mixed,Fair,2023.0,1,No,DEMO-ONLY/172/roof_verification,Copper,Circuit breakers,,200,PEX / PVC / CPVC,,2,Garage,Central electric,,No,No,No,,No,Yes,Yes,None,None,No,No,No,2.5,700,,No,No,No,No,No,No,,49,47,X,,No,No,No,,HO-5,1328777,1208000,120800,724800,241600,300000,5000,1000,2,No,No,No,No,In force,No,Example Mutual (synthetic),,0,No,,0,0,0,0,,Verified,Verified,Verified,Verified,Verified,DEMO-ONLY/172/property_verification,DEMO-ONLY/172/claims_verification,DEMO-ONLY/172/hazard_verification,DEMO-ONLY/172/replacement_cost_verification,Synthetic evidence scenario,2026-09-15,,No,Yes,Yes,Yes,,DEMO-2026-00172,2,Demo portfolio,2026-07-22T12:00:00+00:00,0.0,A
Casey Hayes · Demo 173,,homeowner173@example.com,202-555-0100,HomeGuard Demo Agency,2026-09-15,Individual,,272 Example Lane,Sample City,MD,01172,Sample County,Owner-occupied,Yes,Detached single family,1,1974,1400,2,Solid masonry,Crawl space,No,,No,5,No,Yes,,,14,Metal,Hip,Good,2012.0,1,No,DEMO-ONLY/173/roof_verification,Copper,Circuit breakers,,200,Copper,,8,Garage,Central electric,,No,No,No,,No,Yes,Yes,None,None,No,No,No,3.9,950,,No,No,No,No,No,No,,7,49,X,,No,No,No,,HO-5,1225509,1105000,110500,663000,221000,500000,5000,5000,2,No,No,No,No,In force,No,Example Mutual (synthetic),,0,No,,0,0,0,0,,Verified,Verified,Verified,Verified,Verified,DEMO-ONLY/173/property_verification,DEMO-ONLY/173/claims_verification,DEMO-ONLY/173/hazard_verification,DEMO-ONLY/173/replacement_cost_verification,Synthetic evidence scenario,2026-09-15,,No,Yes,Yes,Yes,,DEMO-2026-00173,2,Demo portfolio,2026-09-12T12:00:00+00:00,0.0,B
Taylor Brooks · Demo 174,,homeowner174@example.com,202-555-0100,HomeGuard Demo Agency,2026-09-15,Individual,,273 Example Lane,Sample City,MA,01173,Sample County,Owner-occupied,Yes,Detached single family,1,1966,4600,2,Solid masonry,Basement,No,,Yes,13,No,No,,,9,Slate,Hip,Fair,2017.0,1,No,DEMO-ONLY/174/roof_verification,Copper,Circuit breakers,,200,PEX / PVC / CPVC,,7,Garage,Central gas,,No,No,No,,No,Yes,Yes,None,None,No,No,No,2.9,700,,No,No,No,No,No,No,,21,43,X,,No,No,No,,HO-5,1170877,1177000,117700,706200,235400,500000,5000,1000,2,No,No,No,No,In force,No,Example Mutual (synthetic),,0,No,,0,0,0,0,,Verified,Verified,Verified,Verified,Verified,DEMO-ONLY/174/property_verification,DEMO-ONLY/174/claims_verification,DEMO-ONLY/174/hazard_verification,DEMO-ONLY/174/replacement_cost_verification,Synthetic evidence scenario,2026-09-15,,No,Yes,Yes,Yes,,DEMO-2026-00174,2,Demo portfolio,2026-07-22T12:00:00+00:00,0.0,B
Morgan Lane · Demo 175,,homeowner175@example.com,202-555-0100,HomeGuard Demo Agency,2026-09-15,Individual,,274 Example Lane,Sample City,MI,01174,Sample County,Owner-occupied,Yes,Detached single family,1,2000,3600,3,Solid masonry,Crawl space,No,,No,20,No,No,,,6,Architectural shingle,Gable,Good,2020.0,1,No,DEMO-ONLY/175/roof_verification,Copper,Circuit breakers,,200,Copper,,10,Garage,Central electric,,No,No,No,,No,Yes,Yes,None,None,No,No,No,4.7,750,,No,No,No,No,No,No,,42,39,X,,No,No,No,,HO-3,1423891,1319000,131900,791400,263800,300000,5000,5000,2,No,No,No,No,In force,No,Example Mutual (synthetic),,0,No,,0,0,0,0,,Verified,Verified,Verified,Verified,Verified,DEMO-ONLY/175/property_verification,DEMO-ONLY/175/claims_verification,DEMO-ONLY/175/hazard_verification,DEMO-ONLY/175/replacement_cost_verification,Synthetic evidence scenario,2026-09-15,,No,Yes,Yes,Yes,,DEMO-2026-00175,2,Demo portfolio,2026-08-25T12:00:00+00:00,0.0,A
Alex Hayes · Demo 176,,homeowner176@example.com,202-555-0100,HomeGuard Demo Agency,2026-09-15,Individual,,275 Example Lane,Sample City,MN,01175,Sample County,Owner-occupied,Yes,Detached single family,1,1958,2100,1,Solid masonry,Crawl space,No,,No,2,No,No,,,11,Tile,Gable,Fair,2015.0,1,No,DEMO-ONLY/176/roof_verification,Copper,Circuit breakers,,200,PEX / PVC / CPVC,,7,Garage,Central gas,,No,No,No,,No,Yes,Yes,None,None,No,No,No,2.8,950,,No,No,No,No,No,No,,3,48,X,,No,No,Yes,,HO-3,387739,397000,39700,238200,79400,500000,5000,2500,2,No,No,No,No,In force,No,Example Mutual (synthetic),,0,No,,0,0,0,0,,Verified,Verified,Verified,Verified,Verified,DEMO-ONLY/176/property_verification,DEMO-ONLY/176/claims_verification,DEMO-ONLY/176/hazard_verification,DEMO-ONLY/176/replacement_cost_verification,Synthetic evidence scenario,2026-09-15,,No,Yes,Yes,Yes,,DEMO-2026-00176,2,Demo portfolio,2026-09-11T12:00:00+00:00,0.0,B
Jordan Parker · Demo 177,,homeowner177@example.com,202-555-0100,HomeGuard Demo Agency,2026-09-15,Individual,,276 Example Lane,Sample City,MS,01176,Sample County,Owner-occupied,Yes,Detached single family,1,1972,5000,2,Frame,Slab,No,,No,3,No,No,,,10,Metal,Mixed,Good,2016.0,1,No,DEMO-ONLY/177/roof_verification,Copper,Circuit breakers,,200,PEX / PVC / CPVC,,10,Garage,Heat pump,,No,No,No,,No,Yes,Yes,None,None,No,No,No,0.9,800,,No,No,No,No,No,No,,26,4,X,,No,No,No,,HO-5,762258,883000,88300,529800,176600,300000,5000,2500,2,No,No,No,No,In force,No,Example Mutual (synthetic),,0,Yes,,0,0,0,0,,Verified,Verified,Verified,Verified,Verified,DEMO-ONLY/177/property_verification,DEMO-ONLY/177/claims_verification,DEMO-ONLY/177/hazard_verification,DEMO-ONLY/177/replacement_cost_verification,Synthetic evidence scenario,2026-09-15,,No,Yes,Yes,Yes,,DEMO-2026-00177,2,Demo portfolio,2026-08-22T12:00:00+00:00,0.0,B
Morgan Parker · Demo 178,,homeowner178@example.com,202-555-0100,HomeGuard Demo Agency,2026-09-15,Individual,,277 Example Lane,Sample City,MO,01177,Sample County,Owner-occupied,Yes,Detached single family,1,1988,5300,3,Masonry veneer,Slab,No,,No,14,No,No,,,6,Slate,Hip,Fair,2020.0,1,No,DEMO-ONLY/178/roof_verification,Copper,Circuit breakers,,200,Copper,,8,Garage,Central electric,,No,No,No,,No,Yes,Yes,None,None,No,No,No,4.4,100,,No,No,No,No,No,No,,23,21,X,,No,No,No,,HO-5,1259755,1120000,112000,672000,224000,100000,5000,5000,2,No,No,No,No,In force,No,Example Mutual (synthetic),,0,No,,0,0,0,0,,Verified,Verified,Verified,Verified,Verified,DEMO-ONLY/178/property_verification,DEMO-ONLY/178/claims_verification,DEMO-ONLY/178/hazard_verification,DEMO-ONLY/178/replacement_cost_verification,Synthetic evidence scenario,2026-09-15,,No,Yes,Yes,Yes,,DEMO-2026-00178,2,Demo portfolio,2026-08-19T12:00:00+00:00,0.0,A
Taylor Ellis · Demo 179,,homeowner179@example.com,202-555-0100,HomeGuard Demo Agency,2026-09-15,Individual,,278 Example Lane,Sample City,MT,01178,Sample County,Owner-occupied,Yes,Detached single family,1,1992,2850,1,Frame,Crawl space,No,,No,5,No,No,,,9,Architectural shingle,Hip,Fair,2017.0,1,No,DEMO-ONLY/179/roof_verification,Copper,Circuit breakers,,200,PEX / PVC / CPVC,,5,Garage,Heat pump,,No,No,No,,No,Yes,Yes,None,None,No,No,No,2.1,950,,No,No,No,No,No,No,,43,11,X,,No,No,No,,HO-3,861842,808000,80800,484800,161600,300000,5000,1000,2,No,No,No,No,In force,No,Example Mutual (synthetic),,0,No,,0,0,0,0,,Verified,Verified,Verified,Verified,Verified,DEMO-ONLY/179/property_verification,DEMO-ONLY/179/claims_verification,DEMO-ONLY/179/hazard_verification,DEMO-ONLY/179/replacement_cost_verification,Synthetic evidence scenario,2026-09-15,,No,Yes,Yes,Yes,,DEMO-2026-00179,2,Demo portfolio,2026-08-20T12:00:00+00:00,0.0,A
Sam Parker · Demo 180,,homeowner180@example.com,202-555-0100,HomeGuard Demo Agency,2026-09-15,Individual,,279 Example Lane,Sample City,NE,01179,Sample County,Owner-occupied,Yes,Detached single family,1,1954,1750,1,Solid masonry,Crawl space,No,,No,17,No,No,,,8,Slate,Hip,Good,2018.0,1,No,DEMO-ONLY/180/roof_verification,Copper,Circuit breakers,,200,Copper,,11,Garage,Heat pump,,No,No,No,,No,Yes,Yes,None,None,No,No,No,4.7,550,,No,No,No,No,No,No,,24,14,X,,No,No,No,,HO-3,199032,222000,22200,133200,44400,100000,5000,2500,2,No,No,No,No,In force,No,Example Mutual (synthetic),,0,No,,0,0,0,0,,Verified,Verified,Verified,Verified,Verified,DEMO-ONLY/180/property_verification,DEMO-ONLY/180/claims_verification,DEMO-ONLY/180/hazard_verification,DEMO-ONLY/180/replacement_cost_verification,Synthetic evidence scenario,2026-09-15,,No,Yes,Yes,Yes,,DEMO-2026-00180,2,Demo portfolio,2026-08-13T12:00:00+00:00,0.0,A
Casey Hayes · Demo 181,,homeowner181@example.com,202-555-0100,HomeGuard Demo Agency,2026-09-15,Individual,,280 Example Lane,Sample City,NV,01180,Sample County,Owner-occupied,Yes,Detached single family,1,1995,4500,1,Frame,Crawl space,No,,No,5,No,No,,,17,Tile,Hip,Good,2009.0,1,No,DEMO-ONLY/181/roof_verification,Copper,Circuit breakers,,200,Copper,,6,Garage,Central gas,,No,No,No,,No,Yes,Yes,None,None,No,No,No,2.4,400,,No,No,No,No,No,No,,11,32,X,,No,No,No,,HO-3,1320589,1398000,139800,838800,279600,500000,5000,2500,2,No,No,No,No,In force,No,Example Mutual (synthetic),,0,No,,1,0,103267,0,"Synthetic loss-run example: 1 claim(s), 0 open; total paid $103,267. Not a real claims report.",Verified,Verified,Verified,Not checked,Verified,DEMO-ONLY/181/property_verification,DEMO-ONLY/181/claims_verification,,DEMO-ONLY/181/replacement_cost_verification,Synthetic evidence scenario,2026-09-15,,No,Yes,Yes,Yes,,DEMO-2026-00181,2,Demo portfolio,2026-08-28T12:00:00+00:00,0.07386766809728183,B
Jordan Ellis · Demo 182,,homeowner182@example.com,202-555-0100,HomeGuard Demo Agency,2026-09-15,Individual,,281 Example Lane,Sample City,NH,01181,Sample County,Owner-occupied,Yes,Detached single family,1,1970,1450,1,Frame,Crawl space,No,,No,4,No,No,,,5,Slate,Hip,Good,2021.0,1,No,DEMO-ONLY/182/roof_verification,Copper,Circuit breakers,,200,PEX / PVC / CPVC,,8,Garage,Heat pump,,No,No,No,,No,Yes,Yes,None,None,No,No,No,0.3,700,,No,No,No,No,No,No,,45,21,X,,No,No,No,,HO-5,682299,750000,75000,450000,150000,300000,5000,2500,2,No,No,No,No,In force,No,Example Mutual (synthetic),,0,No,,1,0,827863,0,"Synthetic loss-run example: 1 claim(s), 0 open; total paid $827,863. Not a real claims report.",Verified,Verified,Verified,Verified,Verified,DEMO-ONLY/182/property_verification,DEMO-ONLY/182/claims_verification,DEMO-ONLY/182/hazard_verification,DEMO-ONLY/182/replacement_cost_verification,Synthetic evidence scenario,2026-09-15,,No,Yes,Yes,Yes,,DEMO-2026-00182,2,Demo portfolio,2026-07-26T12:00:00+00:00,1.1038173333333334,F
Jordan Ellis · Demo 183,,homeowner183@example.com,202-555-0100,HomeGuard Demo Agency,2026-09-15,Individual,,282 Example Lane,Sample City,NJ,01182,Sample County,Owner-occupied,Yes,Detached single family,1,1974,5350,2,Solid masonry,Basement,No,,No,40,No,No,,,3,Tile,Gable,Good,2023.0,1,No,DEMO-ONLY/183/roof_verification,Copper,Circuit breakers,,200,Copper,,13,Garage,Central electric,,No,No,No,,No,Yes,Yes,None,None,No,No,No,2.5,300,,No,No,No,No,No,No,,48,23,X,,No,No,No,,HO-3,253451,225000,22500,135000,45000,100000,5000,1000,2,No,No,No,No,In force,No,Example Mutual (synthetic),,0,No,,0,0,0,0,,Verified,Verified,Verified,Verified,Verified,DEMO-ONLY/183/property_verification,DEMO-ONLY/183/claims_verification,DEMO-ONLY/183/hazard_verification,DEMO-ONLY/183/replacement_cost_verification,Synthetic evidence scenario,2026-09-15,,No,Yes,Yes,Yes,,DEMO-2026-00183,2,Demo portfolio,2026-09-05T12:00:00+00:00,0.0,B
Sam Reed · Demo 184,,homeowner184@example.com,202-555-0100,HomeGuard Demo Agency,2026-09-15,Individual,,283 Example Lane,Sample City,NM,01183,Sample County,Owner-occupied,Yes,Detached single family,1,1960,2950,2,Solid masonry,Slab,No,,No,5,No,No,,,35,Architectural shingle,Hip,Poor,,1,No,DEMO-ONLY/184/roof_verification,Copper,Circuit breakers,,200,Copper,,2,Garage,Heat pump,,No,No,No,,No,Yes,Yes,None,None,No,No,No,3.2,750,,No,No,No,No,No,No,,49,41,X,,No,No,No,,HO-3,583731,620000,62000,372000,124000,100000,5000,1000,2,No,No,No,No,In force,No,Example Mutual (synthetic),,0,No,,0,0,0,0,,Verified,Verified,Verified,Verified,Verified,DEMO-ONLY/184/property_verification,DEMO-ONLY/184/claims_verification,DEMO-ONLY/184/hazard_verification,DEMO-ONLY/184/replacement_cost_verification,Synthetic evidence scenario,2026-09-15,,No,Yes,Yes,Yes,,DEMO-2026-00184,2,Demo portfolio,2026-08-10T12:00:00+00:00,0.0,F
Morgan Parker · Demo 185,,homeowner185@example.com,202-555-0100,HomeGuard Demo Agency,2026-09-15,Individual,,284 Example Lane,Sample City,NY,01184,Sample County,Owner-occupied,Yes,Detached single family,1,1970,1150,1,Solid masonry,Crawl space,No,,No,19,No,No,,,5,Architectural shingle,Mixed,Good,2021.0,1,No,DEMO-ONLY/185/roof_verification,Copper,Circuit breakers,,200,Copper,,5,Garage,Central electric,,No,No,No,,No,Yes,Yes,None,None,No,No,No,1.6,200,,No,No,No,No,No,No,,47,16,X,,No,No,No,,HO-3,783541,900000,90000,540000,180000,500000,5000,1000,2,No,No,No,No,In force,No,Example Mutual (synthetic),,0,No,,1,0,14244,0,"Synthetic loss-run example: 1 claim(s), 0 open; total paid $14,244. Not a real claims report.",Verified,Verified,Verified,Verified,Verified,DEMO-ONLY/185/property_verification,DEMO-ONLY/185/claims_verification,DEMO-ONLY/185/hazard_verification,DEMO-ONLY/185/replacement_cost_verification,Synthetic evidence scenario,2026-09-15,,No,Yes,Yes,Yes,,DEMO-2026-00185,2,Demo portfolio,2026-08-25T12:00:00+00:00,0.015826666666666666,A
Morgan Brooks · Demo 186,,homeowner186@example.com,202-555-0100,HomeGuard Demo Agency,2026-09-15,Individual,,285 Example Lane,Sample City,NC,01185,Sample County,Owner-occupied,Yes,Detached single family,1,2005,1700,2,Masonry veneer,Crawl space,No,,No,15,No,No,,,3,Tile,Mixed,Poor,2023.0,1,No,DEMO-ONLY/186/roof_verification,Copper,Circuit breakers,,200,PEX / PVC / CPVC,,12,Garage,Heat pump,,No,No,No,,No,Yes,Yes,None,None,No,No,No,1.6,900,,No,No,No,No,No,No,,0,0,X,,No,No,No,,HO-5,861023,859000,85900,515400,171800,300000,5000,5000,2,No,No,No,No,In force,No,Example Mutual (synthetic),,0,No,,0,0,0,0,,Verified,Verified,Verified,Verified,Verified,DEMO-ONLY/186/property_verification,DEMO-ONLY/186/claims_verification,DEMO-ONLY/186/hazard_verification,DEMO-ONLY/186/replacement_cost_verification,Synthetic evidence scenario,2026-09-15,,No,Yes,Yes,Yes,,DEMO-2026-00186,2,Demo portfolio,2026-07-28T12:00:00+00:00,0.0,B
Alex Ellis · Demo 187,,homeowner187@example.com,202-555-0100,HomeGuard Demo Agency,2026-09-15,Individual,,286 Example Lane,Sample City,ND,01186,Sample County,Owner-occupied,Yes,Detached single family,1,1963,3800,3,Frame,Slab,No,,No,5,No,No,,,1,Metal,Hip,Good,2025.0,1,No,DEMO-ONLY/187/roof_verification,Copper,Circuit breakers,,200,Copper,,14,Garage,Heat pump,,No,No,No,,No,Yes,Yes,None,None,No,No,No,3.6,750,,No,No,No,No,No,No,,23,22,X,,No,No,No,,HO-5,1260018,1221000,122100,732600,244200,500000,5000,2500,2,No,No,No,No,In force,No,Example Mutual (synthetic),,0,No,,1,0,1369790,0,"Synthetic loss-run example: 1 claim(s), 0 open; total paid $1,369,790. Not a real claims report.",Verified,Verified,Verified,Verified,Verified,DEMO-ONLY/187/property_verification,DEMO-ONLY/187/claims_verification,DEMO-ONLY/187/hazard_verification,DEMO-ONLY/187/replacement_cost_verification,Synthetic evidence scenario,2026-09-15,,No,Yes,Yes,Yes,,DEMO-2026-00187,2,Demo portfolio,2026-07-23T12:00:00+00:00,1.1218591318591318,F
Jordan Brooks · Demo 188,,homeowner188@example.com,202-555-0100,HomeGuard Demo Agency,2026-09-15,Individual,,287 Example Lane,Sample City,OH,01187,Sample County,Owner-occupied,Yes,Detached single family,1,1963,4450,1,Masonry veneer,Basement,No,,No,13,No,No,,,17,Tile,Hip,Good,2009.0,1,No,DEMO-ONLY/188/roof_verification,Copper,Circuit breakers,,200,Copper,,2,Garage,Central gas,,No,No,No,,No,Yes,Yes,None,None,No,No,No,3.2,250,,No,No,No,No,No,No,,10,1,X,,No,No,No,,HO-5,1245125,1197000,119700,718200,239400,500000,5000,1000,2,No,No,No,No,In force,No,Example Mutual (synthetic),,0,No,,0,0,0,0,,Verified,Verified,Verified,Verified,Verified,DEMO-ONLY/188/property_verification,DEMO-ONLY/188/claims_verification,DEMO-ONLY/188/hazard_verification,DEMO-ONLY/188/replacement_cost_verification,Synthetic evidence scenario,2026-09-15,,No,Yes,Yes,Yes,,DEMO-2026-00188,2,Demo portfolio,2026-09-03T12:00:00+00:00,0.0,A
Jordan Ellis · Demo 189,,homeowner189@example.com,202-555-0100,HomeGuard Demo Agency,2026-09-15,Individual,,288 Example Lane,Sample City,OK,01188,Sample County,Owner-occupied,Yes,Detached single family,1,2008,5200,2,Solid masonry,Slab,No,,No,3,No,No,,,15,Tile,Hip,Fair,2011.0,1,No,DEMO-ONLY/189/roof_verification,Copper,Circuit breakers,,200,PEX / PVC / CPVC,,5,Garage,Central gas,,No,No,No,,No,Yes,Yes,None,None,No,No,No,2.6,950,,No,No,No,No,No,No,,22,15,X,,No,No,No,,HO-3,1351938,1456000,145600,873600,291200,300000,5000,1000,2,No,No,No,No,In force,No,Example Mutual (synthetic),,0,No,,1,0,107330,0,"Synthetic loss-run example: 1 claim(s), 0 open; total paid $107,330. Not a real claims report.",Verified,Verified,Verified,Verified,Verified,DEMO-ONLY/189/property_verification,DEMO-ONLY/189/claims_verification,DEMO-ONLY/189/hazard_verification,DEMO-ONLY/189/replacement_cost_verification,Synthetic evidence scenario,2026-09-15,,No,Yes,Yes,Yes,,DEMO-2026-00189,2,Demo portfolio,2026-08-11T12:00:00+00:00,0.07371565934065934,A
Jordan Parker · Demo 190,,homeowner190@example.com,202-555-0100,HomeGuard Demo Agency,2026-09-15,Individual,,289 Example Lane,Sample City,OR,01189,Sample County,Owner-occupied,Yes,Detached single family,1,1966,4550,3,Solid masonry,Basement,No,,No,10,No,No,,,14,Slate,Mixed,Good,2012.0,1,No,DEMO-ONLY/190/roof_verification,Copper,Circuit breakers,,200,Copper,,2,Garage,Central electric,,No,No,No,,No,Yes,Yes,None,None,No,No,No,1.4,500,,No,No,No,No,No,No,,29,75,X,,No,No,No,,HO-3,1345406,1274000,127400,764400,254800,500000,5000,5000,2,No,No,No,No,In force,No,Example Mutual (synthetic),,0,No,,0,0,0,0,,Verified,Verified,Verified,Verified,Verified,DEMO-ONLY/190/property_verification,DEMO-ONLY/190/claims_verification,DEMO-ONLY/190/hazard_verification,DEMO-ONLY/190/replacement_cost_verification,Synthetic evidence scenario,2026-09-15,,No,Yes,Yes,Yes,,DEMO-2026-00190,2,Demo portfolio,2026-09-03T12:00:00+00:00,0.0,B
Sam Parker · Demo 191,,homeowner191@example.com,202-555-0100,HomeGuard Demo Agency,2026-09-15,Individual,,290 Example Lane,Sample City,PA,01190,Sample County,Owner-occupied,Yes,Detached single family,1,2020,2650,3,Masonry veneer,Slab,No,,No,19,No,No,,,3,Architectural shingle,Mixed,Fair,2023.0,1,No,DEMO-ONLY/191/roof_verification,Copper,Circuit breakers,,200,PEX / PVC / CPVC,,9,Garage,Central electric,,No,No,No,,No,Yes,Yes,None,None,No,No,No,2.4,350,,No,No,No,No,No,No,,56,41,X,,No,No,No,,HO-3,780641,759000,75900,455400,151800,300000,5000,1000,2,No,No,No,No,In force,No,Example Mutual (synthetic),,0,No,,0,0,0,0,,Verified,Verified,Verified,Not checked,Verified,DEMO-ONLY/191/property_verification,DEMO-ONLY/191/claims_verification,,DEMO-ONLY/191/replacement_cost_verification,Synthetic evidence scenario,2026-09-15,,No,Yes,Yes,Yes,,DEMO-2026-00191,2,Demo portfolio,2026-08-04T12:00:00+00:00,0.0,B
Alex Reed · Demo 192,,homeowner192@example.com,202-555-0100,HomeGuard Demo Agency,2026-09-15,Individual,,291 Example Lane,Sample City,RI,01191,Sample County,Owner-occupied,Yes,Detached single family,1,1972,3450,3,Frame,Basement,No,,No,6,No,No,,,6,Architectural shingle,Hip,Good,2020.0,1,No,DEMO-ONLY/192/roof_verification,Copper,Circuit breakers,,200,Copper,,10,Garage,Central gas,,No,No,No,,No,Yes,Yes,None,None,No,No,No,2.6,850,,No,No,No,No,No,No,,20,14,X,,No,No,No,,HO-3,587347,653000,65300,391800,130600,500000,5000,1000,2,No,No,No,No,In force,No,Example Mutual (synthetic),,0,No,,0,0,0,0,,Verified,Verified,Verified,Verified,Verified,DEMO-ONLY/192/property_verification,DEMO-ONLY/192/claims_verification,DEMO-ONLY/192/hazard_verification,DEMO-ONLY/192/replacement_cost_verification,Synthetic evidence scenario,2026-09-15,,No,Yes,Yes,Yes,,DEMO-2026-00192,2,Demo portfolio,2026-08-13T12:00:00+00:00,0.0,A
Casey Reed · Demo 193,,homeowner193@example.com,202-555-0100,HomeGuard Demo Agency,2026-09-15,Individual,,292 Example Lane,Sample City,SC,01192,Sample County,Owner-occupied,Yes,Detached single family,1,1980,2750,3,Masonry veneer,Slab,No,,No,4,No,No,,,15,Metal,Mixed,Good,2011.0,1,No,DEMO-ONLY/193/roof_verification,Copper,Circuit breakers,,200,Copper,,10,Garage,Central gas,,No,No,No,,No,Yes,Yes,None,None,No,No,No,2.2,950,,No,No,No,No,No,No,,38,14,X,,No,No,No,,HO-3,829598,741000,74100,444600,148200,500000,5000,2500,2,No,No,No,No,In force,No,Example Mutual (synthetic),,0,No,,1,0,16719,0,"Synthetic loss-run example: 1 claim(s), 0 open; total paid $16,719. Not a real claims report.",Verified,Verified,Verified,Verified,Verified,DEMO-ONLY/193/property_verification,DEMO-ONLY/193/claims_verification,DEMO-ONLY/193/hazard_verification,DEMO-ONLY/193/replacement_cost_verification,Synthetic evidence scenario,2026-09-15,,No,Yes,Yes,Yes,,DEMO-2026-00193,2,Demo portfolio,2026-08-07T12:00:00+00:00,0.022562753036437247,A
Sam Parker · Demo 194,,homeowner194@example.com,202-555-0100,HomeGuard Demo Agency,2026-09-15,Individual,,293 Example Lane,Sample City,SD,01193,Sample County,Owner-occupied,Yes,Detached single family,1,2001,2250,1,Masonry veneer,Crawl space,No,,No,4,No,No,,,10,Tile,Mixed,Fair,2016.0,1,No,DEMO-ONLY/194/roof_verification,Copper,Circuit breakers,,200,Copper,,6,Garage,Heat pump,,No,No,No,,No,Yes,Yes,None,None,No,No,No,2.0,200,,No,No,No,No,No,No,,41,4,X,,No,No,No,,HO-3,1000758,1012000,101200,607200,202400,500000,5000,2500,2,No,No,No,No,In force,No,Example Mutual (synthetic),,0,No,,0,0,0,0,,Verified,Verified,Verified,Verified,Verified,DEMO-ONLY/194/property_verification,DEMO-ONLY/194/claims_verification,DEMO-ONLY/194/hazard_verification,DEMO-ONLY/194/replacement_cost_verification,Synthetic evidence scenario,2026-09-15,,No,Yes,Yes,Yes,,DEMO-2026-00194,2,Demo portfolio,2026-08-07T12:00:00+00:00,0.0,A
Alex Hayes · Demo 195,,homeowner195@example.com,202-555-0100,HomeGuard Demo Agency,2026-09-15,Individual,,294 Example Lane,Sample City,TN,01194,Sample County,Owner-occupied,Yes,Detached single family,1,1994,5250,3,Solid masonry,Basement,No,,No,3,No,No,,,18,Metal,Hip,Good,2008.0,1,No,DEMO-ONLY/195/roof_verification,Copper,Circuit breakers,,200,Copper,,1,Garage,Central gas,,No,No,No,,No,Yes,Yes,None,None,No,No,No,4.8,950,,No,No,No,No,No,No,,2,36,X,,No,No,No,,HO-5,394392,367000,36700,220200,73400,100000,5000,2500,2,No,No,No,No,In force,No,Example Mutual (synthetic),,0,No,,0,0,0,0,,Verified,Verified,Verified,Verified,Verified,DEMO-ONLY/195/property_verification,DEMO-ONLY/195/claims_verification,DEMO-ONLY/195/hazard_verification,DEMO-ONLY/195/replacement_cost_verification,Synthetic evidence scenario,2026-09-15,,No,Yes,Yes,Yes,,DEMO-2026-00195,2,Demo portfolio,2026-08-17T12:00:00+00:00,0.0,A
Morgan Brooks · Demo 196,,homeowner196@example.com,202-555-0100,HomeGuard Demo Agency,2026-09-15,Individual,,295 Example Lane,Sample City,TX,01195,Sample County,Owner-occupied,Yes,Detached single family,1,1996,4800,1,Frame,Slab,No,,No,20,No,No,,,12,Slate,Gable,Fair,2014.0,1,No,DEMO-ONLY/196/roof_verification,Copper,Circuit breakers,,200,Copper,,13,Garage,Heat pump,,No,No,No,,No,Yes,Yes,None,None,No,No,No,4.9,100,,No,No,No,No,No,No,,23,35,X,,No,No,No,,HO-3,1413468,1307000,130700,784200,261400,100000,5000,5000,2,No,No,No,No,In force,No,Example Mutual (synthetic),,0,No,,0,0,0,0,,Verified,Verified,Verified,Verified,Verified,DEMO-ONLY/196/property_verification,DEMO-ONLY/196/claims_verification,DEMO-ONLY/196/hazard_verification,DEMO-ONLY/196/replacement_cost_verification,Synthetic evidence scenario,2026-09-15,,No,Yes,Yes,Yes,,DEMO-2026-00196,2,Demo portfolio,2026-08-18T12:00:00+00:00,0.0,A
Casey Reed · Demo 197,,homeowner197@example.com,202-555-0100,HomeGuard Demo Agency,2026-09-15,Individual,,296 Example Lane,Sample City,UT,01196,Sample County,Owner-occupied,Yes,Detached single family,1,1985,2000,2,Solid masonry,Basement,No,,No,8,No,No,,,3,Slate,Hip,Fair,2023.0,1,No,DEMO-ONLY/197/roof_verification,Copper,Circuit breakers,,200,Copper,,13,Garage,Central gas,,No,No,No,,No,Yes,Yes,None,None,No,No,No,0.7,300,,Yes,Yes,No,No,No,No,,45,42,X,,No,No,No,,HO-3,369806,388000,38800,232800,77600,500000,5000,5000,2,No,No,No,No,In force,No,Example Mutual (synthetic),,0,No,,1,0,4486,0,"Synthetic loss-run example: 1 claim(s), 0 open; total paid $4,486. Not a real claims report.",Verified,Verified,Verified,Verified,Verified,DEMO-ONLY/197/property_verification,DEMO-ONLY/197/claims_verification,DEMO-ONLY/197/hazard_verification,DEMO-ONLY/197/replacement_cost_verification,Synthetic evidence scenario,2026-09-15,,No,Yes,Yes,Yes,,DEMO-2026-00197,2,Demo portfolio,2026-07-25T12:00:00+00:00,0.011561855670103092,A
Jordan Reed · Demo 198,,homeowner198@example.com,202-555-0100,HomeGuard Demo Agency,2026-09-15,Individual,,297 Example Lane,Sample City,VT,01197,Sample County,Owner-occupied,Yes,Detached single family,1,2014,3100,2,Frame,Crawl space,No,,No,5,No,No,,,10,Architectural shingle,Hip,Good,2016.0,1,No,DEMO-ONLY/198/roof_verification,Copper,Circuit breakers,,200,PEX / PVC / CPVC,,9,Garage,Central electric,,No,No,No,,No,Yes,Yes,None,None,No,No,No,0.9,500,,No,No,No,No,No,No,,40,11,X,,No,No,No,,HO-3,531301,550000,55000,330000,110000,100000,5000,2500,2,No,No,No,No,In force,No,Example Mutual (synthetic),,0,No,,0,0,0,0,,Verified,Verified,Verified,Verified,Verified,DEMO-ONLY/198/property_verification,DEMO-ONLY/198/claims_verification,DEMO-ONLY/198/hazard_verification,DEMO-ONLY/198/replacement_cost_verification,Synthetic evidence scenario,2026-09-15,,No,Yes,Yes,Yes,,DEMO-2026-00198,2,Demo portfolio,2026-09-14T12:00:00+00:00,0.0,A
Morgan Lane · Demo 199,,homeowner199@example.com,202-555-0100,HomeGuard Demo Agency,2026-09-15,Individual,,298 Example Lane,Sample City,VA,01198,Sample County,Owner-occupied,Yes,Detached single family,1,1972,4350,2,Frame,Basement,No,,No,0,No,No,,,3,Slate,Gable,Fair,2023.0,1,No,DEMO-ONLY/199/roof_verification,Copper,Circuit breakers,,200,Copper,,1,Garage,Heat pump,,No,No,No,,No,Yes,Yes,None,None,No,No,No,0.9,500,,No,No,No,No,No,No,,33,32,X,,No,No,No,,HO-3,622298,690000,69000,414000,138000,300000,5000,1000,2,No,No,No,No,In force,No,Example Mutual (synthetic),,0,No,,1,1,10000,0,"Synthetic loss-run example: 1 claim(s), 0 open; total paid $10,000. Not a real claims report.",Verified,Verified,Verified,Verified,Verified,DEMO-ONLY/199/property_verification,DEMO-ONLY/199/claims_verification,DEMO-ONLY/199/hazard_verification,DEMO-ONLY/199/replacement_cost_verification,Synthetic evidence scenario,2026-09-15,,No,Yes,Yes,Yes,,DEMO-2026-00199,2,Demo portfolio,2026-07-25T12:00:00+00:00,0.014492753623188406,B
Casey Parker · Demo 200,,homeowner200@example.com,202-555-0100,HomeGuard Demo Agency,2026-09-15,Individual,,299 Example Lane,Sample City,WA,01199,Sample County,Owner-occupied,Yes,Detached single family,1,1965,1200,2,Frame,Slab,No,,No,7,No,No,,,17,Tile,Hip,Good,2009.0,1,No,DEMO-ONLY/200/roof_verification,Copper,Circuit breakers,,200,PEX / PVC / CPVC,,9,Garage,Central electric,,No,No,No,,No,Yes,Yes,None,None,No,No,No,1.2,300,,No,No,No,No,No,No,,25,27,X,,No,No,No,,HO-5,1315173,1166000,116600,699600,233200,500000,5000,5000,2,No,No,No,No,In force,No,Example Mutual (synthetic),,0,No,,0,0,0,0,,Verified,Verified,Verified,Verified,Verified,DEMO-ONLY/200/property_verification,DEMO-ONLY/200/claims_verification,DEMO-ONLY/200/hazard_verification,DEMO-ONLY/200/replacement_cost_verification,Synthetic evidence scenario,2026-09-15,,No,Yes,Yes,Yes,,DEMO-2026-00200,2,Demo portfolio,2026-09-12T12:00:00+00:00,0.0,A
Sam Reed · Demo 201,,homeowner201@example.com,202-555-0100,HomeGuard Demo Agency,2026-09-15,Individual,,300 Example Lane,Sample City,WV,01200,Sample County,Owner-occupied,Yes,Detached single family,1,1976,4100,3,Frame,Crawl space,No,,No,4,No,No,,,7,Architectural shingle,Hip,Fair,2019.0,1,No,DEMO-ONLY/201/roof_verification,Copper,Circuit breakers,,200,Copper,,13,Garage,Heat pump,,No,No,No,,No,Yes,Yes,None,None,No,No,No,2.9,850,,No,No,No,No,No,No,,11,32,X,,No,No,No,,HO-3,1395778,1250000,125000,750000,250000,100000,5000,1000,2,No,No,No,No,In force,No,Example Mutual (synthetic),,0,No,,1,0,106283,0,"Synthetic loss-run example: 1 claim(s), 0 open; total paid $106,283. Not a real claims report.",Verified,Verified,Verified,Not checked,Verified,DEMO-ONLY/201/property_verification,DEMO-ONLY/201/claims_verification,,DEMO-ONLY/201/replacement_cost_verification,Synthetic evidence scenario,2026-09-15,,No,Yes,Yes,Yes,,DEMO-2026-00201,2,Demo portfolio,2026-07-25T12:00:00+00:00,0.0850264,B
Casey Parker · Demo 202,,homeowner202@example.com,202-555-0100,HomeGuard Demo Agency,2026-09-15,Individual,,301 Example Lane,Sample City,WI,01201,Sample County,Owner-occupied,Yes,Detached single family,1,1984,2250,3,Solid masonry,Basement,No,,No,4,No,No,,,12,Architectural shingle,Mixed,Fair,2014.0,1,Yes,DEMO-ONLY/202/roof_verification,Copper,Circuit breakers,,200,PEX / PVC / CPVC,,12,Garage,Central gas,,No,No,No,,No,Yes,Yes,None,None,No,No,No,3.4,400,,No,No,No,No,No,No,,30,42,X,,No,No,No,,HO-5,1047959,1185000,118500,711000,237000,100000,5000,1000,2,No,No,No,No,In force,No,Example Mutual (synthetic),,0,No,,0,0,0,0,,Verified,Verified,Verified,Verified,Verified,DEMO-ONLY/202/property_verification,DEMO-ONLY/202/claims_verification,DEMO-ONLY/202/hazard_verification,DEMO-ONLY/202/replacement_cost_verification,Synthetic evidence scenario,2026-09-15,,No,Yes,Yes,Yes,,DEMO-2026-00202,2,Demo portfolio,2026-08-16T12:00:00+00:00,0.0,B
Jordan Ellis · Demo 203,,homeowner203@example.com,202-555-0100,HomeGuard Demo Agency,2026-09-15,Individual,,302 Example Lane,Sample City,WY,01202,Sample County,Owner-occupied,Yes,Detached single family,1,1963,2700,3,Masonry veneer,Basement,No,,No,6,No,No,,,18,Metal,Hip,Fair,2008.0,1,No,DEMO-ONLY/203/roof_verification,Copper,Circuit breakers,,200,PEX / PVC / CPVC,,3,Garage,Heat pump,,No,No,No,,No,Yes,Yes,None,None,No,No,No,2.9,600,,No,No,No,No,No,No,,19,22,X,,No,No,No,,HO-3,506245,609000,60900,365400,121800,500000,5000,5000,2,No,No,No,No,In force,No,Example Mutual (synthetic),,0,No,,0,0,0,0,,Verified,Verified,Verified,Verified,Verified,DEMO-ONLY/203/property_verification,DEMO-ONLY/203/claims_verification,DEMO-ONLY/203/hazard_verification,DEMO-ONLY/203/replacement_cost_verification,Synthetic evidence scenario,2026-09-15,,No,Yes,Yes,Yes,,DEMO-2026-00203,2,Demo portfolio,2026-07-29T12:00:00+00:00,0.0,A
Morgan Brooks · Demo 204,,homeowner204@example.com,202-555-0100,HomeGuard Demo Agency,2026-09-15,Individual,,303 Example Lane,Sample City,DC,01203,Sample County,Owner-occupied,Yes,Detached single family,1,1978,1450,3,Masonry veneer,Basement,No,,No,4,No,No,,,14,Metal,Hip,Good,2012.0,1,No,DEMO-ONLY/204/roof_verification,Copper,Circuit breakers,,200,PEX / PVC / CPVC,,14,Garage,Central gas,,No,No,No,,No,Yes,Yes,None,None,No,No,No,0.3,700,,Yes,Yes,No,No,No,No,,37,15,X,,No,No,No,,HO-3,822884,752000,75200,451200,150400,500000,5000,1000,2,No,No,No,No,In force,No,Example Mutual (synthetic),,0,No,,0,0,0,0,,Verified,Verified,Verified,Verified,Verified,DEMO-ONLY/204/property_verification,DEMO-ONLY/204/claims_verification,DEMO-ONLY/204/hazard_verification,DEMO-ONLY/204/replacement_cost_verification,Synthetic evidence scenario,2026-09-15,,No,Yes,Yes,Yes,,DEMO-2026-00204,2,Demo portfolio,2026-08-26T12:00:00+00:00,0.0,A
Alex Parker · Demo 205,,homeowner205@example.com,202-555-0100,HomeGuard Demo Agency,2026-09-15,Individual,,304 Example Lane,Sample City,AL,01204,Sample County,Owner-occupied,Yes,Detached single family,1,1998,3850,3,Frame,Slab,No,,Yes,17,No,No,,,12,Tile,Mixed,Good,2014.0,1,No,DEMO-ONLY/205/roof_verification,Copper,Circuit breakers,,200,PEX / PVC / CPVC,,2,Garage,Central gas,,No,No,No,,No,Yes,Yes,None,None,No,No,No,1.9,950,,No,No,No,No,No,No,,22,24,X,,No,No,No,,HO-5,1271335,1398000,139800,838800,279600,300000,5000,1000,2,No,No,No,No,In force,No,Example Mutual (synthetic),,0,No,,0,0,0,0,,Verified,Verified,Verified,Verified,Verified,DEMO-ONLY/205/property_verification,DEMO-ONLY/205/claims_verification,DEMO-ONLY/205/hazard_verification,DEMO-ONLY/205/replacement_cost_verification,Synthetic evidence scenario,2026-09-15,,No,Yes,Yes,Yes,,DEMO-2026-00205,2,Demo portfolio,2026-09-10T12:00:00+00:00,0.0,B
Sam Parker · Demo 206,,homeowner206@example.com,202-555-0100,HomeGuard Demo Agency,2026-09-15,Individual,,305 Example Lane,Sample City,AK,01205,Sample County,Owner-occupied,Yes,Detached single family,1,1974,1250,1,Frame,Basement,No,,No,1,No,No,,,2,Architectural shingle,Mixed,Fair,2024.0,1,No,DEMO-ONLY/206/roof_verification,Copper,Circuit breakers,,200,PEX / PVC / CPVC,,7,Garage,Central gas,,No,No,No,,No,Yes,Yes,None,None,No,No,No,3.3,250,,No,No,No,No,No,No,,49,6,X,,No,No,No,,HO-5,1250711,1119000,111900,671400,223800,500000,5000,1000,2,No,No,No,No,In force,No,Example Mutual (synthetic),,0,No,,0,0,0,0,,Verified,Verified,Verified,Verified,Verified,DEMO-ONLY/206/property_verification,DEMO-ONLY/206/claims_verification,DEMO-ONLY/206/hazard_verification,DEMO-ONLY/206/replacement_cost_verification,Synthetic evidence scenario,2026-09-15,,No,Yes,Yes,Yes,,DEMO-2026-00206,2,Demo portfolio,2026-08-08T12:00:00+00:00,0.0,A
Sam Lane · Demo 207,,homeowner207@example.com,202-555-0100,HomeGuard Demo Agency,2026-09-15,Individual,,306 Example Lane,Sample City,AZ,01206,Sample County,Owner-occupied,Yes,Detached single family,1,1962,3900,1,Solid masonry,Crawl space,No,,No,6,No,No,,,3,Tile,Gable,Fair,2023.0,1,No,DEMO-ONLY/207/roof_verification,Copper,Circuit breakers,,200,PEX / PVC / CPVC,,3,Garage,Central gas,,No,No,No,,No,Yes,Yes,None,None,No,No,No,2.6,600,,No,No,No,No,No,No,,22,29,X,,No,No,No,,HO-3,550162,508000,50800,304800,101600,500000,5000,2500,2,No,No,No,No,In force,No,Example Mutual (synthetic),,0,No,,0,0,0,0,,Verified,Verified,Verified,Verified,Verified,DEMO-ONLY/207/property_verification,DEMO-ONLY/207/claims_verification,DEMO-ONLY/207/hazard_verification,DEMO-ONLY/207/replacement_cost_verification,Synthetic evidence scenario,2026-09-15,,No,Yes,Yes,Yes,,DEMO-2026-00207,2,Demo portfolio,2026-08-26T12:00:00+00:00,0.0,A
Casey Reed · Demo 208,,homeowner208@example.com,202-555-0100,HomeGuard Demo Agency,2026-09-15,Individual,,307 Example Lane,Sample City,AR,01207,Sample County,Owner-occupied,Yes,Detached single family,1,2000,1550,3,Solid masonry,Slab,No,,No,17,No,No,,,18,Architectural shingle,Hip,Good,2008.0,1,No,DEMO-ONLY/208/roof_verification,Copper,Circuit breakers,,200,PEX / PVC / CPVC,,4,Garage,Central electric,,No,No,No,,No,Yes,Yes,None,None,No,No,No,3.3,600,,No,No,No,No,No,No,,25,28,X,,No,No,No,,HO-3,1241093,1441000,144100,864600,288200,100000,5000,5000,2,No,No,No,No,In force,No,Example Mutual (synthetic),,0,No,,0,0,0,0,,Verified,Verified,Verified,Verified,Verified,DEMO-ONLY/208/property_verification,DEMO-ONLY/208/claims_verification,DEMO-ONLY/208/hazard_verification,DEMO-ONLY/208/replacement_cost_verification,Synthetic evidence scenario,2026-09-15,,No,Yes,Yes,Yes,,DEMO-2026-00208,2,Demo portfolio,2026-08-06T12:00:00+00:00,0.0,A
Taylor Hayes · Demo 209,,homeowner209@example.com,202-555-0100,HomeGuard Demo Agency,2026-09-15,Individual,,308 Example Lane,Sample City,CA,01208,Sample County,Owner-occupied,Yes,Detached single family,1,1983,2450,1,Masonry veneer,Crawl space,No,,No,12,No,No,,,3,Slate,Mixed,Fair,2023.0,1,No,DEMO-ONLY/209/roof_verification,Copper,Fuses,,200,Copper,,12,Garage,Central electric,,No,No,No,,No,Yes,Yes,None,None,No,No,No,1.5,500,,No,No,No,No,No,No,,28,19,X,,No,No,No,,HO-5,605154,567000,56700,340200,113400,300000,5000,1000,2,No,No,No,No,In force,No,Example Mutual (synthetic),,0,No,,0,0,0,0,,Verified,Verified,Verified,Verified,Verified,DEMO-ONLY/209/property_verification,DEMO-ONLY/209/claims_verification,DEMO-ONLY/209/hazard_verification,DEMO-ONLY/209/replacement_cost_verification,Synthetic evidence scenario,2026-09-15,,No,Yes,Yes,Yes,,DEMO-2026-00209,2,Demo portfolio,2026-08-12T12:00:00+00:00,0.0,B
Jordan Reed · Demo 210,,homeowner210@example.com,202-555-0100,HomeGuard Demo Agency,2026-09-15,Individual,,309 Example Lane,Sample City,CO,01209,Sample County,Owner-occupied,Yes,Detached single family,1,1968,3350,3,Solid masonry,Basement,No,,No,15,No,No,,,11,Slate,Mixed,Fair,2015.0,1,No,DEMO-ONLY/210/roof_verification,Copper,Circuit breakers,,200,Copper,,9,Garage,Central gas,,No,No,No,,No,Yes,Yes,None,None,No,No,No,3.5,500,,No,No,No,No,No,No,,41,29,X,,No,No,No,,HO-3,1648848,1495000,149500,897000,299000,100000,5000,2500,2,No,No,No,No,In force,No,Example Mutual (synthetic),,0,No,,0,0,0,0,,Verified,Verified,Verified,Verified,Verified,DEMO-ONLY/210/property_verification,DEMO-ONLY/210/claims_verification,DEMO-ONLY/210/hazard_verification,DEMO-ONLY/210/replacement_cost_verification,Synthetic evidence scenario,2026-09-15,,No,Yes,Yes,Yes,,DEMO-2026-00210,2,Demo portfolio,2026-07-19T12:00:00+00:00,0.0,A
Morgan Lane · Demo 211,,homeowner211@example.com,202-555-0100,HomeGuard Demo Agency,2026-09-15,Individual,,310 Example Lane,Sample City,CT,01210,Sample County,Owner-occupied,Yes,Detached single family,1,1959,4900,2,Masonry veneer,Slab,No,,No,9,No,No,,,10,Slate,Mixed,Fair,2016.0,1,No,DEMO-ONLY/211/roof_verification,Copper,Circuit breakers,,200,Copper,,13,Garage,Central electric,,No,No,No,,No,Yes,Yes,None,None,No,No,No,1.0,200,,Yes,Yes,No,No,No,No,,38,8,X,,No,No,No,,HO-3,795718,954000,95400,572400,190800,500000,5000,5000,2,No,No,No,No,In force,No,Example Mutual (synthetic),,0,No,,0,0,0,0,,Verified,Verified,Verified,Not checked,Verified,DEMO-ONLY/211/property_verification,DEMO-ONLY/211/claims_verification,,DEMO-ONLY/211/replacement_cost_verification,Synthetic evidence scenario,2026-09-15,,No,Yes,Yes,Yes,,DEMO-2026-00211,2,Demo portfolio,2026-08-09T12:00:00+00:00,0.0,B
Casey Ellis · Demo 212,,homeowner212@example.com,202-555-0100,HomeGuard Demo Agency,2026-09-15,Individual,,311 Example Lane,Sample City,DE,01211,Sample County,Owner-occupied,Yes,Detached single family,1,1959,4700,3,Frame,Slab,No,,No,1,No,No,,,13,Slate,Mixed,Good,2013.0,1,No,DEMO-ONLY/212/roof_verification,Copper,Circuit breakers,,200,Copper,,9,Garage,Central gas,,No,No,No,,No,Yes,Yes,None,None,No,No,No,1.3,600,,No,No,No,No,No,No,,1,9,X,,No,No,No,,HO-5,353609,392000,39200,235200,78400,300000,5000,1000,2,No,No,No,No,In force,No,Example Mutual (synthetic),,0,No,,0,0,0,0,,Verified,Verified,Verified,Verified,Verified,DEMO-ONLY/212/property_verification,DEMO-ONLY/212/claims_verification,DEMO-ONLY/212/hazard_verification,DEMO-ONLY/212/replacement_cost_verification,Synthetic evidence scenario,2026-09-15,,No,Yes,Yes,Yes,,DEMO-2026-00212,2,Demo portfolio,2026-07-27T12:00:00+00:00,0.0,A
Taylor Reed · Demo 213,,homeowner213@example.com,202-555-0100,HomeGuard Demo Agency,2026-09-15,Individual,,312 Example Lane,Sample City,FL,01212,Sample County,Owner-occupied,Yes,Detached single family,1,1993,1700,2,Masonry veneer,Slab,No,,No,5,No,No,,,14,Tile,Gable,Good,2012.0,1,No,DEMO-ONLY/213/roof_verification,Copper,Circuit breakers,,200,PEX / PVC / CPVC,,6,Garage,Central electric,,No,No,No,,No,Yes,Yes,None,None,No,No,No,4.2,350,,No,No,No,No,No,No,,44,28,X,,No,No,No,,HO-5,1631901,1488000,148800,892800,297600,300000,5000,2500,2,No,No,No,No,In force,No,Example Mutual (synthetic),,0,No,,1,0,161794,0,"Synthetic loss-run example: 1 claim(s), 0 open; total paid $161,794. Not a real claims report.",Verified,Verified,Verified,Verified,Verified,DEMO-ONLY/213/property_verification,DEMO-ONLY/213/claims_verification,DEMO-ONLY/213/hazard_verification,DEMO-ONLY/213/replacement_cost_verification,Synthetic evidence scenario,2026-09-15,,No,Yes,Yes,Yes,,DEMO-2026-00213,2,Demo portfolio,2026-08-01T12:00:00+00:00,0.10873252688172043,A
Casey Brooks · Demo 214,,homeowner214@example.com,202-555-0100,HomeGuard Demo Agency,2026-09-15,Individual,,313 Example Lane,Sample City,GA,01213,Sample County,Owner-occupied,Yes,Detached single family,1,2010,1400,3,Frame,Basement,No,,No,10,No,No,,,10,Metal,Hip,Fair,2016.0,1,No,DEMO-ONLY/214/roof_verification,Copper,Circuit breakers,,200,PEX / PVC / CPVC,,5,Garage,Central electric,,No,No,No,,No,Yes,Yes,None,None,No,No,No,4.3,750,,No,No,No,No,No,No,,15,30,X,,No,No,No,,HO-5,765758,840000,84000,504000,168000,100000,5000,2500,2,No,No,No,No,In force,No,Example Mutual (synthetic),,0,No,,0,0,0,0,,Verified,Verified,Verified,Verified,Verified,DEMO-ONLY/214/property_verification,DEMO-ONLY/214/claims_verification,DEMO-ONLY/214/hazard_verification,DEMO-ONLY/214/replacement_cost_verification,Synthetic evidence scenario,2026-09-15,,No,Yes,Yes,Yes,,DEMO-2026-00214,2,Demo portfolio,2026-08-22T12:00:00+00:00,0.0,A
Casey Ellis · Demo 215,,homeowner215@example.com,202-555-0100,HomeGuard Demo Agency,2026-09-15,Individual,,314 Example Lane,Sample City,HI,01214,Sample County,Owner-occupied,Yes,Detached single family,1,1984,4650,3,Solid masonry,Crawl space,No,,No,20,No,No,,,3,Metal,Gable,Good,2023.0,1,No,DEMO-ONLY/215/roof_verification,Copper,Circuit breakers,,200,Copper,,12,Garage,Central electric,,No,No,No,,No,Yes,Yes,None,None,No,No,No,4.6,100,,No,No,No,No,No,No,,35,38,X,,No,No,No,,HO-3,904435,924000,92400,554400,184800,100000,5000,2500,2,No,No,No,No,In force,No,Example Mutual (synthetic),,108,No,,0,0,0,0,,Verified,Verified,Verified,Verified,Verified,DEMO-ONLY/215/property_verification,DEMO-ONLY/215/claims_verification,DEMO-ONLY/215/hazard_verification,DEMO-ONLY/215/replacement_cost_verification,Synthetic evidence scenario,2026-09-15,,No,Yes,Yes,Yes,,DEMO-2026-00215,2,Demo portfolio,2026-07-25T12:00:00+00:00,0.0,B
Casey Parker · Demo 216,,homeowner216@example.com,202-555-0100,HomeGuard Demo Agency,2026-09-15,Individual,,315 Example Lane,Sample City,ID,01215,Sample County,Owner-occupied,Yes,Detached single family,1,2008,1800,3,Masonry veneer,Basement,No,,No,7,No,No,,,7,Slate,Hip,Good,2019.0,1,No,DEMO-ONLY/216/roof_verification,Copper,Circuit breakers,,200,PEX / PVC / CPVC,,5,Garage,Central electric,,No,No,No,,No,Yes,Yes,None,None,No,No,No,4.6,350,,Yes,Yes,Yes,No,No,No,,16,44,X,,No,No,No,,HO-5,1197171,1280000,128000,768000,256000,300000,5000,1000,2,No,No,No,No,In force,No,Example Mutual (synthetic),,0,No,,0,0,0,0,,Verified,Verified,Verified,Verified,Verified,DEMO-ONLY/216/property_verification,DEMO-ONLY/216/claims_verification,DEMO-ONLY/216/hazard_verification,DEMO-ONLY/216/replacement_cost_verification,Synthetic evidence scenario,2026-09-15,,No,Yes,Yes,Yes,,DEMO-2026-00216,2,Demo portfolio,2026-08-03T12:00:00+00:00,0.0,B
Casey Hayes · Demo 217,,homeowner217@example.com,202-555-0100,HomeGuard Demo Agency,2026-09-15,Individual,,316 Example Lane,Sample City,IL,01216,Sample County,Owner-occupied,Yes,Detached single family,1,2002,4100,3,Solid masonry,Basement,No,,No,7,No,No,,,14,Architectural shingle,Hip,Good,2012.0,1,No,DEMO-ONLY/217/roof_verification,Copper,Circuit breakers,,200,Copper,,6,Garage,Heat pump,,No,No,No,,No,Yes,Yes,None,None,No,No,No,1.5,100,,No,No,No,No,No,No,,38,11,X,,No,No,No,,HO-3,1259887,1146000,114600,687600,229200,100000,5000,5000,2,No,No,No,No,In force,No,Example Mutual (synthetic),,0,No,,1,0,193279,0,"Synthetic loss-run example: 1 claim(s), 0 open; total paid $193,279. Not a real claims report.",Verified,Verified,Verified,Verified,Verified,DEMO-ONLY/217/property_verification,DEMO-ONLY/217/claims_verification,DEMO-ONLY/217/hazard_verification,DEMO-ONLY/217/replacement_cost_verification,Synthetic evidence scenario,2026-09-15,,No,Yes,Yes,Yes,,DEMO-2026-00217,2,Demo portfolio,2026-07-29T12:00:00+00:00,0.16865532286212914,A
Morgan Ellis · Demo 218,,homeowner218@example.com,202-555-0100,HomeGuard Demo Agency,2026-09-15,Individual,,317 Example Lane,Sample City,IN,01217,Sample County,Owner-occupied,Yes,Detached single family,1,1954,5400,1,Solid masonry,Slab,No,,No,12,No,No,,,7,Tile,Hip,Fair,2019.0,1,No,DEMO-ONLY/218/roof_verification,Copper,Circuit breakers,,200,PEX / PVC / CPVC,,4,Garage,Heat pump,,No,No,No,,No,Yes,Yes,None,None,No,No,No,4.4,900,,No,No,No,No,No,No,,31,30,X,,No,No,No,,HO-5,628752,634000,63400,380400,126800,100000,5000,2500,2,No,No,No,No,In force,No,Example Mutual (synthetic),,0,No,,1,0,10000,1,"Synthetic loss-run example: 1 claim(s), 1 open; total paid $10,000. Not a real claims report.",Verified,Verified,Verified,Verified,Verified,DEMO-ONLY/218/property_verification,DEMO-ONLY/218/claims_verification,DEMO-ONLY/218/hazard_verification,DEMO-ONLY/218/replacement_cost_verification,Synthetic evidence scenario,2026-09-15,,No,Yes,Yes,Yes,,DEMO-2026-00218,2,Demo portfolio,2026-08-07T12:00:00+00:00,0.015772870662460567,F
Morgan Brooks · Demo 219,,homeowner219@example.com,202-555-0100,HomeGuard Demo Agency,2026-09-15,Individual,,318 Example Lane,Sample City,IA,01218,Sample County,Owner-occupied,Yes,Detached single family,1,2003,2800,2,Solid masonry,Crawl space,No,,No,17,No,No,,,11,Tile,Mixed,Good,2015.0,1,No,DEMO-ONLY/219/roof_verification,Copper,Circuit breakers,,200,Copper,,14,Garage,Central gas,,No,No,No,,No,Yes,Yes,None,None,No,No,No,0.5,950,,No,No,No,No,No,No,,19,3,X,,No,No,No,,HO-3,744224,878000,87800,526800,175600,100000,5000,1000,2,No,No,No,No,In force,No,Example Mutual (synthetic),,0,No,,2,0,110180,0,"Synthetic loss-run example: 2 claim(s), 0 open; total paid $110,180. Not a real claims report.",Verified,Verified,Verified,Verified,Verified,DEMO-ONLY/219/property_verification,DEMO-ONLY/219/claims_verification,DEMO-ONLY/219/hazard_verification,DEMO-ONLY/219/replacement_cost_verification,Synthetic evidence scenario,2026-09-15,,No,Yes,Yes,Yes,,DEMO-2026-00219,2,Demo portfolio,2026-09-01T12:00:00+00:00,0.1254897494305239,B
Alex Reed · Demo 220,,homeowner220@example.com,202-555-0100,HomeGuard Demo Agency,2026-09-15,Individual,,319 Example Lane,Sample City,KS,01219,Sample County,Owner-occupied,Yes,Detached single family,1,1994,4300,3,Solid masonry,Crawl space,No,,No,6,No,No,,,6,Tile,Hip,Fair,2020.0,1,No,DEMO-ONLY/220/roof_verification,Copper,Circuit breakers,,200,PEX / PVC / CPVC,,14,Garage,Heat pump,,No,No,No,,No,Yes,Yes,None,None,No,No,No,3.3,850,,No,No,No,No,No,No,,40,49,X,,No,No,No,,HO-3,1297962,1175000,117500,705000,235000,500000,5000,2500,2,No,No,No,No,In force,No,Example Mutual (synthetic),,0,No,,1,0,626930,0,"Synthetic loss-run example: 1 claim(s), 0 open; total paid $626,930. Not a real claims report.",Verified,Verified,Verified,Verified,Verified,DEMO-ONLY/220/property_verification,DEMO-ONLY/220/claims_verification,DEMO-ONLY/220/hazard_verification,DEMO-ONLY/220/replacement_cost_verification,Synthetic evidence scenario,2026-09-15,,No,Yes,Yes,Yes,,DEMO-2026-00220,2,Demo portfolio,2026-08-15T12:00:00+00:00,0.5335574468085107,B
Jordan Parker · Demo 221,,homeowner221@example.com,202-555-0100,HomeGuard Demo Agency,2026-09-15,Individual,,320 Example Lane,Sample City,KY,01220,Sample County,Owner-occupied,Yes,Detached single family,1,1950,1600,3,Solid masonry,Basement,No,,No,17,No,No,,,18,Metal,Gable,Good,2008.0,1,No,DEMO-ONLY/221/roof_verification,Copper,Circuit breakers,,200,PEX / PVC / CPVC,,2,Garage,Central electric,,No,No,No,,No,Yes,Yes,None,None,No,No,No,1.7,300,,No,No,No,No,No,No,,11,27,X,,No,No,No,,HO-3,770194,726000,72600,435600,145200,100000,5000,2500,2,No,No,No,No,In force,No,Example Mutual (synthetic),,0,No,,1,0,92713,0,"Synthetic loss-run example: 1 claim(s), 0 open; total paid $92,713. Not a real claims report.",Verified,Verified,Verified,Not checked,Verified,DEMO-ONLY/221/property_verification,DEMO-ONLY/221/claims_verification,,DEMO-ONLY/221/replacement_cost_verification,Synthetic evidence scenario,2026-09-15,,No,Yes,Yes,Yes,,DEMO-2026-00221,2,Demo portfolio,2026-09-08T12:00:00+00:00,0.12770385674931128,B
Taylor Hayes · Demo 222,,homeowner222@example.com,202-555-0100,HomeGuard Demo Agency,2026-09-15,Individual,,321 Example Lane,Sample City,LA,01221,Sample County,Owner-occupied,Yes,Detached single family,1,1968,3000,2,Frame,Crawl space,No,,No,9,No,No,,,5,Metal,Gable,Fair,2021.0,1,No,DEMO-ONLY/222/roof_verification,Copper,Circuit breakers,,200,PEX / PVC / CPVC,,12,Garage,Central electric,,No,No,No,,No,Yes,Yes,None,None,No,No,No,1.9,350,,No,No,No,No,No,No,,62,11,X,,No,No,No,,HO-5,666306,683000,68300,409800,136600,300000,5000,1000,2,No,No,No,No,In force,No,Example Mutual (synthetic),,0,No,,0,0,0,0,,Verified,Verified,Verified,Verified,Verified,DEMO-ONLY/222/property_verification,DEMO-ONLY/222/claims_verification,DEMO-ONLY/222/hazard_verification,DEMO-ONLY/222/replacement_cost_verification,Synthetic evidence scenario,2026-09-15,,No,Yes,Yes,Yes,,DEMO-2026-00222,2,Demo portfolio,2026-07-24T12:00:00+00:00,0.0,B
Alex Brooks · Demo 223,,homeowner223@example.com,202-555-0100,HomeGuard Demo Agency,2026-09-15,Individual,,322 Example Lane,Sample City,ME,01222,Sample County,Owner-occupied,Yes,Detached single family,1,1982,3050,2,Frame,Crawl space,No,,No,16,No,No,,,15,Tile,Hip,Good,2011.0,1,No,DEMO-ONLY/223/roof_verification,Copper,Circuit breakers,,200,Copper,,12,Garage,Central electric,,No,No,No,,No,Yes,Yes,None,None,No,No,No,3.5,100,,No,No,No,No,No,No,,4,14,X,,No,No,No,,HO-5,1658436,1495000,149500,897000,299000,500000,5000,1000,2,No,No,No,No,In force,No,Example Mutual (synthetic),,0,No,,1,0,10000,1,"Synthetic loss-run example: 1 claim(s), 1 open; total paid $10,000. Not a real claims report.",Verified,Verified,Verified,Verified,Verified,DEMO-ONLY/223/property_verification,DEMO-ONLY/223/claims_verification,DEMO-ONLY/223/hazard_verification,DEMO-ONLY/223/replacement_cost_verification,Synthetic evidence scenario,2026-09-15,,No,Yes,Yes,Yes,,DEMO-2026-00223,2,Demo portfolio,2026-08-25T12:00:00+00:00,0.006688963210702341,F
Jordan Hayes · Demo 224,,homeowner224@example.com,202-555-0100,HomeGuard Demo Agency,2026-09-15,Individual,,323 Example Lane,Sample City,MD,01223,Sample County,Owner-occupied,Yes,Detached single family,1,2006,4550,2,Solid masonry,Basement,No,,No,12,No,No,,,5,Architectural shingle,Gable,Good,2021.0,1,No,DEMO-ONLY/224/roof_verification,Copper,Circuit breakers,,200,Copper,,14,Garage,Heat pump,,No,No,No,,No,Yes,Yes,None,None,No,No,No,2.7,750,,No,No,No,No,No,No,,7,27,AE,,No,No,No,,HO-5,743944,716000,71600,429600,143200,300000,5000,5000,2,No,No,No,No,In force,No,Example Mutual (synthetic),,0,No,,0,0,0,0,,Verified,Verified,Verified,Verified,Verified,DEMO-ONLY/224/property_verification,DEMO-ONLY/224/claims_verification,DEMO-ONLY/224/hazard_verification,DEMO-ONLY/224/replacement_cost_verification,Synthetic evidence scenario,2026-09-15,,No,Yes,Yes,Yes,,DEMO-2026-00224,2,Demo portfolio,2026-07-26T12:00:00+00:00,0.0,B
Alex Ellis · Demo 225,,homeowner225@example.com,202-555-0100,HomeGuard Demo Agency,2026-09-15,Individual,,324 Example Lane,Sample City,MA,01224,Sample County,Owner-occupied,Yes,Detached single family,1,1976,1800,1,Masonry veneer,Slab,No,,No,3,No,No,,,9,Architectural shingle,Gable,Fair,2017.0,1,No,DEMO-ONLY/225/roof_verification,Copper,Circuit breakers,,200,Copper,,10,Garage,Heat pump,,No,No,No,,No,Yes,Yes,None,None,No,No,No,0.2,350,,No,No,No,No,No,No,,36,23,X,,No,No,No,,HO-5,274235,387000,38700,232200,77400,300000,5000,5000,2,No,No,No,No,In force,No,Example Mutual (synthetic),,0,No,,0,0,0,0,,Verified,Verified,Verified,Verified,Verified,DEMO-ONLY/225/property_verification,DEMO-ONLY/225/claims_verification,DEMO-ONLY/225/hazard_verification,DEMO-ONLY/225/replacement_cost_verification,Synthetic evidence scenario,2026-09-15,,No,Yes,Yes,Yes,,DEMO-2026-00225,2,Demo portfolio,2026-08-03T12:00:00+00:00,0.0,B
Jordan Lane · Demo 226,,homeowner226@example.com,202-555-0100,HomeGuard Demo Agency,2026-09-15,Individual,,325 Example Lane,Sample City,MI,01225,Sample County,Owner-occupied,Yes,Detached single family,1,1976,2200,3,Frame,Crawl space,No,,No,15,No,No,,,9,Architectural shingle,Hip,Good,2017.0,1,No,DEMO-ONLY/226/roof_verification,Copper,Circuit breakers,,200,PEX / PVC / CPVC,,12,Garage,Central gas,,No,No,No,,No,Yes,Yes,None,None,No,No,No,2.4,800,,No,No,No,No,No,No,,14,6,X,,No,No,No,,HO-3,290249,261000,26100,156600,52200,300000,5000,5000,2,No,No,No,No,In force,No,Example Mutual (synthetic),,0,No,,0,0,0,0,,Verified,Verified,Verified,Verified,Verified,DEMO-ONLY/226/property_verification,DEMO-ONLY/226/claims_verification,DEMO-ONLY/226/hazard_verification,DEMO-ONLY/226/replacement_cost_verification,Synthetic evidence scenario,2026-09-15,,No,Yes,Yes,Yes,,DEMO-2026-00226,2,Demo portfolio,2026-07-30T12:00:00+00:00,0.0,A
Morgan Hayes · Demo 227,,homeowner227@example.com,202-555-0100,HomeGuard Demo Agency,2026-09-15,Individual,,326 Example Lane,Sample City,MN,01226,Sample County,Owner-occupied,Yes,Detached single family,1,1973,1850,3,Frame,Slab,No,,No,20,No,No,,,8,Tile,Gable,Fair,2018.0,1,No,DEMO-ONLY/227/roof_verification,Knob and tube,Circuit breakers,,200,PEX / PVC / CPVC,,10,Garage,Central electric,,No,No,No,,No,Yes,Yes,None,None,No,No,No,0.7,450,,No,No,No,No,No,No,,4,30,X,,No,No,No,,HO-5,466646,423000,42300,253800,84600,500000,5000,2500,2,No,No,No,No,In force,No,Example Mutual (synthetic),,0,No,,0,0,0,0,,Verified,Verified,Verified,Verified,Verified,DEMO-ONLY/227/property_verification,DEMO-ONLY/227/claims_verification,DEMO-ONLY/227/hazard_verification,DEMO-ONLY/227/replacement_cost_verification,Synthetic evidence scenario,2026-09-15,,No,Yes,Yes,Yes,,DEMO-2026-00227,2,Demo portfolio,2026-09-15T12:00:00+00:00,0.0,B
Morgan Parker · Demo 228,,homeowner228@example.com,202-555-0100,HomeGuard Demo Agency,2026-09-15,Individual,,327 Example Lane,Sample City,MS,01227,Sample County,Owner-occupied,Yes,Detached single family,1,1976,3900,2,Frame,Crawl space,No,,No,4,No,No,,,9,Metal,Gable,Good,2017.0,1,No,DEMO-ONLY/228/roof_verification,Copper,Circuit breakers,,200,Copper,,13,Garage,Heat pump,,No,No,No,,No,Yes,Yes,None,None,No,No,No,3.3,250,,No,No,No,No,No,No,,37,8,X,,No,No,No,,HO-3,596150,532000,53200,319200,106400,100000,5000,2500,2,No,No,No,No,In force,No,Example Mutual (synthetic),,0,No,,0,0,0,0,,Verified,Verified,Verified,Verified,Verified,DEMO-ONLY/228/property_verification,DEMO-ONLY/228/claims_verification,DEMO-ONLY/228/hazard_verification,DEMO-ONLY/228/replacement_cost_verification,Synthetic evidence scenario,2026-09-15,,No,Yes,Yes,Yes,,DEMO-2026-00228,2,Demo portfolio,2026-08-05T12:00:00+00:00,0.0,A
Jordan Lane · Demo 229,,homeowner229@example.com,202-555-0100,HomeGuard Demo Agency,2026-09-15,Individual,,328 Example Lane,Sample City,MO,01228,Sample County,Owner-occupied,Yes,Detached single family,1,1998,4900,1,Solid masonry,Basement,No,,No,20,No,No,,,14,Metal,Mixed,Good,2012.0,1,No,DEMO-ONLY/229/roof_verification,Copper,Circuit breakers,,200,PEX / PVC / CPVC,,13,Garage,Central gas,,No,No,No,,No,Yes,Yes,None,None,No,No,No,3.0,200,,No,No,No,No,No,No,,7,12,X,,No,No,No,,HO-5,683905,639000,63900,383400,127800,500000,5000,1000,2,No,No,No,No,In force,No,Example Mutual (synthetic),,0,No,,1,0,95635,0,"Synthetic loss-run example: 1 claim(s), 0 open; total paid $95,635. Not a real claims report.",Verified,Verified,Verified,Verified,Verified,DEMO-ONLY/229/property_verification,DEMO-ONLY/229/claims_verification,DEMO-ONLY/229/hazard_verification,DEMO-ONLY/229/replacement_cost_verification,Synthetic evidence scenario,2026-09-15,,No,Yes,Yes,Yes,,DEMO-2026-00229,2,Demo portfolio,2026-08-10T12:00:00+00:00,0.14966353677621283,A
Casey Hayes · Demo 230,,homeowner230@example.com,202-555-0100,HomeGuard Demo Agency,2026-09-15,Individual,,329 Example Lane,Sample City,MT,01229,Sample County,Owner-occupied,Yes,Detached single family,1,1962,3100,3,Masonry veneer,Basement,No,,No,20,No,No,,,4,Slate,Hip,Fair,2022.0,1,No,DEMO-ONLY/230/roof_verification,Copper,Circuit breakers,,200,Copper,,13,Garage,Central gas,,No,No,No,,No,Yes,Yes,None,None,No,No,No,0.5,300,,No,No,No,No,No,No,,14,25,X,,No,No,No,,HO-5,739967,731000,73100,438600,146200,500000,5000,1000,2,No,No,No,No,In force,No,Example Mutual (synthetic),,0,No,,0,0,0,0,,Verified,Verified,Verified,Verified,Verified,DEMO-ONLY/230/property_verification,DEMO-ONLY/230/claims_verification,DEMO-ONLY/230/hazard_verification,DEMO-ONLY/230/replacement_cost_verification,Synthetic evidence scenario,2026-09-15,,No,Yes,Yes,Yes,,DEMO-2026-00230,2,Demo portfolio,2026-08-16T12:00:00+00:00,0.0,A
Jordan Ellis · Demo 231,,homeowner231@example.com,202-555-0100,HomeGuard Demo Agency,2026-09-15,Individual,,330 Example Lane,Sample City,NE,01230,Sample County,Owner-occupied,Yes,Detached single family,1,1950,1450,2,Masonry veneer,Crawl space,No,,No,14,No,No,,,12,Slate,Mixed,Fair,2014.0,1,No,DEMO-ONLY/231/roof_verification,Copper,Circuit breakers,,200,Copper,,14,Garage,Central electric,,No,No,No,,No,Yes,Yes,None,None,No,No,No,4.5,500,,No,No,No,No,No,No,,41,43,X,,No,No,No,,HO-3,838187,961000,96100,576600,192200,500000,5000,2500,2,No,No,No,No,In force,No,Example Mutual (synthetic),,0,No,,0,0,0,0,,Verified,Verified,Verified,Not checked,Verified,DEMO-ONLY/231/property_verification,DEMO-ONLY/231/claims_verification,,DEMO-ONLY/231/replacement_cost_verification,Synthetic evidence scenario,2026-09-15,,No,Yes,Yes,Yes,,DEMO-2026-00231,2,Demo portfolio,2026-08-11T12:00:00+00:00,0.0,B
Alex Brooks · Demo 232,,homeowner232@example.com,202-555-0100,HomeGuard Demo Agency,2026-09-15,Individual,,331 Example Lane,Sample City,NV,01231,Sample County,Owner-occupied,Yes,Detached single family,1,1963,3050,1,Frame,Slab,No,,No,7,No,No,,,16,Metal,Hip,Fair,2010.0,1,No,DEMO-ONLY/232/roof_verification,Copper,Circuit breakers,,200,PEX / PVC / CPVC,,12,Garage,Central electric,,No,No,No,,No,Yes,Yes,None,None,No,No,No,0.2,100,,Yes,Yes,No,No,No,No,,44,5,X,,No,No,No,,HO-3,562456,519000,51900,311400,103800,100000,5000,5000,2,No,No,No,No,In force,No,Example Mutual (synthetic),,0,No,,0,0,0,0,,Verified,Verified,Verified,Verified,Verified,DEMO-ONLY/232/property_verification,DEMO-ONLY/232/claims_verification,DEMO-ONLY/232/hazard_verification,DEMO-ONLY/232/replacement_cost_verification,Synthetic evidence scenario,2026-09-15,,No,Yes,Yes,Yes,,DEMO-2026-00232,2,Demo portfolio,2026-08-09T12:00:00+00:00,0.0,A
Morgan Ellis · Demo 233,,homeowner233@example.com,202-555-0100,HomeGuard Demo Agency,2026-09-15,Individual,,332 Example Lane,Sample City,NH,01232,Sample County,Owner-occupied,Yes,Detached single family,1,1990,4050,2,Solid masonry,Basement,No,,No,17,No,No,,,14,Metal,Gable,Good,2012.0,1,No,DEMO-ONLY/233/roof_verification,Copper,Circuit breakers,,200,Copper,,2,Garage,Central gas,,No,No,No,,No,Yes,Yes,None,None,No,No,No,4.0,450,,No,No,No,No,No,No,,0,35,X,,No,No,No,,HO-3,724483,804000,80400,482400,160800,100000,5000,1000,2,No,No,No,No,In force,No,Example Mutual (synthetic),,0,No,,1,0,142682,0,"Synthetic loss-run example: 1 claim(s), 0 open; total paid $142,682. Not a real claims report.",Verified,Verified,Verified,Verified,Verified,DEMO-ONLY/233/property_verification,DEMO-ONLY/233/claims_verification,DEMO-ONLY/233/hazard_verification,DEMO-ONLY/233/replacement_cost_verification,Synthetic evidence scenario,2026-09-15,,No,Yes,Yes,Yes,,DEMO-2026-00233,2,Demo portfolio,2026-09-09T12:00:00+00:00,0.17746517412935323,A
Jordan Hayes · Demo 234,,homeowner234@example.com,202-555-0100,HomeGuard Demo Agency,2026-09-15,Individual,,333 Example Lane,Sample City,NJ,01233,Sample County,Owner-occupied,Yes,Detached single family,1,1975,3350,2,Frame,Slab,No,,No,16,No,No,,,11,Slate,Gable,Good,2015.0,1,No,DEMO-ONLY/234/roof_verification,Copper,Circuit breakers,,200,Copper,,2,Garage,Heat pump,,No,No,No,,No,Yes,Yes,None,None,No,No,No,2.8,700,,No,No,No,No,No,No,,19,27,X,,No,No,No,,HO-5,1241200,1359000,135900,815400,271800,500000,5000,5000,2,No,No,No,No,In force,No,Example Mutual (synthetic),,0,No,,0,0,0,0,,Verified,Verified,Verified,Verified,Verified,DEMO-ONLY/234/property_verification,DEMO-ONLY/234/claims_verification,DEMO-ONLY/234/hazard_verification,DEMO-ONLY/234/replacement_cost_verification,Synthetic evidence scenario,2026-09-15,,No,Yes,Yes,Yes,,DEMO-2026-00234,2,Demo portfolio,2026-09-03T12:00:00+00:00,0.0,A
Casey Reed · Demo 235,,homeowner235@example.com,202-555-0100,HomeGuard Demo Agency,2026-09-15,Individual,,334 Example Lane,Sample City,NM,01234,Sample County,Owner-occupied,Yes,Detached single family,1,1989,1100,1,Solid masonry,Crawl space,No,,No,9,No,Yes,,,5,Tile,Hip,Fair,2021.0,1,No,DEMO-ONLY/235/roof_verification,Copper,Circuit breakers,,200,Copper,,1,Garage,Central electric,,No,No,No,,No,Yes,Yes,None,None,No,No,No,0.1,800,,No,No,No,No,No,No,,31,26,X,,No,No,No,,HO-5,433414,496000,49600,297600,99200,500000,5000,2500,2,No,No,No,No,In force,No,Example Mutual (synthetic),,0,No,,0,0,0,0,,Verified,Verified,Verified,Verified,Verified,DEMO-ONLY/235/property_verification,DEMO-ONLY/235/claims_verification,DEMO-ONLY/235/hazard_verification,DEMO-ONLY/235/replacement_cost_verification,Synthetic evidence scenario,2026-09-15,,No,Yes,Yes,Yes,,DEMO-2026-00235,2,Demo portfolio,2026-08-19T12:00:00+00:00,0.0,B
Casey Brooks · Demo 236,,homeowner236@example.com,202-555-0100,HomeGuard Demo Agency,2026-09-15,Individual,,335 Example Lane,Sample City,NY,01235,Sample County,Owner-occupied,Yes,Detached single family,1,1989,2200,2,Solid masonry,Slab,No,,No,17,No,No,,,11,Slate,Mixed,Good,2015.0,1,No,DEMO-ONLY/236/roof_verification,Copper,Circuit breakers,,200,PEX / PVC / CPVC,,2,Garage,Central gas,,No,No,No,,No,Yes,Yes,None,None,No,No,No,4.6,150,,No,No,No,No,No,No,,42,25,X,,No,No,No,,HO-3,947331,931000,93100,558600,186200,100000,5000,5000,2,No,No,No,No,In force,No,Example Mutual (synthetic),,0,No,,0,0,0,0,,Verified,Verified,Verified,Verified,Verified,DEMO-ONLY/236/property_verification,DEMO-ONLY/236/claims_verification,DEMO-ONLY/236/hazard_verification,DEMO-ONLY/236/replacement_cost_verification,Synthetic evidence scenario,2026-09-15,,No,Yes,Yes,Yes,,DEMO-2026-00236,2,Demo portfolio,2026-07-28T12:00:00+00:00,0.0,A
Taylor Brooks · Demo 237,,homeowner237@example.com,202-555-0100,HomeGuard Demo Agency,2026-09-15,Individual,,336 Example Lane,Sample City,NC,01236,Sample County,Owner-occupied,Yes,Detached single family,1,2014,2950,1,Masonry veneer,Slab,No,,No,16,No,No,,,9,Architectural shingle,Hip,Fair,2017.0,1,No,DEMO-ONLY/237/roof_verification,Copper,Circuit breakers,,200,PEX / PVC / CPVC,,4,Garage,Heat pump,,No,No,No,,No,Yes,Yes,None,None,No,No,No,4.2,100,,No,No,No,No,No,No,,45,20,X,,No,No,No,,HO-3,867674,929000,92900,557400,185800,100000,5000,2500,2,No,No,No,No,In force,No,Example Mutual (synthetic),,0,No,,1,0,26559,0,"Synthetic loss-run example: 1 claim(s), 0 open; total paid $26,559. Not a real claims report.",Verified,Verified,Verified,Verified,Verified,DEMO-ONLY/237/property_verification,DEMO-ONLY/237/claims_verification,DEMO-ONLY/237/hazard_verification,DEMO-ONLY/237/replacement_cost_verification,Synthetic evidence scenario,2026-09-15,,No,Yes,Yes,Yes,,DEMO-2026-00237,2,Demo portfolio,2026-08-09T12:00:00+00:00,0.02858880516684607,A
Casey Ellis · Demo 238,,homeowner238@example.com,202-555-0100,HomeGuard Demo Agency,2026-09-15,Individual,,337 Example Lane,Sample City,ND,01237,Sample County,Owner-occupied,Yes,Detached single family,1,1982,1200,1,Masonry veneer,Basement,No,,No,4,No,No,,,14,Slate,Gable,Fair,2012.0,1,No,DEMO-ONLY/238/roof_verification,Copper,Circuit breakers,,200,PEX / PVC / CPVC,,12,Garage,Heat pump,,No,No,No,,No,Yes,Yes,None,None,No,No,No,1.7,950,,No,No,No,No,No,No,,33,33,X,,No,No,No,,HO-5,436300,483000,48300,289800,96600,500000,5000,1000,2,No,No,No,No,In force,No,Example Mutual (synthetic),,0,No,,0,0,0,0,,Verified,Verified,Verified,Verified,Verified,DEMO-ONLY/238/property_verification,DEMO-ONLY/238/claims_verification,DEMO-ONLY/238/hazard_verification,DEMO-ONLY/238/replacement_cost_verification,Synthetic evidence scenario,2026-09-15,,No,Yes,Yes,Yes,,DEMO-2026-00238,2,Demo portfolio,2026-08-28T12:00:00+00:00,0.0,A
Taylor Parker · Demo 239,,homeowner239@example.com,202-555-0100,HomeGuard Demo Agency,2026-09-15,Individual,,338 Example Lane,Sample City,OH,01238,Sample County,Owner-occupied,Yes,Detached single family,1,1974,3750,2,Masonry veneer,Slab,No,,No,17,No,No,,,8,Tile,Gable,Fair,2018.0,1,No,DEMO-ONLY/239/roof_verification,Copper,Circuit breakers,,200,PEX / PVC / CPVC,,2,Garage,Central electric,,No,No,No,,No,Yes,Yes,None,None,No,No,No,3.3,350,,Yes,Yes,No,No,No,No,,19,35,X,,No,No,No,,HO-5,793297,831000,83100,498600,166200,300000,5000,5000,2,No,No,No,No,In force,No,Example Mutual (synthetic),,0,No,,0,0,0,0,,Verified,Verified,Verified,Verified,Verified,DEMO-ONLY/239/property_verification,DEMO-ONLY/239/claims_verification,DEMO-ONLY/239/hazard_verification,DEMO-ONLY/239/replacement_cost_verification,Synthetic evidence scenario,2026-09-15,,No,Yes,Yes,Yes,,DEMO-2026-00239,2,Demo portfolio,2026-07-31T12:00:00+00:00,0.0,A
Sam Ellis · Demo 240,,homeowner240@example.com,202-555-0100,HomeGuard Demo Agency,2026-09-15,Individual,,339 Example Lane,Sample City,OK,01239,Sample County,Owner-occupied,Yes,Detached single family,1,1954,3900,1,Frame,Slab,No,,No,9,No,No,,,1,Tile,Mixed,Fair,2025.0,1,No,DEMO-ONLY/240/roof_verification,Copper,Circuit breakers,,200,Copper,,6,Garage,Heat pump,,No,No,No,,No,Yes,Yes,None,None,No,No,No,3.3,550,,No,No,No,No,No,No,,18,95,X,,No,No,No,,HO-5,594164,695000,69500,417000,139000,300000,5000,2500,2,No,No,No,No,In force,No,Example Mutual (synthetic),,0,No,,0,0,0,0,,Verified,Verified,Verified,Verified,Verified,DEMO-ONLY/240/property_verification,DEMO-ONLY/240/claims_verification,DEMO-ONLY/240/hazard_verification,DEMO-ONLY/240/replacement_cost_verification,Synthetic evidence scenario,2026-09-15,,No,Yes,Yes,Yes,,DEMO-2026-00240,2,Demo portfolio,2026-08-02T12:00:00+00:00,0.0,F
Taylor Reed · Demo 241,,homeowner241@example.com,202-555-0100,HomeGuard Demo Agency,2026-09-15,Individual,,340 Example Lane,Sample City,OR,01240,Sample County,Owner-occupied,Yes,Detached single family,1,1991,1100,2,Frame,Slab,No,,No,9,No,No,,,17,Metal,Hip,Good,2009.0,1,No,DEMO-ONLY/241/roof_verification,Copper,Circuit breakers,,200,PEX / PVC / CPVC,,2,Garage,Heat pump,,No,No,No,,No,Yes,Yes,None,None,No,No,No,4.4,900,,No,No,No,No,No,No,,28,23,X,,No,No,No,,HO-3,763290,689000,68900,413400,137800,500000,5000,5000,2,No,No,No,No,In force,No,Example Mutual (synthetic),,0,No,,1,0,58044,0,"Synthetic loss-run example: 1 claim(s), 0 open; total paid $58,044. Not a real claims report.",Verified,Verified,Verified,Not checked,Verified,DEMO-ONLY/241/property_verification,DEMO-ONLY/241/claims_verification,,DEMO-ONLY/241/replacement_cost_verification,Synthetic evidence scenario,2026-09-15,,No,Yes,Yes,Yes,,DEMO-2026-00241,2,Demo portfolio,2026-08-17T12:00:00+00:00,0.08424383164005805,B
Casey Hayes · Demo 242,,homeowner242@example.com,202-555-0100,HomeGuard Demo Agency,2026-09-15,Individual,,341 Example Lane,Sample City,PA,01241,Sample County,Owner-occupied,Yes,Detached single family,1,1959,4450,1,Masonry veneer,Basement,No,,No,17,No,No,,,13,Architectural shingle,Hip,Fair,2013.0,1,No,DEMO-ONLY/242/roof_verification,Copper,Circuit breakers,,200,Copper,,8,Garage,Central electric,,No,No,No,,No,Yes,Yes,None,None,No,No,No,2.4,600,,No,No,No,No,No,No,,36,9,X,,No,No,No,,HO-5,1204820,1384000,138400,830400,276800,500000,5000,5000,2,No,No,No,No,In force,No,Example Mutual (synthetic),,0,No,,0,0,0,0,,Verified,Verified,Verified,Verified,Verified,DEMO-ONLY/242/property_verification,DEMO-ONLY/242/claims_verification,DEMO-ONLY/242/hazard_verification,DEMO-ONLY/242/replacement_cost_verification,Synthetic evidence scenario,2026-09-15,,No,Yes,Yes,Yes,,DEMO-2026-00242,2,Demo portfolio,2026-09-09T12:00:00+00:00,0.0,A
Alex Parker · Demo 243,,homeowner243@example.com,202-555-0100,HomeGuard Demo Agency,2026-09-15,Individual,,342 Example Lane,Sample City,RI,01242,Sample County,Owner-occupied,Yes,Detached single family,1,1963,4750,3,Masonry veneer,Slab,No,,No,11,No,No,,,8,Metal,Gable,Good,2018.0,1,No,DEMO-ONLY/243/roof_verification,Copper,Circuit breakers,,200,PEX / PVC / CPVC,,9,Garage,Central gas,,No,No,No,,No,Yes,Yes,None,None,No,No,No,4.4,900,,No,No,No,No,No,No,,22,8,X,,No,No,No,,HO-5,652307,619000,61900,371400,123800,100000,5000,1000,2,No,No,No,No,In force,No,Example Mutual (synthetic),,0,No,,0,0,0,0,,Verified,Verified,Verified,Verified,Verified,DEMO-ONLY/243/property_verification,DEMO-ONLY/243/claims_verification,DEMO-ONLY/243/hazard_verification,DEMO-ONLY/243/replacement_cost_verification,Synthetic evidence scenario,2026-09-15,,No,Yes,Yes,Yes,,DEMO-2026-00243,2,Demo portfolio,2026-08-08T12:00:00+00:00,0.0,A
Morgan Brooks · Demo 244,,homeowner244@example.com,202-555-0100,HomeGuard Demo Agency,2026-09-15,Individual,,343 Example Lane,Sample City,SC,01243,Sample County,Owner-occupied,Yes,Detached single family,1,1997,5150,3,Masonry veneer,Basement,No,,No,13,No,No,,,9,Slate,Hip,Good,2017.0,1,No,DEMO-ONLY/244/roof_verification,Copper,Circuit breakers,,200,PEX / PVC / CPVC,,7,Garage,Heat pump,,No,No,No,,No,Yes,Yes,None,None,No,No,No,2.3,250,,No,No,No,No,No,No,,5,27,X,,No,No,No,,HO-5,332591,371000,37100,222600,74200,300000,5000,2500,2,No,No,No,No,In force,No,Example Mutual (synthetic),,0,No,,0,0,0,0,,Verified,Verified,Verified,Verified,Verified,DEMO-ONLY/244/property_verification,DEMO-ONLY/244/claims_verification,DEMO-ONLY/244/hazard_verification,DEMO-ONLY/244/replacement_cost_verification,Synthetic evidence scenario,2026-09-15,,No,Yes,Yes,Yes,,DEMO-2026-00244,2,Demo portfolio,2026-07-28T12:00:00+00:00,0.0,A
Taylor Brooks · Demo 245,,homeowner245@example.com,202-555-0100,HomeGuard Demo Agency,2026-09-15,Individual,,344 Example Lane,Sample City,SD,01244,Sample County,Owner-occupied,Yes,Detached single family,1,1976,3700,2,Solid masonry,Crawl space,No,,No,17,No,No,,,13,Tile,Gable,Good,2013.0,1,No,DEMO-ONLY/245/roof_verification,Copper,Circuit breakers,,200,PEX / PVC / CPVC,,11,Garage,Heat pump,,No,No,No,,No,Yes,Yes,None,None,No,No,No,2.0,150,,No,No,No,No,No,No,,3,7,X,,No,No,No,,HO-5,1383938,1267000,126700,760200,253400,500000,5000,1000,2,No,No,No,No,In force,No,Example Mutual (synthetic),,0,No,,1,0,157633,0,"Synthetic loss-run example: 1 claim(s), 0 open; total paid $157,633. Not a real claims report.",Verified,Verified,Verified,Verified,Verified,DEMO-ONLY/245/property_verification,DEMO-ONLY/245/claims_verification,DEMO-ONLY/245/hazard_verification,DEMO-ONLY/245/replacement_cost_verification,Synthetic evidence scenario,2026-09-15,,No,Yes,Yes,Yes,,DEMO-2026-00245,2,Demo portfolio,2026-07-18T12:00:00+00:00,0.12441436464088398,A
Jordan Reed · Demo 246,,homeowner246@example.com,202-555-0100,HomeGuard Demo Agency,2026-09-15,Individual,,345 Example Lane,Sample City,TN,01245,Sample County,Owner-occupied,Yes,Detached single family,1,1986,4750,1,Frame,Basement,No,,No,8,No,No,,,8,Metal,Mixed,Good,2018.0,1,No,DEMO-ONLY/246/roof_verification,Copper,Circuit breakers,,200,Copper,,6,Garage,Heat pump,,No,No,No,,No,Yes,Yes,None,None,No,No,No,1.1,100,,Yes,Yes,No,No,No,No,,44,32,X,,No,No,No,,HO-3,1007258,1090000,109000,654000,218000,100000,5000,1000,2,No,No,No,No,In force,No,Example Mutual (synthetic),,0,No,,0,0,0,0,,Verified,Verified,Verified,Verified,Verified,DEMO-ONLY/246/property_verification,DEMO-ONLY/246/claims_verification,DEMO-ONLY/246/hazard_verification,DEMO-ONLY/246/replacement_cost_verification,Synthetic evidence scenario,2026-09-15,,No,Yes,Yes,Yes,,DEMO-2026-00246,2,Demo portfolio,2026-08-04T12:00:00+00:00,0.0,A
Jordan Brooks · Demo 247,,homeowner247@example.com,202-555-0100,HomeGuard Demo Agency,2026-09-15,Individual,,346 Example Lane,Sample City,TX,01246,Sample County,Owner-occupied,Yes,Detached single family,1,2009,3100,2,Solid masonry,Basement,No,,No,2,No,No,,,2,Metal,Gable,Good,2024.0,1,No,DEMO-ONLY/247/roof_verification,Copper,Circuit breakers,,200,PEX / PVC / CPVC,,11,Garage,Heat pump,,No,No,No,,No,Yes,Yes,None,None,No,No,No,0.7,900,,No,No,No,No,No,No,,42,45,X,,No,No,No,,HO-5,977769,896000,89600,537600,179200,300000,5000,1000,2,No,No,No,No,In force,No,Example Mutual (synthetic),,0,No,,0,0,0,0,,Verified,Verified,Verified,Verified,Verified,DEMO-ONLY/247/property_verification,DEMO-ONLY/247/claims_verification,DEMO-ONLY/247/hazard_verification,DEMO-ONLY/247/replacement_cost_verification,Synthetic evidence scenario,2026-09-15,,No,Yes,Yes,Yes,,DEMO-2026-00247,2,Demo portfolio,2026-08-10T12:00:00+00:00,0.0,A
Sam Reed · Demo 248,,homeowner248@example.com,202-555-0100,HomeGuard Demo Agency,2026-09-15,Individual,,347 Example Lane,Sample City,UT,01247,Sample County,Owner-occupied,Yes,Detached single family,1,2002,2600,3,Solid masonry,Slab,No,,No,4,No,No,,,14,Architectural shingle,Gable,Fair,2012.0,1,No,DEMO-ONLY/248/roof_verification,Copper,Circuit breakers,,200,PEX / PVC / CPVC,,2,Garage,Heat pump,,No,No,No,,No,Yes,Yes,None,None,No,No,No,0.6,200,,No,No,No,No,No,No,,9,49,X,,No,No,No,,HO-5,1282577,1219000,121900,731400,243800,500000,5000,5000,2,No,No,No,No,In force,No,Example Mutual (synthetic),,0,No,,0,0,0,0,,Verified,Verified,Verified,Verified,Verified,DEMO-ONLY/248/property_verification,DEMO-ONLY/248/claims_verification,DEMO-ONLY/248/hazard_verification,DEMO-ONLY/248/replacement_cost_verification,Synthetic evidence scenario,2026-09-15,,No,Yes,Yes,Yes,,DEMO-2026-00248,2,Demo portfolio,2026-09-10T12:00:00+00:00,0.0,A
Jordan Parker · Demo 249,,homeowner249@example.com,202-555-0100,HomeGuard Demo Agency,2026-09-15,Individual,,348 Example Lane,Sample City,VT,01248,Sample County,Owner-occupied,Yes,Detached single family,1,1986,2850,3,Masonry veneer,Slab,No,,No,20,No,No,,,17,Architectural shingle,Mixed,Fair,2009.0,1,No,DEMO-ONLY/249/roof_verification,Copper,Circuit breakers,,200,Copper,,1,Garage,Heat pump,,No,No,No,,No,Yes,Yes,None,None,No,No,No,0.8,400,,No,No,No,No,No,No,,3,4,X,,No,No,No,,HO-5,857863,777000,77700,466200,155400,500000,5000,2500,2,No,No,No,No,In force,No,Example Mutual (synthetic),,0,No,,1,0,55506,0,"Synthetic loss-run example: 1 claim(s), 0 open; total paid $55,506. Not a real claims report.",Verified,Verified,Verified,Verified,Verified,DEMO-ONLY/249/property_verification,DEMO-ONLY/249/claims_verification,DEMO-ONLY/249/hazard_verification,DEMO-ONLY/249/replacement_cost_verification,Synthetic evidence scenario,2026-09-15,,No,Yes,Yes,Yes,,DEMO-2026-00249,2,Demo portfolio,2026-09-11T12:00:00+00:00,0.07143629343629343,A
Sam Hayes · Demo 250,,homeowner250@example.com,202-555-0100,HomeGuard Demo Agency,2026-09-15,Individual,,349 Example Lane,Sample City,VA,01249,Sample County,Owner-occupied,Yes,Detached single family,1,2008,1050,2,Masonry veneer,Slab,No,,No,10,No,No,,,6,Architectural shingle,Gable,Fair,2020.0,1,No,DEMO-ONLY/250/roof_verification,Copper,Circuit breakers,,200,PEX / PVC / CPVC,,5,Garage,Central electric,,No,No,No,,No,Yes,Yes,None,None,No,No,No,2.1,950,,No,No,No,No,No,No,,40,6,X,,No,No,No,,HO-3,1350153,1439000,143900,863400,287800,300000,5000,2500,2,No,No,No,No,In force,No,Example Mutual (synthetic),,0,No,,0,0,0,0,,Verified,Verified,Verified,Verified,Verified,DEMO-ONLY/250/property_verification,DEMO-ONLY/250/claims_verification,DEMO-ONLY/250/hazard_verification,DEMO-ONLY/250/replacement_cost_verification,Synthetic evidence scenario,2026-09-15,,No,Yes,Yes,Yes,,DEMO-2026-00250,2,Demo portfolio,2026-07-25T12:00:00+00:00,0.0,A
Jordan Reed · Demo 251,,homeowner251@example.com,202-555-0100,HomeGuard Demo Agency,2026-09-15,Individual,,350 Example Lane,Sample City,WA,01250,Sample County,Owner-occupied,Yes,Detached single family,1,1978,3350,3,Solid masonry,Slab,No,,No,20,No,No,,,12,Architectural shingle,Hip,Fair,2014.0,1,No,DEMO-ONLY/251/roof_verification,Copper,Circuit breakers,,200,Copper,,10,Garage,Central electric,,No,No,No,,No,Yes,Yes,None,None,No,No,No,1.0,100,,No,No,No,No,No,No,,36,22,X,,No,No,No,,HO-3,1241478,1480000,148000,888000,296000,300000,5000,2500,2,No,No,No,No,In force,No,Example Mutual (synthetic),,0,No,,0,0,0,0,,Verified,Verified,Verified,Not checked,Verified,DEMO-ONLY/251/property_verification,DEMO-ONLY/251/claims_verification,,DEMO-ONLY/251/replacement_cost_verification,Synthetic evidence scenario,2026-09-15,,No,Yes,Yes,Yes,,DEMO-2026-00251,2,Demo portfolio,2026-08-25T12:00:00+00:00,0.0,B
Morgan Ellis · Demo 252,,homeowner252@example.com,202-555-0100,HomeGuard Demo Agency,2026-09-15,Individual,,351 Example Lane,Sample City,WV,01251,Sample County,Owner-occupied,Yes,Detached single family,1,2007,5100,2,Masonry veneer,Basement,No,,No,12,No,No,,,11,Architectural shingle,Hip,Fair,2015.0,1,No,DEMO-ONLY/252/roof_verification,Copper,Circuit breakers,,200,PEX / PVC / CPVC,,2,Garage,Heat pump,,No,No,No,,No,Yes,Yes,None,None,No,No,No,2.1,150,,No,No,No,No,No,No,,3,46,X,,No,No,No,,HO-3,409994,471000,47100,282600,94200,300000,5000,1000,2,No,No,No,No,In force,No,Example Mutual (synthetic),,0,No,,0,0,0,0,,Verified,Verified,Verified,Verified,Verified,DEMO-ONLY/252/property_verification,DEMO-ONLY/252/claims_verification,DEMO-ONLY/252/hazard_verification,DEMO-ONLY/252/replacement_cost_verification,Synthetic evidence scenario,2026-09-15,,No,Yes,Yes,Yes,,DEMO-2026-00252,2,Demo portfolio,2026-09-14T12:00:00+00:00,0.0,A
Taylor Brooks · Demo 253,,homeowner253@example.com,202-555-0100,HomeGuard Demo Agency,2026-09-15,Individual,,352 Example Lane,Sample City,WI,01252,Sample County,Owner-occupied,Yes,Detached single family,1,1994,5400,2,Solid masonry,Crawl space,No,,No,5,No,No,,,3,Architectural shingle,Mixed,Good,2023.0,1,No,DEMO-ONLY/253/roof_verification,Copper,Circuit breakers,,200,Copper,,1,Garage,Heat pump,,No,No,No,,No,Yes,Yes,None,None,No,No,No,0.7,600,,Yes,Yes,No,No,No,No,,30,5,X,,No,No,No,,HO-5,1080144,1056000,105600,633600,211200,100000,5000,5000,2,No,No,No,No,In force,No,Example Mutual (synthetic),,0,No,,1,0,111400,0,"Synthetic loss-run example: 1 claim(s), 0 open; total paid $111,400. Not a real claims report.",Verified,Verified,Verified,Verified,Verified,DEMO-ONLY/253/property_verification,DEMO-ONLY/253/claims_verification,DEMO-ONLY/253/hazard_verification,DEMO-ONLY/253/replacement_cost_verification,Synthetic evidence scenario,2026-09-15,,No,Yes,Yes,Yes,,DEMO-2026-00253,2,Demo portfolio,2026-09-01T12:00:00+00:00,0.10549242424242425,A
Morgan Ellis · Demo 254,,homeowner254@example.com,202-555-0100,HomeGuard Demo Agency,2026-09-15,Individual,,353 Example Lane,Sample City,WY,01253,Sample County,Owner-occupied,Yes,Detached single family,1,1957,2850,2,Masonry veneer,Basement,No,,No,5,No,No,,,2,Slate,Gable,Good,2024.0,1,No,DEMO-ONLY/254/roof_verification,Copper,Circuit breakers,,200,PEX / PVC / CPVC,,7,Garage,Central electric,,No,No,No,,No,Yes,Yes,None,None,No,No,No,4.2,400,,No,No,No,No,No,No,,36,39,X,,No,No,No,,HO-5,1201641,1453000,145300,871800,290600,300000,5000,5000,2,No,No,No,No,In force,No,Example Mutual (synthetic),,0,No,,0,0,0,0,,Verified,Verified,Verified,Verified,Verified,DEMO-ONLY/254/property_verification,DEMO-ONLY/254/claims_verification,DEMO-ONLY/254/hazard_verification,DEMO-ONLY/254/replacement_cost_verification,Synthetic evidence scenario,2026-09-15,,No,Yes,Yes,Yes,,DEMO-2026-00254,2,Demo portfolio,2026-08-23T12:00:00+00:00,0.0,A
Sam Ellis · Demo 255,,homeowner255@example.com,202-555-0100,HomeGuard Demo Agency,2026-09-15,Individual,,354 Example Lane,Sample City,DC,01254,Sample County,Owner-occupied,Yes,Detached single family,1,1953,2050,2,Solid masonry,Crawl space,No,,No,19,No,No,,,13,Tile,Hip,Fair,2013.0,1,No,DEMO-ONLY/255/roof_verification,Copper,Circuit breakers,,200,Copper,,14,Garage,Central electric,,No,No,No,,No,Yes,Yes,None,None,No,No,No,3.9,150,,No,No,No,No,No,No,,0,13,X,,No,No,No,,HO-5,1261498,1139000,113900,683400,227800,300000,5000,1000,2,No,No,No,No,In force,No,Example Mutual (synthetic),,0,No,,0,0,0,0,,Verified,Verified,Verified,Verified,Verified,DEMO-ONLY/255/property_verification,DEMO-ONLY/255/claims_verification,DEMO-ONLY/255/hazard_verification,DEMO-ONLY/255/replacement_cost_verification,Synthetic evidence scenario,2026-09-15,,No,Yes,Yes,Yes,,DEMO-2026-00255,2,Demo portfolio,2026-08-01T12:00:00+00:00,0.0,A
Sam Hayes · Demo 256,,homeowner256@example.com,202-555-0100,HomeGuard Demo Agency,2026-09-15,Individual,,355 Example Lane,Sample City,AL,01255,Sample County,Owner-occupied,Yes,Detached single family,1,2006,4800,3,Masonry veneer,Basement,No,,No,2,No,No,,,6,Metal,Mixed,Good,2020.0,1,No,DEMO-ONLY/256/roof_verification,Copper,Circuit breakers,,200,PEX / PVC / CPVC,,6,Garage,Central electric,,No,No,No,,No,Yes,Yes,None,None,No,No,No,4.9,650,,No,No,No,No,No,No,,37,6,X,,No,No,No,,HO-5,994099,887000,88700,532200,177400,300000,5000,2500,2,No,No,No,No,In force,No,Example Mutual (synthetic),,0,No,,0,0,0,0,,Verified,Verified,Verified,Verified,Verified,DEMO-ONLY/256/property_verification,DEMO-ONLY/256/claims_verification,DEMO-ONLY/256/hazard_verification,DEMO-ONLY/256/replacement_cost_verification,Synthetic evidence scenario,2026-09-15,,No,Yes,Yes,Yes,,DEMO-2026-00256,2,Demo portfolio,2026-09-05T12:00:00+00:00,0.0,A
Taylor Brooks · Demo 257,,homeowner257@example.com,202-555-0100,HomeGuard Demo Agency,2026-09-15,Individual,,356 Example Lane,Sample City,AK,01256,Sample County,Owner-occupied,Yes,Detached single family,1,1953,3100,1,Frame,Basement,No,,No,15,No,No,,,6,Metal,Mixed,Good,2020.0,1,No,DEMO-ONLY/257/roof_verification,Copper,Circuit breakers,,200,PEX / PVC / CPVC,,9,Garage,Central electric,,No,No,No,,No,Yes,Yes,None,None,No,No,No,2.2,700,,No,No,No,No,No,No,,11,3,X,,No,No,No,,HO-3,994432,997000,99700,598200,199400,300000,5000,5000,2,No,No,No,No,In force,No,Example Mutual (synthetic),,0,No,,1,0,70651,0,"Synthetic loss-run example: 1 claim(s), 0 open; total paid $70,651. Not a real claims report.",Verified,Verified,Verified,Verified,Verified,DEMO-ONLY/257/property_verification,DEMO-ONLY/257/claims_verification,DEMO-ONLY/257/hazard_verification,DEMO-ONLY/257/replacement_cost_verification,Synthetic evidence scenario,2026-09-15,,No,Yes,Yes,Yes,,DEMO-2026-00257,2,Demo portfolio,2026-08-09T12:00:00+00:00,0.07086359077231695,A
Sam Reed · Demo 258,,homeowner258@example.com,202-555-0100,HomeGuard Demo Agency,2026-09-15,Individual,,357 Example Lane,Sample City,AZ,01257,Sample County,Owner-occupied,Yes,Detached single family,1,1972,2850,2,Masonry veneer,Basement,No,,No,8,No,No,,,11,Metal,Mixed,Good,2015.0,1,No,DEMO-ONLY/258/roof_verification,Copper,Circuit breakers,,200,Copper,,2,Garage,Heat pump,,No,No,No,,No,Yes,Yes,None,None,No,No,No,3.8,300,,No,No,No,No,No,No,,2,17,X,,No,No,No,,HO-3,731897,769000,76900,461400,153800,500000,5000,5000,2,No,No,No,No,In force,No,Example Mutual (synthetic),,0,No,,0,0,0,0,,Verified,Verified,Verified,Verified,Verified,DEMO-ONLY/258/property_verification,DEMO-ONLY/258/claims_verification,DEMO-ONLY/258/hazard_verification,DEMO-ONLY/258/replacement_cost_verification,Synthetic evidence scenario,2026-09-15,,No,Yes,Yes,Yes,,DEMO-2026-00258,2,Demo portfolio,2026-07-18T12:00:00+00:00,0.0,A
Casey Parker · Demo 259,,homeowner259@example.com,202-555-0100,HomeGuard Demo Agency,2026-09-15,Individual,,358 Example Lane,Sample City,AR,01258,Sample County,Owner-occupied,Yes,Detached single family,1,1985,5100,3,Frame,Basement,No,,No,18,No,No,,,8,Slate,Hip,Good,2018.0,1,No,DEMO-ONLY/259/roof_verification,Copper,Circuit breakers,,200,PEX / PVC / CPVC,,4,Garage,Central electric,,No,No,No,,No,Yes,Yes,None,None,No,No,No,2.6,550,,No,No,No,No,No,No,,11,44,X,,No,No,No,,HO-5,764735,789000,78900,473400,157800,300000,5000,1000,2,No,No,No,No,In force,No,Example Mutual (synthetic),,0,No,,0,0,0,0,,Verified,Verified,Verified,Verified,Verified,DEMO-ONLY/259/property_verification,DEMO-ONLY/259/claims_verification,DEMO-ONLY/259/hazard_verification,DEMO-ONLY/259/replacement_cost_verification,Synthetic evidence scenario,2026-09-15,,No,Yes,Yes,Yes,,DEMO-2026-00259,2,Demo portfolio,2026-09-15T12:00:00+00:00,0.0,A
Casey Lane · Demo 260,,homeowner260@example.com,202-555-0100,HomeGuard Demo Agency,2026-09-15,Individual,,359 Example Lane,Sample City,CA,01259,Sample County,Owner-occupied,Yes,Detached single family,1,1961,3400,3,Masonry veneer,Crawl space,No,,No,13,No,No,,,7,Architectural shingle,Mixed,Fair,2019.0,1,No,DEMO-ONLY/260/roof_verification,Copper,Circuit breakers,,200,Copper,,5,Garage,Central electric,,No,No,No,,No,Yes,Yes,None,None,No,No,No,4.4,700,,Yes,Yes,No,No,No,No,,48,23,X,,No,No,No,,HO-5,1614504,1447000,144700,868200,289400,100000,5000,1000,2,No,No,No,No,In force,No,Example Mutual (synthetic),,0,No,,0,0,0,0,,Verified,Verified,Verified,Verified,Verified,DEMO-ONLY/260/property_verification,DEMO-ONLY/260/claims_verification,DEMO-ONLY/260/hazard_verification,DEMO-ONLY/260/replacement_cost_verification,Synthetic evidence scenario,2026-09-15,,No,Yes,Yes,Yes,,DEMO-2026-00260,2,Demo portfolio,2026-08-13T12:00:00+00:00,0.0,A
Casey Parker · Demo 261,,homeowner261@example.com,202-555-0100,HomeGuard Demo Agency,2026-09-15,Individual,,360 Example Lane,Sample City,CO,01260,Sample County,Owner-occupied,Yes,Detached single family,1,2019,2100,2,Solid masonry,Crawl space,No,,No,3,No,No,,,4,Architectural shingle,Gable,Good,2022.0,1,No,DEMO-ONLY/261/roof_verification,Copper,Circuit breakers,,200,PEX / PVC / CPVC,,10,Garage,Central gas,,No,No,No,,No,Yes,Yes,None,None,No,No,No,3.2,100,,No,No,No,No,No,No,,22,38,X,,No,No,No,,HO-5,1233358,1336000,133600,801600,267200,500000,5000,2500,2,No,No,No,No,In force,No,Example Mutual (synthetic),,0,No,,1,0,204363,0,"Synthetic loss-run example: 1 claim(s), 0 open; total paid $204,363. Not a real claims report.",Verified,Verified,Verified,Not checked,Verified,DEMO-ONLY/261/property_verification,DEMO-ONLY/261/claims_verification,,DEMO-ONLY/261/replacement_cost_verification,Synthetic evidence scenario,2026-09-15,,No,Yes,Yes,Yes,,DEMO-2026-00261,2,Demo portfolio,2026-07-27T12:00:00+00:00,0.15296631736526947,B
Sam Brooks · Demo 262,,homeowner262@example.com,202-555-0100,HomeGuard Demo Agency,2026-09-15,Individual,,361 Example Lane,Sample City,CT,01261,Sample County,Owner-occupied,Yes,Detached single family,1,1981,3250,3,Solid masonry,Crawl space,No,,No,14,No,No,,,2,Tile,Hip,Good,2024.0,1,No,DEMO-ONLY/262/roof_verification,Copper,Circuit breakers,,200,Copper,,20,Garage,Central electric,,No,No,No,,No,Yes,Yes,None,None,No,No,No,4.8,200,,No,No,No,No,No,No,,23,29,X,,No,No,No,,HO-5,488907,564000,56400,338400,112800,300000,5000,2500,2,No,No,No,No,In force,No,Example Mutual (synthetic),,0,No,,0,0,0,0,,Verified,Verified,Verified,Verified,Verified,DEMO-ONLY/262/property_verification,DEMO-ONLY/262/claims_verification,DEMO-ONLY/262/hazard_verification,DEMO-ONLY/262/replacement_cost_verification,Synthetic evidence scenario,2026-09-15,,No,Yes,Yes,Yes,,DEMO-2026-00262,2,Demo portfolio,2026-08-19T12:00:00+00:00,0.0,B
Taylor Hayes · Demo 263,,homeowner263@example.com,202-555-0100,HomeGuard Demo Agency,2026-09-15,Individual,,362 Example Lane,Sample City,DE,01262,Sample County,Owner-occupied,Yes,Detached single family,1,1993,2500,1,Solid masonry,Crawl space,No,,No,8,No,No,,,5,Metal,Hip,Fair,2021.0,1,No,DEMO-ONLY/263/roof_verification,Copper,Circuit breakers,,200,Copper,,14,Garage,Central electric,,No,No,No,,No,Yes,Yes,None,None,No,No,No,1.9,250,,No,No,No,No,No,No,,7,14,X,,No,No,No,,HO-3,378102,384000,38400,230400,76800,300000,5000,5000,2,No,No,No,No,In force,No,Example Mutual (synthetic),,0,No,,0,0,0,0,,Verified,Verified,Verified,Verified,Verified,DEMO-ONLY/263/property_verification,DEMO-ONLY/263/claims_verification,DEMO-ONLY/263/hazard_verification,DEMO-ONLY/263/replacement_cost_verification,Synthetic evidence scenario,2026-09-15,,No,Yes,Yes,Yes,,DEMO-2026-00263,2,Demo portfolio,2026-09-05T12:00:00+00:00,0.0,A
Alex Ellis · Demo 264,,homeowner264@example.com,202-555-0100,HomeGuard Demo Agency,2026-09-15,Individual,,363 Example Lane,Sample City,FL,01263,Sample County,Owner-occupied,Yes,Detached single family,1,1961,2300,3,Solid masonry,Crawl space,No,,No,6,No,No,,,11,Tile,Hip,Fair,2015.0,1,No,DEMO-ONLY/264/roof_verification,Copper,Circuit breakers,,200,PEX / PVC / CPVC,,11,Garage,Heat pump,,No,No,No,,No,Yes,Yes,None,None,No,No,No,4.4,100,,No,No,No,No,No,No,,6,14,X,,No,No,No,,HO-3,1261361,1317000,131700,790200,263400,500000,5000,5000,2,No,No,No,No,In force,No,Example Mutual (synthetic),,0,No,,0,0,0,0,,Verified,Verified,Verified,Verified,Verified,DEMO-ONLY/264/property_verification,DEMO-ONLY/264/claims_verification,DEMO-ONLY/264/hazard_verification,DEMO-ONLY/264/replacement_cost_verification,Synthetic evidence scenario,2026-09-15,,No,Yes,Yes,Yes,,DEMO-2026-00264,2,Demo portfolio,2026-09-03T12:00:00+00:00,0.0,A
Morgan Brooks · Demo 265,,homeowner265@example.com,202-555-0100,HomeGuard Demo Agency,2026-09-15,Individual,,364 Example Lane,Sample City,GA,01264,Sample County,Owner-occupied,Yes,Detached single family,1,1981,4400,1,Solid masonry,Crawl space,No,,No,14,No,No,,,13,Slate,Gable,Fair,2013.0,1,No,DEMO-ONLY/265/roof_verification,Copper,Circuit breakers,,200,PEX / PVC / CPVC,,11,Garage,Central electric,,No,No,No,,No,Yes,Yes,None,None,No,No,No,3.1,600,,No,No,No,No,No,No,,10,44,X,,No,No,No,,HO-5,212390,208000,20800,124800,41600,100000,5000,1000,2,No,No,No,No,In force,No,Example Mutual (synthetic),,0,No,,1,0,439,0,"Synthetic loss-run example: 1 claim(s), 0 open; total paid $439. Not a real claims report.",Verified,Verified,Verified,Verified,Verified,DEMO-ONLY/265/property_verification,DEMO-ONLY/265/claims_verification,DEMO-ONLY/265/hazard_verification,DEMO-ONLY/265/replacement_cost_verification,Synthetic evidence scenario,2026-09-15,,No,Yes,Yes,Yes,,DEMO-2026-00265,2,Demo portfolio,2026-08-23T12:00:00+00:00,0.002110576923076923,A
Casey Parker · Demo 266,,homeowner266@example.com,202-555-0100,HomeGuard Demo Agency,2026-09-15,Individual,,365 Example Lane,Sample City,HI,01265,Sample County,Owner-occupied,Yes,Detached single family,1,2000,4700,3,Solid masonry,Crawl space,No,,No,12,No,Yes,,,15,Metal,Hip,Fair,2011.0,1,No,DEMO-ONLY/266/roof_verification,Copper,Circuit breakers,,200,PEX / PVC / CPVC,,13,Garage,Central gas,,No,No,No,,No,Yes,Yes,None,None,No,No,No,1.4,400,,No,No,No,No,No,No,,2,9,X,,No,No,No,,HO-3,915736,1090000,109000,654000,218000,100000,5000,5000,2,No,No,No,No,In force,No,Example Mutual (synthetic),,0,No,,0,0,0,0,,Verified,Verified,Verified,Verified,Verified,DEMO-ONLY/266/property_verification,DEMO-ONLY/266/claims_verification,DEMO-ONLY/266/hazard_verification,DEMO-ONLY/266/replacement_cost_verification,Synthetic evidence scenario,2026-09-15,,No,Yes,Yes,Yes,,DEMO-2026-00266,2,Demo portfolio,2026-08-11T12:00:00+00:00,0.0,B
Sam Ellis · Demo 267,,homeowner267@example.com,202-555-0100,HomeGuard Demo Agency,2026-09-15,Individual,,366 Example Lane,Sample City,ID,01266,Sample County,Owner-occupied,Yes,Detached single family,1,1991,3600,3,Frame,Basement,No,,No,5,No,No,,,11,Slate,Gable,Fair,2015.0,1,No,DEMO-ONLY/267/roof_verification,Copper,Circuit breakers,,200,PEX / PVC / CPVC,,8,Garage,Central electric,,No,No,No,,No,Yes,Yes,None,None,No,No,No,2.4,900,,Yes,Yes,No,No,No,No,,35,15,X,,No,No,No,,HO-3,620901,595000,59500,357000,119000,500000,5000,2500,2,No,No,No,No,In force,No,Example Mutual (synthetic),,0,No,,0,0,0,0,,Verified,Verified,Verified,Verified,Verified,DEMO-ONLY/267/property_verification,DEMO-ONLY/267/claims_verification,DEMO-ONLY/267/hazard_verification,DEMO-ONLY/267/replacement_cost_verification,Synthetic evidence scenario,2026-09-15,,No,Yes,Yes,Yes,,DEMO-2026-00267,2,Demo portfolio,2026-08-30T12:00:00+00:00,0.0,A
Alex Parker · Demo 268,,homeowner268@example.com,202-555-0100,HomeGuard Demo Agency,2026-09-15,Individual,,367 Example Lane,Sample City,IL,01267,Sample County,Owner-occupied,Yes,Detached single family,1,1989,2300,1,Masonry veneer,Slab,No,,No,11,No,No,,,1,Metal,Mixed,Good,2025.0,1,No,DEMO-ONLY/268/roof_verification,Copper,Circuit breakers,,200,Copper,,9,Garage,Central electric,,No,No,No,,No,Yes,Yes,None,None,No,No,No,2.2,600,,No,No,No,No,No,No,,32,17,X,,No,No,No,,HO-3,1253932,1224000,122400,734400,244800,300000,5000,2500,2,No,No,No,No,In force,No,Example Mutual (synthetic),,0,No,,0,0,0,0,,Verified,Verified,Verified,Verified,Verified,DEMO-ONLY/268/property_verification,DEMO-ONLY/268/claims_verification,DEMO-ONLY/268/hazard_verification,DEMO-ONLY/268/replacement_cost_verification,Synthetic evidence scenario,2026-09-15,,No,Yes,Yes,Yes,,DEMO-2026-00268,2,Demo portfolio,2026-07-19T12:00:00+00:00,0.0,A
Alex Parker · Demo 269,,homeowner269@example.com,202-555-0100,HomeGuard Demo Agency,2026-09-15,Individual,,368 Example Lane,Sample City,IN,01268,Sample County,Owner-occupied,Yes,Detached single family,1,2020,4900,3,Frame,Slab,No,,No,11,No,No,,,2,Slate,Mixed,Fair,2024.0,1,No,DEMO-ONLY/269/roof_verification,Copper,Circuit breakers,,200,PEX / PVC / CPVC,,5,Garage,Central gas,,No,No,No,,No,Yes,Yes,None,None,No,No,No,1.6,700,,No,No,No,No,No,No,,30,16,X,,No,No,No,,HO-5,1055814,1254000,125400,752400,250800,300000,5000,2500,2,No,No,No,No,In force,No,Example Mutual (synthetic),,0,No,,1,0,176925,0,"Synthetic loss-run example: 1 claim(s), 0 open; total paid $176,925. Not a real claims report.",Verified,Verified,Verified,Verified,Verified,DEMO-ONLY/269/property_verification,DEMO-ONLY/269/claims_verification,DEMO-ONLY/269/hazard_verification,DEMO-ONLY/269/replacement_cost_verification,Synthetic evidence scenario,2026-09-15,,No,Yes,Yes,Yes,,DEMO-2026-00269,2,Demo portfolio,2026-07-28T12:00:00+00:00,0.14108851674641149,A
Sam Reed · Demo 270,,homeowner270@example.com,202-555-0100,HomeGuard Demo Agency,2026-09-15,Individual,,369 Example Lane,Sample City,IA,01269,Sample County,Owner-occupied,Yes,Detached single family,1,1984,2750,1,Solid masonry,Crawl space,No,,No,13,No,No,,,17,Metal,Mixed,Fair,2009.0,1,No,DEMO-ONLY/270/roof_verification,Copper,Circuit breakers,,200,PEX / PVC / CPVC,,13,Garage,Central electric,,No,No,No,,No,Yes,Yes,None,None,No,No,No,3.0,750,,No,No,No,No,No,No,,45,48,X,,No,No,No,,HO-3,1439934,1275000,127500,765000,255000,300000,5000,5000,2,No,No,No,No,In force,No,Example Mutual (synthetic),,0,No,,0,0,0,0,,Verified,Verified,Verified,Verified,Verified,DEMO-ONLY/270/property_verification,DEMO-ONLY/270/claims_verification,DEMO-ONLY/270/hazard_verification,DEMO-ONLY/270/replacement_cost_verification,Synthetic evidence scenario,2026-09-15,,No,Yes,Yes,Yes,,DEMO-2026-00270,2,Demo portfolio,2026-07-20T12:00:00+00:00,0.0,A
Morgan Lane · Demo 271,,homeowner271@example.com,202-555-0100,HomeGuard Demo Agency,2026-09-15,Individual,,370 Example Lane,Sample City,KS,01270,Sample County,Owner-occupied,Yes,Detached single family,1,1973,5000,3,Frame,Slab,No,,No,18,No,No,,,11,Tile,Mixed,Fair,2015.0,1,No,DEMO-ONLY/271/roof_verification,Copper,Fuses,,200,PEX / PVC / CPVC,,8,Garage,Central electric,,No,No,No,,No,Yes,Yes,None,None,No,No,No,1.7,450,,No,No,No,No,No,No,,11,49,X,,No,No,No,,HO-5,1389361,1329000,132900,797400,265800,100000,5000,2500,2,No,No,No,No,In force,No,Example Mutual (synthetic),,0,No,,0,0,0,0,,Verified,Verified,Verified,Not checked,Verified,DEMO-ONLY/271/property_verification,DEMO-ONLY/271/claims_verification,,DEMO-ONLY/271/replacement_cost_verification,Synthetic evidence scenario,2026-09-15,,No,Yes,Yes,Yes,,DEMO-2026-00271,2,Demo portfolio,2026-08-25T12:00:00+00:00,0.0,B
Sam Hayes · Demo 272,,homeowner272@example.com,202-555-0100,HomeGuard Demo Agency,2026-09-15,Individual,,371 Example Lane,Sample City,KY,01271,Sample County,Owner-occupied,Yes,Detached single family,1,1960,5200,2,Frame,Slab,No,,No,14,No,No,,,7,Slate,Gable,Good,2019.0,1,No,DEMO-ONLY/272/roof_verification,Copper,Circuit breakers,,200,Copper,,7,Garage,Heat pump,,No,No,No,,No,Yes,Yes,None,None,No,No,No,2.3,450,,No,No,No,No,No,No,,46,42,X,,No,No,No,,HO-5,814341,862000,86200,517200,172400,300000,5000,2500,2,No,No,No,No,In force,No,Example Mutual (synthetic),,0,No,,0,0,0,0,,Verified,Verified,Verified,Verified,Verified,DEMO-ONLY/272/property_verification,DEMO-ONLY/272/claims_verification,DEMO-ONLY/272/hazard_verification,DEMO-ONLY/272/replacement_cost_verification,Synthetic evidence scenario,2026-09-15,,No,Yes,Yes,Yes,,DEMO-2026-00272,2,Demo portfolio,2026-07-25T12:00:00+00:00,0.0,A
Jordan Lane · Demo 273,,homeowner273@example.com,202-555-0100,HomeGuard Demo Agency,2026-09-15,Individual,,372 Example Lane,Sample City,LA,01272,Sample County,Owner-occupied,Yes,Detached single family,1,1963,4250,1,Masonry veneer,Crawl space,No,,No,6,No,No,,,10,Tile,Gable,Good,2016.0,1,No,DEMO-ONLY/273/roof_verification,Copper,Circuit breakers,,200,PEX / PVC / CPVC,,14,Garage,Central gas,,No,No,No,,No,Yes,Yes,None,None,No,No,No,3.6,750,,No,No,No,No,No,No,,39,39,X,,No,No,No,,HO-5,582776,599000,59900,359400,119800,100000,5000,2500,2,No,No,No,No,In force,No,Example Mutual (synthetic),,0,No,,1,0,17900,0,"Synthetic loss-run example: 1 claim(s), 0 open; total paid $17,900. Not a real claims report.",Verified,Verified,Verified,Verified,Verified,DEMO-ONLY/273/property_verification,DEMO-ONLY/273/claims_verification,DEMO-ONLY/273/hazard_verification,DEMO-ONLY/273/replacement_cost_verification,Synthetic evidence scenario,2026-09-15,,No,Yes,Yes,Yes,,DEMO-2026-00273,2,Demo portfolio,2026-09-04T12:00:00+00:00,0.02988313856427379,A
Sam Parker · Demo 274,,homeowner274@example.com,202-555-0100,HomeGuard Demo Agency,2026-09-15,Individual,,373 Example Lane,Sample City,ME,01273,Sample County,Owner-occupied,Yes,Detached single family,1,2008,4850,2,Frame,Slab,No,,No,8,No,No,,,17,Metal,Mixed,Good,2009.0,1,No,DEMO-ONLY/274/roof_verification,Copper,Circuit breakers,,200,Copper,,2,Garage,Heat pump,,No,No,No,,No,Yes,Yes,None,None,No,No,No,1.4,700,,Yes,Yes,No,No,No,No,,30,42,X,,No,No,No,,HO-3,999215,909000,90900,545400,181800,100000,5000,5000,2,No,No,No,No,In force,No,Example Mutual (synthetic),,0,No,,0,0,0,0,,Verified,Verified,Verified,Verified,Verified,DEMO-ONLY/274/property_verification,DEMO-ONLY/274/claims_verification,DEMO-ONLY/274/hazard_verification,DEMO-ONLY/274/replacement_cost_verification,Synthetic evidence scenario,2026-09-15,,No,Yes,Yes,Yes,,DEMO-2026-00274,2,Demo portfolio,2026-09-08T12:00:00+00:00,0.0,A
Taylor Reed · Demo 275,,homeowner275@example.com,202-555-0100,HomeGuard Demo Agency,2026-09-15,LLC / other entity,,374 Example Lane,Sample City,MD,01274,Sample County,Owner-occupied,Yes,Detached single family,1,1989,3800,2,Masonry veneer,Slab,No,,No,7,No,No,,,14,Metal,Gable,Good,2012.0,1,No,DEMO-ONLY/275/roof_verification,Copper,Circuit breakers,,200,Copper,,9,Garage,Heat pump,,No,No,No,,No,Yes,Yes,None,None,No,No,No,2.0,100,,No,No,No,No,No,No,,34,15,X,,No,No,No,,HO-3,262446,310000,31000,186000,62000,100000,5000,5000,2,No,No,No,No,In force,No,Example Mutual (synthetic),,0,No,,0,0,0,0,,Verified,Verified,Verified,Verified,Verified,DEMO-ONLY/275/property_verification,DEMO-ONLY/275/claims_verification,DEMO-ONLY/275/hazard_verification,DEMO-ONLY/275/replacement_cost_verification,Synthetic evidence scenario,2026-09-15,,No,Yes,Yes,Yes,,DEMO-2026-00275,2,Demo portfolio,2026-09-11T12:00:00+00:00,0.0,B
Casey Parker · Demo 276,,homeowner276@example.com,202-555-0100,HomeGuard Demo Agency,2026-09-15,Individual,,375 Example Lane,Sample City,MA,01275,Sample County,Owner-occupied,Yes,Detached single family,1,2001,5450,2,Masonry veneer,Basement,No,,No,79,No,No,,,1,Metal,Gable,Good,2025.0,1,No,DEMO-ONLY/276/roof_verification,Copper,Circuit breakers,,200,Copper,,1,Garage,Heat pump,,No,No,No,,No,Yes,Yes,None,None,No,No,No,1.8,600,,No,No,No,No,No,No,,37,29,X,,No,No,No,,HO-3,1158776,1244000,124400,746400,248800,500000,5000,1000,2,No,No,No,No,In force,No,Example Mutual (synthetic),,0,No,,0,0,0,0,,Verified,Verified,Verified,Verified,Verified,DEMO-ONLY/276/property_verification,DEMO-ONLY/276/claims_verification,DEMO-ONLY/276/hazard_verification,DEMO-ONLY/276/replacement_cost_verification,Synthetic evidence scenario,2026-09-15,,No,Yes,Yes,Yes,,DEMO-2026-00276,2,Demo portfolio,2026-09-01T12:00:00+00:00,0.0,B
Sam Reed · Demo 277,,homeowner277@example.com,202-555-0100,HomeGuard Demo Agency,2026-09-15,Individual,,376 Example Lane,Sample City,MI,01276,Sample County,Owner-occupied,Yes,Detached single family,1,1956,1000,2,Solid masonry,Basement,No,,No,14,No,No,,,11,Tile,Mixed,Good,2015.0,1,No,DEMO-ONLY/277/roof_verification,Copper,Circuit breakers,,200,Copper,,5,Garage,Central gas,,No,No,No,,No,Yes,Yes,None,None,No,No,No,0.6,500,,No,No,No,No,No,No,,42,42,X,,No,No,No,,HO-3,641723,756000,75600,453600,151200,300000,5000,2500,2,No,No,No,No,In force,No,Example Mutual (synthetic),,116,No,,0,0,0,0,,Verified,Verified,Verified,Verified,Verified,DEMO-ONLY/277/property_verification,DEMO-ONLY/277/claims_verification,DEMO-ONLY/277/hazard_verification,DEMO-ONLY/277/replacement_cost_verification,Synthetic evidence scenario,2026-09-15,,No,Yes,Yes,Yes,,DEMO-2026-00277,2,Demo portfolio,2026-08-17T12:00:00+00:00,0.0,B
Casey Brooks · Demo 278,,homeowner278@example.com,202-555-0100,HomeGuard Demo Agency,2026-09-15,Individual,,377 Example Lane,Sample City,MN,01277,Sample County,Owner-occupied,Yes,Detached single family,1,1978,3300,3,Frame,Basement,No,,No,13,No,No,,,16,Metal,Gable,Good,2010.0,1,No,DEMO-ONLY/278/roof_verification,Copper,Circuit breakers,,200,Copper,,8,Garage,Central gas,,No,No,No,,No,Yes,Yes,None,None,No,No,No,0.9,200,,Yes,Yes,Yes,No,No,No,,9,43,X,,No,No,No,,HO-3,171090,202000,20200,121200,40400,500000,5000,5000,2,No,No,No,No,In force,No,Example Mutual (synthetic),,0,No,,0,0,0,0,,Verified,Verified,Verified,Verified,Verified,DEMO-ONLY/278/property_verification,DEMO-ONLY/278/claims_verification,DEMO-ONLY/278/hazard_verification,DEMO-ONLY/278/replacement_cost_verification,Synthetic evidence scenario,2026-09-15,,No,Yes,Yes,Yes,,DEMO-2026-00278,2,Demo portfolio,2026-08-18T12:00:00+00:00,0.0,B
Sam Parker · Demo 279,,homeowner279@example.com,202-555-0100,HomeGuard Demo Agency,2026-09-15,Individual,,378 Example Lane,Sample City,MS,01278,Sample County,Owner-occupied,Yes,Detached single family,1,1980,3900,2,Frame,Slab,No,,No,10,No,No,,,18,Architectural shingle,Mixed,Good,2008.0,1,No,DEMO-ONLY/279/roof_verification,Copper,Circuit breakers,,200,Copper,,7,Garage,Central gas,,No,No,No,,No,Yes,Yes,None,None,No,No,No,2.5,350,,No,No,No,No,No,No,,43,40,X,,No,No,No,,HO-3,1359146,1387000,138700,832200,277400,100000,5000,2500,2,No,No,No,No,In force,No,Example Mutual (synthetic),,0,No,,0,0,0,0,,Verified,Verified,Verified,Verified,Verified,DEMO-ONLY/279/property_verification,DEMO-ONLY/279/claims_verification,DEMO-ONLY/279/hazard_verification,DEMO-ONLY/279/replacement_cost_verification,Synthetic evidence scenario,2026-09-15,,No,Yes,Yes,Yes,,DEMO-2026-00279,2,Demo portfolio,2026-08-07T12:00:00+00:00,0.0,A
Jordan Parker · Demo 280,,homeowner280@example.com,202-555-0100,HomeGuard Demo Agency,2026-09-15,Individual,,379 Example Lane,Sample City,MO,01279,Sample County,Owner-occupied,Yes,Detached single family,1,1954,4500,2,Solid masonry,Crawl space,No,,No,6,No,No,,,12,Slate,Gable,Fair,2014.0,1,No,DEMO-ONLY/280/roof_verification,Copper,Circuit breakers,,200,PEX / PVC / CPVC,,13,Garage,Heat pump,,No,No,No,,No,Yes,Yes,None,None,No,No,No,4.6,800,,No,No,No,No,No,No,,27,25,X,,No,No,No,,HO-3,823427,785000,78500,471000,157000,500000,5000,2500,2,No,No,No,No,In force,No,Example Mutual (synthetic),,0,No,,0,0,0,0,,Verified,Verified,Verified,Verified,Verified,DEMO-ONLY/280/property_verification,DEMO-ONLY/280/claims_verification,DEMO-ONLY/280/hazard_verification,DEMO-ONLY/280/replacement_cost_verification,Synthetic evidence scenario,2026-09-15,,No,Yes,Yes,Yes,,DEMO-2026-00280,2,Demo portfolio,2026-08-11T12:00:00+00:00,0.0,A
Alex Ellis · Demo 281,,homeowner281@example.com,202-555-0100,HomeGuard Demo Agency,2026-09-15,Individual,,380 Example Lane,Sample City,MT,01280,Sample County,Owner-occupied,Yes,Detached single family,1,2022,4900,2,Frame,Slab,No,,No,15,No,No,,,2,Slate,Hip,Fair,2024.0,1,No,DEMO-ONLY/281/roof_verification,Copper,Circuit breakers,,200,Copper,,9,Garage,Heat pump,,No,No,No,,No,Yes,Yes,None,None,No,No,No,4.5,500,,Yes,Yes,No,No,No,No,,23,38,X,,No,No,No,,HO-5,196538,203000,20300,121800,40600,100000,5000,5000,2,No,No,No,No,In force,No,Example Mutual (synthetic),,0,No,,1,0,37830,0,"Synthetic loss-run example: 1 claim(s), 0 open; total paid $37,830. Not a real claims report.",Verified,Verified,Verified,Not checked,Verified,DEMO-ONLY/281/property_verification,DEMO-ONLY/281/claims_verification,,DEMO-ONLY/281/replacement_cost_verification,Synthetic evidence scenario,2026-09-15,,No,Yes,Yes,Yes,,DEMO-2026-00281,2,Demo portfolio,2026-08-05T12:00:00+00:00,0.18635467980295567,B
Jordan Brooks · Demo 282,,homeowner282@example.com,202-555-0100,HomeGuard Demo Agency,2026-09-15,Individual,,381 Example Lane,Sample City,NE,01281,Sample County,Owner-occupied,Yes,Detached single family,1,1971,2000,2,Masonry veneer,Basement,No,,No,8,No,No,,,1,Metal,Mixed,Fair,2025.0,1,No,DEMO-ONLY/282/roof_verification,Copper,Circuit breakers,,200,PEX / PVC / CPVC,,14,Garage,Central electric,,No,No,No,,No,Yes,Yes,None,None,No,No,No,2.1,150,,No,No,No,No,No,No,,17,20,X,,No,No,No,,HO-5,591621,622000,62200,373200,124400,300000,5000,5000,2,No,No,No,No,In force,No,Example Mutual (synthetic),,0,No,,0,0,0,0,,Verified,Verified,Verified,Verified,Verified,DEMO-ONLY/282/property_verification,DEMO-ONLY/282/claims_verification,DEMO-ONLY/282/hazard_verification,DEMO-ONLY/282/replacement_cost_verification,Synthetic evidence scenario,2026-09-15,,No,Yes,Yes,Yes,,DEMO-2026-00282,2,Demo portfolio,2026-08-11T12:00:00+00:00,0.0,A
Jordan Parker · Demo 283,,homeowner283@example.com,202-555-0100,HomeGuard Demo Agency,2026-09-15,Individual,,382 Example Lane,Sample City,NV,01282,Sample County,Owner-occupied,Yes,Detached single family,1,2011,2800,1,Masonry veneer,Slab,No,,No,13,No,No,,,13,Metal,Mixed,Good,2013.0,1,No,DEMO-ONLY/283/roof_verification,Copper,Circuit breakers,,200,Copper,,14,Garage,Central electric,,No,No,No,,No,Yes,Yes,None,None,No,No,No,1.3,800,,No,No,No,No,No,No,,38,9,X,,No,No,No,,HO-5,1348338,1224000,122400,734400,244800,500000,5000,1000,2,No,No,No,No,In force,No,Example Mutual (synthetic),,0,No,,0,0,0,0,,Verified,Verified,Verified,Verified,Verified,DEMO-ONLY/283/property_verification,DEMO-ONLY/283/claims_verification,DEMO-ONLY/283/hazard_verification,DEMO-ONLY/283/replacement_cost_verification,Synthetic evidence scenario,2026-09-15,,No,Yes,Yes,Yes,,DEMO-2026-00283,2,Demo portfolio,2026-08-07T12:00:00+00:00,0.0,A
Jordan Brooks · Demo 284,,homeowner284@example.com,202-555-0100,HomeGuard Demo Agency,2026-09-15,Individual,,383 Example Lane,Sample City,NH,01283,Sample County,Owner-occupied,Yes,Detached single family,1,1990,4450,1,Solid masonry,Basement,No,,No,7,No,No,,,4,Architectural shingle,Hip,Fair,2022.0,1,No,DEMO-ONLY/284/roof_verification,Copper,Circuit breakers,,200,PEX / PVC / CPVC,,4,Garage,Central electric,,No,No,No,,No,Yes,Yes,None,None,No,No,No,0.7,450,,No,No,No,No,No,No,,22,4,X,,No,No,No,,HO-3,1310603,1319000,131900,791400,263800,300000,5000,2500,2,No,No,No,No,In force,No,Example Mutual (synthetic),,0,No,,0,0,0,0,,Verified,Verified,Verified,Verified,Verified,DEMO-ONLY/284/property_verification,DEMO-ONLY/284/claims_verification,DEMO-ONLY/284/hazard_verification,DEMO-ONLY/284/replacement_cost_verification,Synthetic evidence scenario,2026-09-15,,No,Yes,Yes,Yes,,DEMO-2026-00284,2,Demo portfolio,2026-08-08T12:00:00+00:00,0.0,A
Alex Lane · Demo 285,,homeowner285@example.com,202-555-0100,HomeGuard Demo Agency,2026-09-15,Individual,,384 Example Lane,Sample City,NJ,01284,Sample County,Owner-occupied,Yes,Detached single family,1,1970,5000,3,Solid masonry,Slab,No,,No,6,No,No,,,9,Metal,Gable,Fair,2017.0,1,No,DEMO-ONLY/285/roof_verification,Copper,Circuit breakers,,200,PEX / PVC / CPVC,,3,Garage,Central electric,,No,No,No,,No,Yes,Yes,None,None,No,No,No,1.2,700,,No,No,No,No,No,No,,4,24,X,,No,No,No,,HO-3,406450,479000,47900,287400,95800,300000,5000,2500,2,No,No,No,No,In force,No,Example Mutual (synthetic),,0,No,,1,0,91847,0,"Synthetic loss-run example: 1 claim(s), 0 open; total paid $91,847. Not a real claims report.",Verified,Verified,Verified,Verified,Verified,DEMO-ONLY/285/property_verification,DEMO-ONLY/285/claims_verification,DEMO-ONLY/285/hazard_verification,DEMO-ONLY/285/replacement_cost_verification,Synthetic evidence scenario,2026-09-15,,No,Yes,Yes,Yes,,DEMO-2026-00285,2,Demo portfolio,2026-08-17T12:00:00+00:00,0.1917473903966597,A
Morgan Parker · Demo 286,,homeowner286@example.com,202-555-0100,HomeGuard Demo Agency,2026-09-15,Individual,,385 Example Lane,Sample City,NM,01285,Sample County,Owner-occupied,Yes,Detached single family,1,1956,3000,3,Solid masonry,Crawl space,No,,No,11,No,No,,,9,Slate,Mixed,Good,2017.0,1,No,DEMO-ONLY/286/roof_verification,Copper,Circuit breakers,,200,Copper,,12,Garage,Central gas,,No,No,No,,No,Yes,Yes,None,None,No,No,No,3.1,250,,No,No,No,No,No,No,,41,20,X,,No,No,No,,HO-5,1338717,1380000,138000,828000,276000,100000,5000,5000,2,No,No,No,No,In force,No,Example Mutual (synthetic),,0,No,,0,0,0,0,,Verified,Verified,Verified,Verified,Verified,DEMO-ONLY/286/property_verification,DEMO-ONLY/286/claims_verification,DEMO-ONLY/286/hazard_verification,DEMO-ONLY/286/replacement_cost_verification,Synthetic evidence scenario,2026-09-15,,No,Yes,Yes,Yes,,DEMO-2026-00286,2,Demo portfolio,2026-07-29T12:00:00+00:00,0.0,A
Taylor Ellis · Demo 287,,homeowner287@example.com,202-555-0100,HomeGuard Demo Agency,2026-09-15,Individual,,386 Example Lane,Sample City,NY,01286,Sample County,Owner-occupied,Yes,Detached single family,1,2016,2100,1,Frame,Slab,No,,No,9,No,No,,,5,Tile,Hip,Fair,2021.0,1,No,DEMO-ONLY/287/roof_verification,Copper,Circuit breakers,,200,Copper,,13,Garage,Heat pump,,No,No,No,,No,Yes,Yes,None,None,No,No,No,1.3,450,,No,No,No,No,No,No,,21,45,X,,No,No,No,,HO-5,1277827,1263000,126300,757800,252600,300000,5000,2500,2,No,No,No,No,In force,No,Example Mutual (synthetic),,0,No,,0,0,0,0,,Verified,Verified,Verified,Verified,Verified,DEMO-ONLY/287/property_verification,DEMO-ONLY/287/claims_verification,DEMO-ONLY/287/hazard_verification,DEMO-ONLY/287/replacement_cost_verification,Synthetic evidence scenario,2026-09-15,,No,Yes,Yes,Yes,,DEMO-2026-00287,2,Demo portfolio,2026-08-28T12:00:00+00:00,0.0,A
Casey Ellis · Demo 288,,homeowner288@example.com,202-555-0100,HomeGuard Demo Agency,2026-09-15,Individual,,387 Example Lane,Sample City,NC,01287,Sample County,Owner-occupied,Yes,Detached single family,1,2013,5100,2,Solid masonry,Slab,No,,No,13,No,No,,,6,Slate,Gable,Fair,2020.0,1,No,DEMO-ONLY/288/roof_verification,Copper,Circuit breakers,,200,Copper,,2,Garage,Central gas,,No,No,No,,No,Yes,Yes,None,None,No,No,No,2.3,300,,Yes,Yes,No,No,No,No,,7,26,X,,No,No,No,,HO-3,760064,775000,77500,465000,155000,300000,5000,2500,2,No,No,No,No,In force,No,Example Mutual (synthetic),,0,No,,0,0,0,0,,Verified,Verified,Verified,Verified,Verified,DEMO-ONLY/288/property_verification,DEMO-ONLY/288/claims_verification,DEMO-ONLY/288/hazard_verification,DEMO-ONLY/288/replacement_cost_verification,Synthetic evidence scenario,2026-09-15,,No,Yes,Yes,Yes,,DEMO-2026-00288,2,Demo portfolio,2026-08-12T12:00:00+00:00,0.0,A
Taylor Ellis · Demo 289,,homeowner289@example.com,202-555-0100,HomeGuard Demo Agency,2026-09-15,Individual,,388 Example Lane,Sample City,ND,01288,Sample County,Owner-occupied,Yes,Detached single family,1,1960,2350,1,Masonry veneer,Slab,No,,No,13,No,No,,,33,Slate,Hip,Poor,,1,No,DEMO-ONLY/289/roof_verification,Copper,Circuit breakers,,200,PEX / PVC / CPVC,,14,Garage,Central gas,,No,No,No,,No,Yes,Yes,None,None,No,No,No,0.5,700,,No,No,No,No,No,No,,41,45,X,,No,No,No,,HO-3,564502,530000,53000,318000,106000,300000,5000,1000,2,No,No,No,No,In force,No,Example Mutual (synthetic),,0,No,,0,0,0,0,,Verified,Verified,Verified,Verified,Verified,DEMO-ONLY/289/property_verification,DEMO-ONLY/289/claims_verification,DEMO-ONLY/289/hazard_verification,DEMO-ONLY/289/replacement_cost_verification,Synthetic evidence scenario,2026-09-15,,No,Yes,Yes,Yes,,DEMO-2026-00289,2,Demo portfolio,2026-07-21T12:00:00+00:00,0.0,F
Jordan Parker · Demo 290,,homeowner290@example.com,202-555-0100,HomeGuard Demo Agency,2026-09-15,Individual,,389 Example Lane,Sample City,OH,01289,Sample County,Owner-occupied,Yes,Detached single family,1,2003,1300,2,Solid masonry,Slab,No,,No,2,No,No,,,17,Metal,Hip,Good,2009.0,1,No,DEMO-ONLY/290/roof_verification,Copper,Circuit breakers,,200,Copper,,9,Garage,Central electric,,No,No,No,,No,Yes,Yes,None,None,No,No,No,4.2,550,,No,No,No,No,No,No,,24,43,X,,No,No,No,,HO-5,335849,373000,37300,223800,74600,500000,5000,1000,2,No,No,No,No,In force,No,Example Mutual (synthetic),,0,No,,0,0,0,0,,Verified,Verified,Verified,Verified,Verified,DEMO-ONLY/290/property_verification,DEMO-ONLY/290/claims_verification,DEMO-ONLY/290/hazard_verification,DEMO-ONLY/290/replacement_cost_verification,Synthetic evidence scenario,2026-09-15,,No,Yes,Yes,Yes,,DEMO-2026-00290,2,Demo portfolio,2026-08-16T12:00:00+00:00,0.0,A
Morgan Lane · Demo 291,,homeowner291@example.com,202-555-0100,HomeGuard Demo Agency,2026-09-15,Individual,,390 Example Lane,Sample City,OK,01290,Sample County,Owner-occupied,Yes,Detached single family,1,1983,1500,2,Frame,Crawl space,No,,No,15,Yes,No,,,17,Architectural shingle,Hip,Good,2009.0,1,No,DEMO-ONLY/291/roof_verification,Copper,Circuit breakers,,200,Copper,,11,Garage,Central electric,,No,No,No,,No,Yes,Yes,None,None,No,No,No,0.7,450,,No,No,No,No,No,No,,9,22,X,,No,No,No,,HO-3,1114688,1167000,116700,700200,233400,100000,5000,2500,2,No,No,No,No,In force,No,Example Mutual (synthetic),,0,No,,0,0,0,0,,Verified,Verified,Verified,Not checked,Verified,DEMO-ONLY/291/property_verification,DEMO-ONLY/291/claims_verification,,DEMO-ONLY/291/replacement_cost_verification,Synthetic evidence scenario,2026-09-15,,No,Yes,Yes,Yes,,DEMO-2026-00291,2,Demo portfolio,2026-09-10T12:00:00+00:00,0.0,B
Morgan Brooks · Demo 292,,homeowner292@example.com,202-555-0100,HomeGuard Demo Agency,2026-09-15,Individual,,391 Example Lane,Sample City,OR,01291,Sample County,Owner-occupied,Yes,Detached single family,1,1978,3800,3,Masonry veneer,Basement,No,,No,10,No,No,,,17,Architectural shingle,Hip,Good,2009.0,1,No,DEMO-ONLY/292/roof_verification,Copper,Circuit breakers,,200,PEX / PVC / CPVC,,8,Garage,Heat pump,,No,No,No,,No,Yes,Yes,None,None,No,No,No,1.7,900,,No,No,No,No,No,No,,17,37,X,,No,No,No,,HO-5,1420476,1407000,140700,844200,281400,100000,5000,1000,2,No,No,No,No,In force,No,Example Mutual (synthetic),,0,No,,1,1,10000,0,"Synthetic loss-run example: 1 claim(s), 0 open; total paid $10,000. Not a real claims report.",Verified,Verified,Verified,Verified,Verified,DEMO-ONLY/292/property_verification,DEMO-ONLY/292/claims_verification,DEMO-ONLY/292/hazard_verification,DEMO-ONLY/292/replacement_cost_verification,Synthetic evidence scenario,2026-09-15,,No,Yes,Yes,Yes,,DEMO-2026-00292,2,Demo portfolio,2026-07-24T12:00:00+00:00,0.007107320540156361,B
Sam Reed · Demo 293,,homeowner293@example.com,202-555-0100,HomeGuard Demo Agency,2026-09-15,Individual,,392 Example Lane,Sample City,PA,01292,Sample County,Owner-occupied,Yes,Detached single family,1,1963,1650,1,Frame,Slab,No,,No,12,No,No,,,8,Metal,Gable,Good,2018.0,1,No,DEMO-ONLY/293/roof_verification,Copper,Circuit breakers,,200,Copper,,18,Garage,Central electric,,No,No,No,,No,Yes,Yes,None,None,No,No,No,0.6,750,,No,No,No,No,No,No,,18,18,X,,No,No,No,,HO-5,350835,318000,31800,190800,63600,500000,5000,5000,2,No,No,No,No,In force,No,Example Mutual (synthetic),,0,No,,0,0,0,0,,Verified,Verified,Verified,Verified,Verified,DEMO-ONLY/293/property_verification,DEMO-ONLY/293/claims_verification,DEMO-ONLY/293/hazard_verification,DEMO-ONLY/293/replacement_cost_verification,Synthetic evidence scenario,2026-09-15,,No,Yes,Yes,Yes,,DEMO-2026-00293,2,Demo portfolio,2026-09-02T12:00:00+00:00,0.0,B
Taylor Parker · Demo 294,,homeowner294@example.com,202-555-0100,HomeGuard Demo Agency,2026-09-15,Individual,,393 Example Lane,Sample City,RI,01293,Sample County,Owner-occupied,Yes,Detached single family,1,1977,1050,1,Masonry veneer,Crawl space,No,,No,15,No,No,,,13,Metal,Hip,Good,2013.0,1,No,DEMO-ONLY/294/roof_verification,Copper,Circuit breakers,,200,PEX / PVC / CPVC,,14,Garage,Heat pump,,No,No,No,,No,Yes,Yes,None,None,No,No,No,1.7,400,,No,No,No,No,No,No,,34,17,X,,No,No,No,,HO-3,646258,615000,61500,369000,123000,500000,5000,5000,2,No,No,No,No,In force,No,Example Mutual (synthetic),,0,No,,0,0,0,0,,Verified,Verified,Verified,Verified,Verified,DEMO-ONLY/294/property_verification,DEMO-ONLY/294/claims_verification,DEMO-ONLY/294/hazard_verification,DEMO-ONLY/294/replacement_cost_verification,Synthetic evidence scenario,2026-09-15,,No,Yes,Yes,Yes,,DEMO-2026-00294,2,Demo portfolio,2026-07-20T12:00:00+00:00,0.0,A
Jordan Parker · Demo 295,,homeowner295@example.com,202-555-0100,HomeGuard Demo Agency,2026-09-15,Individual,,394 Example Lane,Sample City,SC,01294,Sample County,Owner-occupied,Yes,Detached single family,1,1996,1950,3,Frame,Slab,No,,No,17,No,No,,,6,Architectural shingle,Hip,Fair,2020.0,1,No,DEMO-ONLY/295/roof_verification,Copper,Circuit breakers,,200,Copper,,5,Garage,Heat pump,,No,No,No,,No,Yes,Yes,None,None,No,No,No,4.9,700,,Yes,Yes,No,No,No,No,,8,43,X,,No,No,No,,HO-5,1067737,1101000,110100,660600,220200,300000,5000,1000,2,No,No,No,No,In force,No,Example Mutual (synthetic),,0,No,,0,0,0,0,,Verified,Verified,Verified,Verified,Verified,DEMO-ONLY/295/property_verification,DEMO-ONLY/295/claims_verification,DEMO-ONLY/295/hazard_verification,DEMO-ONLY/295/replacement_cost_verification,Synthetic evidence scenario,2026-09-15,,No,Yes,Yes,Yes,,DEMO-2026-00295,2,Demo portfolio,2026-09-10T12:00:00+00:00,0.0,A
Sam Hayes · Demo 296,,homeowner296@example.com,202-555-0100,HomeGuard Demo Agency,2026-09-15,Individual,,395 Example Lane,Sample City,SD,01295,Sample County,Owner-occupied,Yes,Detached single family,1,2001,2100,2,Frame,Crawl space,No,,No,4,No,No,,,9,Slate,Hip,Good,2017.0,1,No,DEMO-ONLY/296/roof_verification,Copper,Circuit breakers,,200,PEX / PVC / CPVC,,9,Garage,Central electric,,No,No,No,,No,Yes,Yes,None,None,No,No,No,4.1,150,,No,No,No,No,No,No,,19,6,X,,No,No,No,,HO-3,1568838,1448000,144800,868800,289600,100000,5000,1000,2,No,No,No,No,In force,No,Example Mutual (synthetic),,0,No,,0,0,0,0,,Verified,Verified,Verified,Verified,Verified,DEMO-ONLY/296/property_verification,DEMO-ONLY/296/claims_verification,DEMO-ONLY/296/hazard_verification,DEMO-ONLY/296/replacement_cost_verification,Synthetic evidence scenario,2026-09-15,,No,Yes,Yes,Yes,,DEMO-2026-00296,2,Demo portfolio,2026-08-03T12:00:00+00:00,0.0,A
Casey Ellis · Demo 297,,homeowner297@example.com,202-555-0100,HomeGuard Demo Agency,2026-09-15,Individual,,396 Example Lane,Sample City,TN,01296,Sample County,Owner-occupied,Yes,Detached single family,1,2003,4500,2,Solid masonry,Slab,No,,No,14,No,No,,,4,Slate,Mixed,Good,2022.0,1,No,DEMO-ONLY/297/roof_verification,Copper,Circuit breakers,,200,PEX / PVC / CPVC,,14,Garage,Central electric,,No,No,No,,No,Yes,Yes,None,None,No,No,No,1.8,450,,No,No,No,No,No,No,,30,19,X,,No,No,No,,HO-3,1052359,1039000,103900,623400,207800,500000,5000,2500,2,No,No,No,No,In force,No,Example Mutual (synthetic),,0,No,,1,0,1494,0,"Synthetic loss-run example: 1 claim(s), 0 open; total paid $1,494. Not a real claims report.",Verified,Verified,Verified,Verified,Verified,DEMO-ONLY/297/property_verification,DEMO-ONLY/297/claims_verification,DEMO-ONLY/297/hazard_verification,DEMO-ONLY/297/replacement_cost_verification,Synthetic evidence scenario,2026-09-15,,No,Yes,Yes,Yes,,DEMO-2026-00297,2,Demo portfolio,2026-09-05T12:00:00+00:00,0.0014379210779595765,A
Sam Parker · Demo 298,,homeowner298@example.com,202-555-0100,HomeGuard Demo Agency,2026-09-15,Individual,,397 Example Lane,Sample City,TX,01297,Sample County,Owner-occupied,Yes,Detached single family,1,1993,1250,2,Frame,Basement,No,,No,12,No,No,,,5,Architectural shingle,Gable,Fair,2021.0,1,No,DEMO-ONLY/298/roof_verification,Copper,Circuit breakers,,200,Copper,,13,Garage,Central gas,,No,No,No,,No,Yes,Yes,None,None,No,No,No,2.0,800,,No,No,No,No,No,No,,19,26,X,,No,No,No,,HO-3,738498,653000,65300,391800,130600,100000,5000,1000,2,No,No,No,No,In force,No,Example Mutual (synthetic),,0,No,,0,0,0,0,,Verified,Verified,Verified,Verified,Verified,DEMO-ONLY/298/property_verification,DEMO-ONLY/298/claims_verification,DEMO-ONLY/298/hazard_verification,DEMO-ONLY/298/replacement_cost_verification,Synthetic evidence scenario,2026-09-15,,No,Yes,Yes,Yes,,DEMO-2026-00298,2,Demo portfolio,2026-07-24T12:00:00+00:00,0.0,A
Jordan Parker · Demo 299,,homeowner299@example.com,202-555-0100,HomeGuard Demo Agency,2026-09-15,Individual,,398 Example Lane,Sample City,UT,01298,Sample County,Owner-occupied,Yes,Detached single family,1,1979,1400,2,Solid masonry,Crawl space,No,,No,5,No,No,,,16,Metal,Hip,Good,2010.0,1,No,DEMO-ONLY/299/roof_verification,Copper,Circuit breakers,,200,Copper,,13,Garage,Central electric,,No,No,No,,No,Yes,Yes,None,None,No,No,No,4.7,850,,No,No,No,No,No,No,,8,3,X,,No,No,No,,HO-5,1032082,1111000,111100,666600,222200,300000,5000,5000,2,No,No,No,No,In force,No,Example Mutual (synthetic),,0,No,,0,0,0,0,,Verified,Verified,Verified,Verified,Verified,DEMO-ONLY/299/property_verification,DEMO-ONLY/299/claims_verification,DEMO-ONLY/299/hazard_verification,DEMO-ONLY/299/replacement_cost_verification,Synthetic evidence scenario,2026-09-15,,No,Yes,Yes,Yes,,DEMO-2026-00299,2,Demo portfolio,2026-07-29T12:00:00+00:00,0.0,A
Jordan Reed · Demo 300,,homeowner300@example.com,202-555-0100,HomeGuard Demo Agency,2026-09-15,Individual,,399 Example Lane,Sample City,VT,01299,Sample County,Owner-occupied,Yes,Detached single family,1,1997,3750,1,Masonry veneer,Crawl space,No,,No,19,No,No,,,8,Tile,Mixed,Good,2018.0,1,No,DEMO-ONLY/300/roof_verification,Copper,Circuit breakers,,200,PEX / PVC / CPVC,,8,Garage,Central electric,,No,No,No,,No,Yes,Yes,None,None,No,No,No,2.3,850,,No,No,No,No,No,No,,25,1,X,,No,No,No,,HO-3,1391982,1395000,139500,837000,279000,300000,5000,1000,2,No,No,No,No,In force,No,Example Mutual (synthetic),,0,No,,0,0,0,0,,Verified,Verified,Verified,Verified,Verified,DEMO-ONLY/300/property_verification,DEMO-ONLY/300/claims_verification,DEMO-ONLY/300/hazard_verification,DEMO-ONLY/300/replacement_cost_verification,Synthetic evidence scenario,2026-09-15,,No,Yes,Yes,Yes,,DEMO-2026-00300,2,Demo portfolio,2026-08-31T12:00:00+00:00,0.0,A
Sam Ellis · Demo 301,,homeowner301@example.com,202-555-0100,HomeGuard Demo Agency,2026-09-15,Individual,,400 Example Lane,Sample City,VA,01300,Sample County,Owner-occupied,Yes,Detached single family,1,1975,3900,1,Solid masonry,Slab,No,,No,3,No,No,,,8,Tile,Hip,Fair,2018.0,1,No,DEMO-ONLY/301/roof_verification,Copper,Circuit breakers,,200,Copper,,3,Garage,Central gas,,No,No,No,,No,Yes,Yes,None,None,No,No,No,1.3,750,,No,No,No,No,No,No,,41,24,X,,No,No,No,,HO-3,1045519,1025000,102500,615000,205000,300000,5000,5000,2,No,No,No,No,In force,No,Example Mutual (synthetic),,0,Yes,,0,0,0,0,,Verified,Verified,Verified,Not checked,Verified,DEMO-ONLY/301/property_verification,DEMO-ONLY/301/claims_verification,,DEMO-ONLY/301/replacement_cost_verification,Synthetic evidence scenario,2026-09-15,,No,Yes,Yes,Yes,,DEMO-2026-00301,2,Demo portfolio,2026-08-07T12:00:00+00:00,0.0,B
Jordan Brooks · Demo 302,,homeowner302@example.com,202-555-0100,HomeGuard Demo Agency,2026-09-15,Individual,,401 Example Lane,Sample City,WA,01301,Sample County,Owner-occupied,Yes,Detached single family,1,1953,3050,3,Masonry veneer,Crawl space,No,,No,0,No,No,,,1,Slate,Hip,Fair,2025.0,1,No,DEMO-ONLY/302/roof_verification,Copper,Circuit breakers,,200,PEX / PVC / CPVC,,3,Garage,Heat pump,,No,No,No,,No,Yes,Yes,None,None,No,No,No,1.1,300,,Yes,Yes,No,No,No,No,,47,12,X,,No,No,No,,HO-3,1055156,1270000,127000,762000,254000,300000,5000,1000,2,No,No,No,No,In force,No,Example Mutual (synthetic),,0,No,,0,0,0,0,,Verified,Verified,Verified,Verified,Verified,DEMO-ONLY/302/property_verification,DEMO-ONLY/302/claims_verification,DEMO-ONLY/302/hazard_verification,DEMO-ONLY/302/replacement_cost_verification,Synthetic evidence scenario,2026-09-15,,No,Yes,Yes,Yes,,DEMO-2026-00302,2,Demo portfolio,2026-08-11T12:00:00+00:00,0.0,A
Sam Brooks · Demo 303,,homeowner303@example.com,202-555-0100,HomeGuard Demo Agency,2026-09-15,Individual,,402 Example Lane,Sample City,WV,01302,Sample County,Owner-occupied,Yes,Detached single family,1,2006,2600,1,Frame,Crawl space,No,,No,11,No,No,,,1,Tile,Mixed,Fair,2025.0,1,No,DEMO-ONLY/303/roof_verification,Copper,Circuit breakers,,200,Copper,,9,Garage,Central electric,,No,No,No,,No,Yes,Yes,None,None,No,No,No,0.2,300,,No,No,No,No,No,No,,27,45,X,,No,No,No,,HO-3,234721,206000,20600,123600,41200,100000,5000,1000,2,No,No,No,No,In force,No,Example Mutual (synthetic),,0,No,,0,0,0,0,,Verified,Verified,Verified,Verified,Verified,DEMO-ONLY/303/property_verification,DEMO-ONLY/303/claims_verification,DEMO-ONLY/303/hazard_verification,DEMO-ONLY/303/replacement_cost_verification,Synthetic evidence scenario,2026-09-15,,No,Yes,Yes,Yes,,DEMO-2026-00303,2,Demo portfolio,2026-07-30T12:00:00+00:00,0.0,A
Jordan Brooks · Demo 304,,homeowner304@example.com,202-555-0100,HomeGuard Demo Agency,2026-09-15,Individual,,403 Example Lane,Sample City,WI,01303,Sample County,Owner-occupied,Yes,Detached single family,1,2014,4950,1,Solid masonry,Basement,No,,No,7,No,No,,,12,Metal,Mixed,Good,2014.0,1,No,DEMO-ONLY/304/roof_verification,Copper,Circuit breakers,,200,PEX / PVC / CPVC,,3,Garage,Central electric,,No,No,No,,No,Yes,Yes,None,None,No,No,No,2.1,200,,No,No,No,No,No,No,,23,41,X,,No,No,No,,HO-3,294165,260000,26000,156000,52000,300000,5000,5000,2,No,No,No,No,In force,No,Example Mutual (synthetic),,0,No,,0,0,0,0,,Verified,Verified,Verified,Verified,Verified,DEMO-ONLY/304/property_verification,DEMO-ONLY/304/claims_verification,DEMO-ONLY/304/hazard_verification,DEMO-ONLY/304/replacement_cost_verification,Synthetic evidence scenario,2026-09-15,,No,Yes,Yes,Yes,,DEMO-2026-00304,2,Demo portfolio,2026-08-06T12:00:00+00:00,0.0,A
Sam Parker · Demo 305,,homeowner305@example.com,202-555-0100,HomeGuard Demo Agency,2026-09-15,Individual,,404 Example Lane,Sample City,WY,01304,Sample County,Owner-occupied,Yes,Detached single family,1,1997,4750,2,Solid masonry,Basement,No,,No,4,No,No,,,18,Architectural shingle,Hip,Fair,2008.0,1,No,DEMO-ONLY/305/roof_verification,Copper,Circuit breakers,,200,PEX / PVC / CPVC,,9,Garage,Central gas,,No,No,No,,No,Yes,Yes,None,None,No,No,No,2.5,400,,No,No,No,No,No,No,,25,37,X,,No,No,No,,HO-3,1565410,1369000,136900,821400,273800,300000,5000,5000,2,No,No,No,No,In force,No,Example Mutual (synthetic),,0,No,,1,0,217178,0,"Synthetic loss-run example: 1 claim(s), 0 open; total paid $217,178. Not a real claims report.",Verified,Verified,Verified,Verified,Verified,DEMO-ONLY/305/property_verification,DEMO-ONLY/305/claims_verification,DEMO-ONLY/305/hazard_verification,DEMO-ONLY/305/replacement_cost_verification,Synthetic evidence scenario,2026-09-15,,No,Yes,Yes,Yes,,DEMO-2026-00305,2,Demo portfolio,2026-07-25T12:00:00+00:00,0.15863988312636962,A
Morgan Lane · Demo 306,,homeowner306@example.com,202-555-0100,HomeGuard Demo Agency,2026-09-15,Individual,,405 Example Lane,Sample City,DC,01305,Sample County,Owner-occupied,Yes,Detached single family,1,1960,3950,3,Frame,Basement,No,,No,7,No,No,,,15,Tile,Mixed,Good,2011.0,1,No,DEMO-ONLY/306/roof_verification,Copper,Circuit breakers,,200,Copper,,8,Garage,Heat pump,,No,No,No,,No,Yes,Yes,None,None,No,No,No,4.4,350,,No,No,No,No,No,No,,44,39,X,,No,No,No,,HO-5,615295,547000,54700,328200,109400,500000,5000,1000,2,No,No,No,No,In force,No,Example Mutual (synthetic),,0,No,,0,0,0,0,,Verified,Verified,Verified,Verified,Verified,DEMO-ONLY/306/property_verification,DEMO-ONLY/306/claims_verification,DEMO-ONLY/306/hazard_verification,DEMO-ONLY/306/replacement_cost_verification,Synthetic evidence scenario,2026-09-15,,No,Yes,Yes,Yes,,DEMO-2026-00306,2,Demo portfolio,2026-09-09T12:00:00+00:00,0.0,A
Casey Brooks · Demo 307,,homeowner307@example.com,202-555-0100,HomeGuard Demo Agency,2026-09-15,Individual,,406 Example Lane,Sample City,AL,01306,Sample County,Owner-occupied,Yes,Detached single family,1,2022,1000,3,Frame,Basement,No,,No,20,No,No,,,1,Slate,Gable,Fair,2025.0,1,No,DEMO-ONLY/307/roof_verification,Copper,Circuit breakers,,200,Copper,,12,Garage,Central electric,,No,No,No,,No,Yes,Yes,None,None,No,No,No,3.5,150,,No,No,No,No,No,No,,31,11,X,,No,No,No,,HO-5,1447687,1484000,148400,890400,296800,100000,5000,2500,2,No,No,No,No,In force,No,Example Mutual (synthetic),,0,No,,0,0,0,0,,Verified,Verified,Verified,Verified,Verified,DEMO-ONLY/307/property_verification,DEMO-ONLY/307/claims_verification,DEMO-ONLY/307/hazard_verification,DEMO-ONLY/307/replacement_cost_verification,Synthetic evidence scenario,2026-09-15,,No,Yes,Yes,Yes,,DEMO-2026-00307,2,Demo portfolio,2026-08-06T12:00:00+00:00,0.0,A
Jordan Ellis · Demo 308,,homeowner308@example.com,202-555-0100,HomeGuard Demo Agency,2026-09-15,Individual,,407 Example Lane,Sample City,AK,01307,Sample County,Owner-occupied,Yes,Detached single family,1,1971,2800,3,Solid masonry,Slab,No,,No,10,No,No,,,11,Slate,Hip,Good,2015.0,1,No,DEMO-ONLY/308/roof_verification,Copper,Circuit breakers,,200,Copper,,6,Garage,Central electric,,No,No,No,,No,Yes,Yes,None,None,No,No,No,2.1,300,,No,No,No,No,No,No,,30,0,X,,No,No,No,,HO-5,1288934,1184000,118400,710400,236800,300000,5000,1000,2,No,No,No,No,In force,No,Example Mutual (synthetic),,0,No,,1,0,10000,1,"Synthetic loss-run example: 1 claim(s), 1 open; total paid $10,000. Not a real claims report.",Verified,Verified,Verified,Verified,Verified,DEMO-ONLY/308/property_verification,DEMO-ONLY/308/claims_verification,DEMO-ONLY/308/hazard_verification,DEMO-ONLY/308/replacement_cost_verification,Synthetic evidence scenario,2026-09-15,,No,Yes,Yes,Yes,,DEMO-2026-00308,2,Demo portfolio,2026-09-15T12:00:00+00:00,0.008445945945945946,F
Morgan Lane · Demo 309,,homeowner309@example.com,202-555-0100,HomeGuard Demo Agency,2026-09-15,Individual,,408 Example Lane,Sample City,AZ,01308,Sample County,Owner-occupied,Yes,Detached single family,1,1951,5400,1,Frame,Basement,No,,No,8,No,No,,,7,Architectural shingle,Gable,Good,2019.0,1,No,DEMO-ONLY/309/roof_verification,Copper,Circuit breakers,,200,PEX / PVC / CPVC,,10,Garage,Central electric,,No,No,No,,No,Yes,Yes,None,None,No,No,No,0.7,450,,Yes,Yes,Yes,No,No,No,,19,3,X,,No,No,No,,HO-5,878682,950000,95000,570000,190000,500000,5000,5000,2,No,No,No,No,In force,No,Example Mutual (synthetic),,0,No,,0,0,0,0,,Verified,Verified,Verified,Verified,Verified,DEMO-ONLY/309/property_verification,DEMO-ONLY/309/claims_verification,DEMO-ONLY/309/hazard_verification,DEMO-ONLY/309/replacement_cost_verification,Synthetic evidence scenario,2026-09-15,,No,Yes,Yes,Yes,,DEMO-2026-00309,2,Demo portfolio,2026-08-04T12:00:00+00:00,0.0,B
Alex Parker · Demo 310,,homeowner310@example.com,202-555-0100,HomeGuard Demo Agency,2026-09-15,Individual,,409 Example Lane,Sample City,AR,01309,Sample County,Owner-occupied,Yes,Detached single family,1,1950,4000,3,Solid masonry,Basement,No,,No,19,No,No,,,13,Slate,Mixed,Fair,2013.0,1,No,DEMO-ONLY/310/roof_verification,Copper,Circuit breakers,,200,PEX / PVC / CPVC,,11,Garage,Central electric,,No,No,No,,No,Yes,Yes,None,None,No,No,No,4.9,900,,No,No,No,No,No,No,,46,2,X,,No,No,No,,HO-5,951641,940000,94000,564000,188000,500000,5000,5000,2,No,No,No,No,In force,No,Example Mutual (synthetic),,0,No,,0,0,0,0,,Verified,Verified,Verified,Verified,Verified,DEMO-ONLY/310/property_verification,DEMO-ONLY/310/claims_verification,DEMO-ONLY/310/hazard_verification,DEMO-ONLY/310/replacement_cost_verification,Synthetic evidence scenario,2026-09-15,,No,Yes,Yes,Yes,,DEMO-2026-00310,2,Demo portfolio,2026-08-12T12:00:00+00:00,0.0,A
Jordan Brooks · Demo 311,,homeowner311@example.com,202-555-0100,HomeGuard Demo Agency,2026-09-15,Individual,,410 Example Lane,Sample City,CA,01310,Sample County,Owner-occupied,Yes,Detached single family,1,2022,3800,3,Frame,Slab,No,,No,14,No,No,,,2,Metal,Hip,Good,2024.0,1,No,DEMO-ONLY/311/roof_verification,Copper,Circuit breakers,,200,PEX / PVC / CPVC,,6,Garage,Central gas,,No,No,No,,No,Yes,Yes,None,None,No,No,No,0.9,800,,No,No,No,No,No,No,,23,34,X,,No,No,No,,HO-5,883347,889000,88900,533400,177800,100000,5000,1000,2,No,No,No,No,In force,No,Example Mutual (synthetic),,0,No,,0,0,0,0,,Verified,Verified,Verified,Not checked,Verified,DEMO-ONLY/311/property_verification,DEMO-ONLY/311/claims_verification,,DEMO-ONLY/311/replacement_cost_verification,Synthetic evidence scenario,2026-09-15,,No,Yes,Yes,Yes,,DEMO-2026-00311,2,Demo portfolio,2026-09-10T12:00:00+00:00,0.0,B
Alex Brooks · Demo 312,,homeowner312@example.com,202-555-0100,HomeGuard Demo Agency,2026-09-15,Individual,,411 Example Lane,Sample City,CO,01311,Sample County,Owner-occupied,Yes,Detached single family,1,1952,1650,2,Frame,Crawl space,No,,No,14,No,No,,,2,Tile,Gable,Fair,2024.0,1,No,DEMO-ONLY/312/roof_verification,Copper,Circuit breakers,,200,Copper,,9,Garage,Heat pump,,No,No,No,,No,Yes,Yes,None,None,No,No,No,0.8,200,,No,No,No,No,No,No,,3,23,X,,No,No,No,,HO-5,607326,690000,69000,414000,138000,100000,5000,1000,2,No,No,No,No,In force,No,Example Mutual (synthetic),,0,No,,2,0,24125,0,"Synthetic loss-run example: 2 claim(s), 0 open; total paid $24,125. Not a real claims report.",Verified,Verified,Verified,Verified,Verified,DEMO-ONLY/312/property_verification,DEMO-ONLY/312/claims_verification,DEMO-ONLY/312/hazard_verification,DEMO-ONLY/312/replacement_cost_verification,Synthetic evidence scenario,2026-09-15,,No,Yes,Yes,Yes,,DEMO-2026-00312,2,Demo portfolio,2026-09-04T12:00:00+00:00,0.034963768115942026,B
Morgan Hayes · Demo 313,,homeowner313@example.com,202-555-0100,HomeGuard Demo Agency,2026-09-15,Individual,,412 Example Lane,Sample City,CT,01312,Sample County,Owner-occupied,Yes,Detached single family,1,1968,4700,3,Frame,Slab,No,,No,16,No,No,,,5,Slate,Mixed,Fair,2021.0,1,No,DEMO-ONLY/313/roof_verification,Copper,Circuit breakers,,200,PEX / PVC / CPVC,,2,Garage,Central electric,,No,No,No,,No,Yes,Yes,None,None,No,No,No,3.7,850,,No,No,No,No,No,No,,7,25,X,,No,No,No,,HO-5,998145,1127000,112700,676200,225400,100000,5000,5000,2,No,No,No,No,In force,No,Example Mutual (synthetic),,0,No,,1,0,86686,0,"Synthetic loss-run example: 1 claim(s), 0 open; total paid $86,686. Not a real claims report.",Verified,Verified,Verified,Verified,Verified,DEMO-ONLY/313/property_verification,DEMO-ONLY/313/claims_verification,DEMO-ONLY/313/hazard_verification,DEMO-ONLY/313/replacement_cost_verification,Synthetic evidence scenario,2026-09-15,,No,Yes,Yes,Yes,,DEMO-2026-00313,2,Demo portfolio,2026-07-30T12:00:00+00:00,0.07691748003549245,A
Alex Lane · Demo 314,,homeowner314@example.com,202-555-0100,HomeGuard Demo Agency,2026-09-15,Individual,,413 Example Lane,Sample City,DE,01313,Sample County,Owner-occupied,Yes,Detached single family,1,1951,1450,3,Frame,Crawl space,No,,No,15,No,No,,,14,Metal,Hip,Fair,2012.0,1,No,DEMO-ONLY/314/roof_verification,Copper,Circuit breakers,,200,Copper,,13,Garage,Central electric,,No,No,No,,No,Yes,Yes,None,None,No,No,No,0.7,900,,No,No,No,No,No,No,,46,27,X,,No,No,No,,HO-3,206159,213000,21300,127800,42600,500000,5000,2500,2,No,No,No,No,In force,No,Example Mutual (synthetic),,0,No,,0,0,0,0,,Verified,Verified,Verified,Verified,Verified,DEMO-ONLY/314/property_verification,DEMO-ONLY/314/claims_verification,DEMO-ONLY/314/hazard_verification,DEMO-ONLY/314/replacement_cost_verification,Synthetic evidence scenario,2026-09-15,,No,Yes,Yes,Yes,,DEMO-2026-00314,2,Demo portfolio,2026-07-23T12:00:00+00:00,0.0,A
Morgan Ellis · Demo 315,,homeowner315@example.com,202-555-0100,HomeGuard Demo Agency,2026-09-15,Individual,,414 Example Lane,Sample City,FL,01314,Sample County,Owner-occupied,Yes,Detached single family,1,2014,2600,1,Masonry veneer,Slab,No,,No,0,No,No,,,7,Metal,Gable,Good,2019.0,1,No,DEMO-ONLY/315/roof_verification,Copper,Circuit breakers,,200,Copper,,4,Garage,Heat pump,,No,No,No,,No,Yes,Yes,None,None,No,No,No,2.2,350,,No,No,No,No,No,No,,40,34,X,,No,No,No,,HO-5,952622,860000,86000,516000,172000,100000,5000,1000,2,No,No,No,No,In force,No,Example Mutual (synthetic),,0,No,,0,0,0,0,,Verified,Verified,Verified,Verified,Verified,DEMO-ONLY/315/property_verification,DEMO-ONLY/315/claims_verification,DEMO-ONLY/315/hazard_verification,DEMO-ONLY/315/replacement_cost_verification,Synthetic evidence scenario,2026-09-15,,No,Yes,Yes,Yes,,DEMO-2026-00315,2,Demo portfolio,2026-08-16T12:00:00+00:00,0.0,A
Jordan Reed · Demo 316,,homeowner316@example.com,202-555-0100,HomeGuard Demo Agency,2026-09-15,Individual,,415 Example Lane,Sample City,GA,01315,Sample County,Owner-occupied,Yes,Detached single family,1,1988,2500,2,Frame,Crawl space,No,,No,2,No,No,,,17,Architectural shingle,Hip,Good,2009.0,1,No,DEMO-ONLY/316/roof_verification,Copper,Circuit breakers,,200,Copper,,9,Garage,Central electric,,No,No,No,,No,Yes,Yes,None,None,No,No,No,4.4,550,,Yes,Yes,No,No,No,No,,28,35,X,,No,No,No,,HO-5,1522459,1490000,149000,894000,298000,300000,5000,5000,2,No,No,No,No,In force,No,Example Mutual (synthetic),,0,No,,0,0,0,0,,Verified,Verified,Verified,Verified,Verified,DEMO-ONLY/316/property_verification,DEMO-ONLY/316/claims_verification,DEMO-ONLY/316/hazard_verification,DEMO-ONLY/316/replacement_cost_verification,Synthetic evidence scenario,2026-09-15,,No,Yes,Yes,Yes,,DEMO-2026-00316,2,Demo portfolio,2026-09-07T12:00:00+00:00,0.0,A
Morgan Lane · Demo 317,,homeowner317@example.com,202-555-0100,HomeGuard Demo Agency,2026-09-15,Individual,,416 Example Lane,Sample City,HI,01316,Sample County,Owner-occupied,Yes,Detached single family,1,1969,1800,3,Solid masonry,Basement,No,,No,3,No,No,,,2,Slate,Mixed,Fair,2024.0,1,No,DEMO-ONLY/317/roof_verification,Copper,Circuit breakers,,200,PEX / PVC / CPVC,,3,Garage,Central gas,,No,No,No,,No,Yes,Yes,None,None,No,No,No,0.7,450,,No,No,No,No,No,No,,38,14,X,,No,No,No,,HO-3,1190743,1355000,135500,813000,271000,500000,5000,1000,2,No,No,No,No,In force,No,Example Mutual (synthetic),,0,No,,1,0,208004,0,"Synthetic loss-run example: 1 claim(s), 0 open; total paid $208,004. Not a real claims report.",Verified,Verified,Verified,Verified,Verified,DEMO-ONLY/317/property_verification,DEMO-ONLY/317/claims_verification,DEMO-ONLY/317/hazard_verification,DEMO-ONLY/317/replacement_cost_verification,Synthetic evidence scenario,2026-09-15,,No,Yes,Yes,Yes,,DEMO-2026-00317,2,Demo portfolio,2026-07-23T12:00:00+00:00,0.15350848708487086,A
Taylor Parker · Demo 318,,homeowner318@example.com,202-555-0100,HomeGuard Demo Agency,2026-09-15,Individual,,417 Example Lane,Sample City,ID,01317,Sample County,Owner-occupied,Yes,Detached single family,1,2005,5050,2,Frame,Crawl space,No,,No,7,No,No,,,11,Architectural shingle,Mixed,Good,2015.0,1,No,DEMO-ONLY/318/roof_verification,Copper,Circuit breakers,,200,Copper,,4,Garage,Heat pump,,No,No,No,,No,Yes,Yes,None,None,No,No,No,1.2,150,,No,No,No,No,No,No,,45,1,X,,No,No,No,,HO-5,942654,913000,91300,547800,182600,500000,5000,5000,2,No,No,No,No,In force,No,Example Mutual (synthetic),,0,No,,0,0,0,0,,Verified,Verified,Verified,Verified,Verified,DEMO-ONLY/318/property_verification,DEMO-ONLY/318/claims_verification,DEMO-ONLY/318/hazard_verification,DEMO-ONLY/318/replacement_cost_verification,Synthetic evidence scenario,2026-09-15,,No,Yes,Yes,Yes,,DEMO-2026-00318,2,Demo portfolio,2026-07-31T12:00:00+00:00,0.0,A
Jordan Ellis · Demo 319,,homeowner319@example.com,202-555-0100,HomeGuard Demo Agency,2026-09-15,Individual,,418 Example Lane,Sample City,IL,01318,Sample County,Owner-occupied,Yes,Detached single family,1,1960,3150,3,Frame,Basement,No,,No,9,No,No,,,40,Tile,Mixed,Poor,,1,No,DEMO-ONLY/319/roof_verification,Copper,Circuit breakers,,200,PEX / PVC / CPVC,,1,Garage,Central gas,,No,No,No,,No,Yes,Yes,None,None,No,No,No,3.5,800,,No,No,No,No,No,No,,10,23,X,,No,No,No,,HO-5,1115217,1082000,108200,649200,216400,300000,5000,1000,2,No,No,No,No,In force,No,Example Mutual (synthetic),,0,No,,0,0,0,0,,Verified,Verified,Verified,Verified,Verified,DEMO-ONLY/319/property_verification,DEMO-ONLY/319/claims_verification,DEMO-ONLY/319/hazard_verification,DEMO-ONLY/319/replacement_cost_verification,Synthetic evidence scenario,2026-09-15,,No,Yes,Yes,Yes,,DEMO-2026-00319,2,Demo portfolio,2026-07-30T12:00:00+00:00,0.0,F
Alex Parker · Demo 320,,homeowner320@example.com,202-555-0100,HomeGuard Demo Agency,2026-09-15,Individual,,419 Example Lane,Sample City,IN,01319,Sample County,Owner-occupied,Yes,Detached single family,1,1965,4850,3,Solid masonry,Slab,No,,No,9,No,No,,,6,Architectural shingle,Gable,Good,2020.0,1,No,DEMO-ONLY/320/roof_verification,Copper,Circuit breakers,,200,PEX / PVC / CPVC,,8,Garage,Heat pump,,No,No,No,,No,Yes,Yes,None,None,No,No,No,3.2,650,,No,No,No,No,No,No,,6,1,X,,No,No,No,,HO-3,538727,471000,47100,282600,94200,500000,5000,2500,2,No,No,No,No,In force,No,Example Mutual (synthetic),,0,No,,0,0,0,0,,Verified,Verified,Verified,Verified,Verified,DEMO-ONLY/320/property_verification,DEMO-ONLY/320/claims_verification,DEMO-ONLY/320/hazard_verification,DEMO-ONLY/320/replacement_cost_verification,Synthetic evidence scenario,2026-09-15,,No,Yes,Yes,Yes,,DEMO-2026-00320,2,Demo portfolio,2026-07-20T12:00:00+00:00,0.0,A
Jordan Parker · Demo 321,,homeowner321@example.com,202-555-0100,HomeGuard Demo Agency,2026-09-15,Individual,,420 Example Lane,Sample City,IA,01320,Sample County,Owner-occupied,Yes,Detached single family,1,2008,2400,1,Frame,Crawl space,No,,No,18,No,No,,,8,Tile,Mixed,Good,2018.0,1,No,DEMO-ONLY/321/roof_verification,Copper,Circuit breakers,,200,Polybutylene,,5,Garage,Central gas,,No,No,No,,No,Yes,Yes,None,None,No,No,No,0.3,800,,No,No,No,No,No,No,,49,14,X,,No,No,No,,HO-3,488534,430000,43000,258000,86000,500000,5000,1000,2,No,No,No,No,In force,No,Example Mutual (synthetic),,0,No,,0,0,0,0,,Verified,Verified,Verified,Not checked,Verified,DEMO-ONLY/321/property_verification,DEMO-ONLY/321/claims_verification,,DEMO-ONLY/321/replacement_cost_verification,Synthetic evidence scenario,2026-09-15,,No,Yes,Yes,Yes,,DEMO-2026-00321,2,Demo portfolio,2026-08-02T12:00:00+00:00,0.0,B
Morgan Ellis · Demo 322,,homeowner322@example.com,202-555-0100,HomeGuard Demo Agency,2026-09-15,Individual,,421 Example Lane,Sample City,KS,01321,Sample County,Owner-occupied,Yes,Detached single family,1,2003,2050,1,Frame,Slab,No,,No,16,Yes,No,,,13,Metal,Mixed,Fair,2013.0,1,No,DEMO-ONLY/322/roof_verification,Copper,Circuit breakers,,200,Copper,,2,Garage,Central electric,,No,No,No,,No,Yes,Yes,None,None,No,No,No,0.9,250,,No,No,No,No,No,No,,46,1,X,,No,No,No,,HO-3,1180471,1353000,135300,811800,270600,500000,5000,1000,2,No,No,No,No,In force,No,Example Mutual (synthetic),,0,No,,0,0,0,0,,Verified,Verified,Verified,Verified,Verified,DEMO-ONLY/322/property_verification,DEMO-ONLY/322/claims_verification,DEMO-ONLY/322/hazard_verification,DEMO-ONLY/322/replacement_cost_verification,Synthetic evidence scenario,2026-09-15,,No,Yes,Yes,Yes,,DEMO-2026-00322,2,Demo portfolio,2026-07-25T12:00:00+00:00,0.0,B
Alex Reed · Demo 323,,homeowner323@example.com,202-555-0100,HomeGuard Demo Agency,2026-09-15,Individual,,422 Example Lane,Sample City,KY,01322,Sample County,Owner-occupied,Yes,Detached single family,1,2012,3650,3,Masonry veneer,Crawl space,No,,No,3,No,No,,,12,Architectural shingle,Gable,Fair,2014.0,1,No,DEMO-ONLY/323/roof_verification,Copper,Circuit breakers,,200,Copper,,7,Garage,Heat pump,,No,No,No,,No,Yes,Yes,None,None,No,No,No,1.9,350,,No,No,No,No,No,No,,42,11,X,,No,No,No,,HO-5,330128,389000,38900,233400,77800,300000,5000,2500,2,No,No,No,No,In force,No,Example Mutual (synthetic),,0,No,,1,1,10000,0,"Synthetic loss-run example: 1 claim(s), 0 open; total paid $10,000. Not a real claims report.",Verified,Verified,Verified,Verified,Verified,DEMO-ONLY/323/property_verification,DEMO-ONLY/323/claims_verification,DEMO-ONLY/323/hazard_verification,DEMO-ONLY/323/replacement_cost_verification,Synthetic evidence scenario,2026-09-15,,No,Yes,Yes,Yes,,DEMO-2026-00323,2,Demo portfolio,2026-07-31T12:00:00+00:00,0.02570694087403599,B
Sam Brooks · Demo 324,,homeowner324@example.com,202-555-0100,HomeGuard Demo Agency,2026-09-15,Individual,,423 Example Lane,Sample City,LA,01323,Sample County,Owner-occupied,Yes,Detached single family,1,1954,1400,1,Frame,Crawl space,No,,No,10,No,No,,,1,Tile,Mixed,Good,2025.0,1,No,DEMO-ONLY/324/roof_verification,Copper,Circuit breakers,,200,Copper,,11,Garage,Heat pump,,No,No,No,,No,Yes,Yes,None,None,No,No,No,4.0,300,,No,No,No,No,No,No,,30,4,X,,No,No,No,,HO-5,1048542,1207000,120700,724200,241400,100000,5000,2500,2,No,No,No,No,In force,No,Example Mutual (synthetic),,0,No,,0,0,0,0,,Verified,Verified,Verified,Verified,Verified,DEMO-ONLY/324/property_verification,DEMO-ONLY/324/claims_verification,DEMO-ONLY/324/hazard_verification,DEMO-ONLY/324/replacement_cost_verification,Synthetic evidence scenario,2026-09-15,,No,Yes,Yes,Yes,,DEMO-2026-00324,2,Demo portfolio,2026-08-03T12:00:00+00:00,0.0,A
Casey Ellis · Demo 325,,homeowner325@example.com,202-555-0100,HomeGuard Demo Agency,2026-09-15,Individual,,424 Example Lane,Sample City,ME,01324,Sample County,Owner-occupied,Yes,Detached single family,1,1997,2850,3,Masonry veneer,Slab,No,,No,3,No,No,,,9,Architectural shingle,Gable,Good,2017.0,1,No,DEMO-ONLY/325/roof_verification,Copper,Circuit breakers,,200,Copper,,3,Garage,Central electric,,No,No,No,,No,Yes,Yes,None,None,No,No,No,1.0,300,,No,No,No,No,No,No,,45,9,X,,No,No,No,,HO-5,441223,454000,45400,272400,90800,300000,5000,2500,2,No,No,No,No,In force,No,Example Mutual (synthetic),,0,No,,1,0,69930,0,"Synthetic loss-run example: 1 claim(s), 0 open; total paid $69,930. Not a real claims report.",Verified,Verified,Verified,Verified,Verified,DEMO-ONLY/325/property_verification,DEMO-ONLY/325/claims_verification,DEMO-ONLY/325/hazard_verification,DEMO-ONLY/325/replacement_cost_verification,Synthetic evidence scenario,2026-09-15,,No,Yes,Yes,Yes,,DEMO-2026-00325,2,Demo portfolio,2026-08-03T12:00:00+00:00,0.15403083700440529,A
Sam Lane · Demo 326,,homeowner326@example.com,202-555-0100,HomeGuard Demo Agency,2026-09-15,Individual,,425 Example Lane,Sample City,MD,01325,Sample County,Owner-occupied,Yes,Detached single family,1,1997,4950,2,Masonry veneer,Slab,No,,No,13,No,No,,,9,Tile,Mixed,Good,2017.0,1,Yes,DEMO-ONLY/326/roof_verification,Copper,Circuit breakers,,200,PEX / PVC / CPVC,,1,Garage,Central electric,,No,No,No,,No,Yes,Yes,None,None,No,No,No,2.7,300,,No,No,No,No,No,No,,37,12,X,,No,No,No,,HO-5,650938,586000,58600,351600,117200,300000,5000,2500,2,No,No,No,No,In force,No,Example Mutual (synthetic),,0,No,,0,0,0,0,,Verified,Verified,Verified,Verified,Verified,DEMO-ONLY/326/property_verification,DEMO-ONLY/326/claims_verification,DEMO-ONLY/326/hazard_verification,DEMO-ONLY/326/replacement_cost_verification,Synthetic evidence scenario,2026-09-15,,No,Yes,Yes,Yes,,DEMO-2026-00326,2,Demo portfolio,2026-07-24T12:00:00+00:00,0.0,B
Taylor Hayes · Demo 327,,homeowner327@example.com,202-555-0100,HomeGuard Demo Agency,2026-09-15,Individual,,426 Example Lane,Sample City,MA,01326,Sample County,Owner-occupied,Yes,Detached single family,1,1962,2450,3,Frame,Basement,No,,No,8,No,No,,,14,Tile,Hip,Fair,2012.0,1,No,DEMO-ONLY/327/roof_verification,Copper,Circuit breakers,,200,PEX / PVC / CPVC,,8,Garage,Heat pump,,No,No,No,,No,Yes,Yes,None,None,No,No,No,0.2,500,,No,No,No,No,No,No,,21,49,X,,No,No,No,,HO-5,383552,337000,33700,202200,67400,300000,5000,2500,2,No,No,No,No,In force,No,Example Mutual (synthetic),,0,No,,0,0,0,0,,Verified,Verified,Verified,Verified,Verified,DEMO-ONLY/327/property_verification,DEMO-ONLY/327/claims_verification,DEMO-ONLY/327/hazard_verification,DEMO-ONLY/327/replacement_cost_verification,Synthetic evidence scenario,2026-09-15,,No,Yes,Yes,Yes,,DEMO-2026-00327,2,Demo portfolio,2026-08-09T12:00:00+00:00,0.0,A
Taylor Reed · Demo 328,,homeowner328@example.com,202-555-0100,HomeGuard Demo Agency,2026-09-15,Individual,,427 Example Lane,Sample City,MI,01327,Sample County,Owner-occupied,Yes,Detached single family,1,1985,3700,2,Frame,Basement,No,,No,20,No,No,,,12,Architectural shingle,Gable,Good,2014.0,1,No,DEMO-ONLY/328/roof_verification,Copper,Circuit breakers,,200,Copper,,8,Garage,Heat pump,,No,No,No,,No,Yes,Yes,None,None,No,No,No,2.5,950,,No,No,No,No,No,No,,24,46,X,,No,No,No,,HO-5,457132,504000,50400,302400,100800,100000,5000,2500,2,No,No,No,No,In force,No,Example Mutual (synthetic),,0,No,,0,0,0,0,,Verified,Verified,Verified,Verified,Verified,DEMO-ONLY/328/property_verification,DEMO-ONLY/328/claims_verification,DEMO-ONLY/328/hazard_verification,DEMO-ONLY/328/replacement_cost_verification,Synthetic evidence scenario,2026-09-15,,No,Yes,Yes,Yes,,DEMO-2026-00328,2,Demo portfolio,2026-09-15T12:00:00+00:00,0.0,A
Morgan Ellis · Demo 329,,homeowner329@example.com,202-555-0100,HomeGuard Demo Agency,2026-09-15,Individual,,428 Example Lane,Sample City,MN,01328,Sample County,Owner-occupied,Yes,Detached single family,1,1990,4250,2,Frame,Crawl space,No,,No,13,No,No,,,14,Architectural shingle,Mixed,Good,2012.0,1,No,DEMO-ONLY/329/roof_verification,Copper,Circuit breakers,,200,PEX / PVC / CPVC,,8,Garage,Heat pump,,No,No,No,,No,Yes,Yes,None,None,No,No,No,3.6,500,,No,No,No,No,No,No,,38,45,X,,No,No,No,,HO-3,977502,1176000,117600,705600,235200,300000,5000,5000,2,No,No,No,No,In force,No,Example Mutual (synthetic),,0,No,,1,0,156915,0,"Synthetic loss-run example: 1 claim(s), 0 open; total paid $156,915. Not a real claims report.",Verified,Verified,Verified,Verified,Verified,DEMO-ONLY/329/property_verification,DEMO-ONLY/329/claims_verification,DEMO-ONLY/329/hazard_verification,DEMO-ONLY/329/replacement_cost_verification,Synthetic evidence scenario,2026-09-15,,No,Yes,Yes,Yes,,DEMO-2026-00329,2,Demo portfolio,2026-07-29T12:00:00+00:00,0.1334311224489796,A
Morgan Hayes · Demo 330,,homeowner330@example.com,202-555-0100,HomeGuard Demo Agency,2026-09-15,Individual,,429 Example Lane,Sample City,MS,01329,Sample County,Owner-occupied,Yes,Detached single family,1,1951,4100,2,Masonry veneer,Basement,No,,No,18,No,No,,,14,Metal,Gable,Good,2012.0,1,No,DEMO-ONLY/330/roof_verification,Copper,Circuit breakers,,200,PEX / PVC / CPVC,,7,Garage,Heat pump,,No,No,No,,No,Yes,Yes,None,None,No,No,No,1.6,350,,No,No,No,No,No,No,,4,100,X,,No,No,No,,HO-3,656942,754000,75400,452400,150800,500000,5000,2500,2,No,No,No,No,In force,No,Example Mutual (synthetic),,0,No,,0,0,0,0,,Verified,Verified,Verified,Verified,Verified,DEMO-ONLY/330/property_verification,DEMO-ONLY/330/claims_verification,DEMO-ONLY/330/hazard_verification,DEMO-ONLY/330/replacement_cost_verification,Synthetic evidence scenario,2026-09-15,,No,Yes,Yes,Yes,,DEMO-2026-00330,2,Demo portfolio,2026-09-06T12:00:00+00:00,0.0,F
Taylor Parker · Demo 331,,homeowner331@example.com,202-555-0100,HomeGuard Demo Agency,2026-09-15,Individual,,430 Example Lane,Sample City,MO,01330,Sample County,Owner-occupied,Yes,Detached single family,1,1953,2800,1,Frame,Slab,No,,No,9,No,No,,,4,Slate,Mixed,Good,2022.0,1,No,DEMO-ONLY/331/roof_verification,Copper,Circuit breakers,,200,Copper,,7,Garage,Heat pump,,No,No,No,,No,Yes,Yes,None,None,No,No,No,0.9,600,,No,No,No,No,No,No,,2,28,X,,No,No,No,,HO-3,1343136,1416000,141600,849600,283200,300000,5000,5000,2,No,No,No,No,In force,No,Example Mutual (synthetic),,0,No,,0,0,0,0,,Verified,Verified,Verified,Not checked,Verified,DEMO-ONLY/331/property_verification,DEMO-ONLY/331/claims_verification,,DEMO-ONLY/331/replacement_cost_verification,Synthetic evidence scenario,2026-09-15,,No,Yes,Yes,Yes,,DEMO-2026-00331,2,Demo portfolio,2026-08-19T12:00:00+00:00,0.0,B
Morgan Lane · Demo 332,,homeowner332@example.com,202-555-0100,HomeGuard Demo Agency,2026-09-15,Individual,,431 Example Lane,Sample City,MT,01331,Sample County,Owner-occupied,Yes,Detached single family,1,2012,4000,2,Frame,Crawl space,No,,No,0,No,No,,,12,Metal,Mixed,Good,2014.0,1,No,DEMO-ONLY/332/roof_verification,Copper,Circuit breakers,,200,Copper,,1,Garage,Central gas,,No,No,No,,No,Yes,Yes,None,None,No,No,No,3.5,150,,No,No,No,No,No,No,,5,5,X,,No,No,No,,HO-3,952265,1063000,106300,637800,212600,300000,5000,2500,2,No,No,No,No,In force,No,Example Mutual (synthetic),,0,No,,0,0,0,0,,Verified,Verified,Verified,Verified,Verified,DEMO-ONLY/332/property_verification,DEMO-ONLY/332/claims_verification,DEMO-ONLY/332/hazard_verification,DEMO-ONLY/332/replacement_cost_verification,Synthetic evidence scenario,2026-09-15,,No,Yes,Yes,Yes,,DEMO-2026-00332,2,Demo portfolio,2026-07-25T12:00:00+00:00,0.0,A
Jordan Ellis · Demo 333,,homeowner333@example.com,202-555-0100,HomeGuard Demo Agency,2026-09-15,Individual,,432 Example Lane,Sample City,NE,01332,Sample County,Owner-occupied,Yes,Detached single family,1,1979,4050,1,Masonry veneer,Basement,No,,No,9,No,No,,,3,Architectural shingle,Hip,Fair,2023.0,1,No,DEMO-ONLY/333/roof_verification,Copper,Circuit breakers,,200,Copper,,14,Garage,Central gas,,No,No,No,,No,Yes,Yes,None,None,No,No,No,1.0,900,,No,No,No,No,No,No,,25,7,X,,No,No,No,,HO-5,861439,899000,89900,539400,179800,500000,5000,2500,2,No,No,No,No,In force,No,Example Mutual (synthetic),,0,No,,1,0,83915,0,"Synthetic loss-run example: 1 claim(s), 0 open; total paid $83,915. Not a real claims report.",Verified,Verified,Verified,Verified,Verified,DEMO-ONLY/333/property_verification,DEMO-ONLY/333/claims_verification,DEMO-ONLY/333/hazard_verification,DEMO-ONLY/333/replacement_cost_verification,Synthetic evidence scenario,2026-09-15,,No,Yes,Yes,Yes,,DEMO-2026-00333,2,Demo portfolio,2026-08-22T12:00:00+00:00,0.09334260289210233,A
Jordan Lane · Demo 334,,homeowner334@example.com,202-555-0100,HomeGuard Demo Agency,2026-09-15,Individual,,433 Example Lane,Sample City,NV,01333,Sample County,Owner-occupied,Yes,Detached single family,1,1983,2850,2,Solid masonry,Slab,No,,No,2,No,No,,,7,Slate,Hip,Good,2019.0,1,No,DEMO-ONLY/334/roof_verification,Copper,Circuit breakers,,200,Copper,,1,Garage,Heat pump,,No,No,No,,No,Yes,Yes,None,None,No,No,No,4.4,800,,No,No,No,No,No,No,,7,21,X,,No,No,No,,HO-5,1051175,1113000,111300,667800,222600,300000,5000,2500,2,No,No,No,No,In force,No,Example Mutual (synthetic),,0,No,,0,0,0,0,,Verified,Verified,Verified,Verified,Verified,DEMO-ONLY/334/property_verification,DEMO-ONLY/334/claims_verification,DEMO-ONLY/334/hazard_verification,DEMO-ONLY/334/replacement_cost_verification,Synthetic evidence scenario,2026-09-15,,No,Yes,Yes,Yes,,DEMO-2026-00334,2,Demo portfolio,2026-08-11T12:00:00+00:00,0.0,A
Casey Parker · Demo 335,,homeowner335@example.com,202-555-0100,HomeGuard Demo Agency,2026-09-15,Individual,,434 Example Lane,Sample City,NH,01334,Sample County,Owner-occupied,Yes,Detached single family,1,1996,1550,3,Frame,Crawl space,No,,No,9,No,No,,,14,Metal,Mixed,Good,2012.0,1,No,DEMO-ONLY/335/roof_verification,Copper,Circuit breakers,,200,Copper,,9,Garage,Central electric,,No,No,No,,No,Yes,Yes,None,None,No,No,No,4.6,450,,No,No,No,No,No,No,,30,48,X,,No,No,No,,HO-5,873615,952000,95200,571200,190400,500000,5000,2500,2,No,No,No,No,In force,No,Example Mutual (synthetic),,0,No,,0,0,0,0,,Verified,Verified,Verified,Verified,Verified,DEMO-ONLY/335/property_verification,DEMO-ONLY/335/claims_verification,DEMO-ONLY/335/hazard_verification,DEMO-ONLY/335/replacement_cost_verification,Synthetic evidence scenario,2026-09-15,,No,Yes,Yes,Yes,,DEMO-2026-00335,2,Demo portfolio,2026-08-13T12:00:00+00:00,0.0,A
Morgan Lane · Demo 336,,homeowner336@example.com,202-555-0100,HomeGuard Demo Agency,2026-09-15,Individual,,435 Example Lane,Sample City,NJ,01335,Sample County,Owner-occupied,Yes,Detached single family,1,1997,1000,3,Masonry veneer,Crawl space,No,,No,11,No,No,,,14,Slate,Gable,Good,2012.0,1,No,DEMO-ONLY/336/roof_verification,Copper,Circuit breakers,,200,PEX / PVC / CPVC,,5,Garage,Heat pump,,No,No,No,,No,Yes,Yes,None,None,No,No,No,2.8,800,,No,No,No,No,No,No,,19,27,X,,No,No,No,,HO-5,1295367,1390000,139000,834000,278000,500000,5000,1000,2,No,No,No,No,In force,No,Example Mutual (synthetic),,0,No,,0,0,0,0,,Verified,Verified,Verified,Verified,Verified,DEMO-ONLY/336/property_verification,DEMO-ONLY/336/claims_verification,DEMO-ONLY/336/hazard_verification,DEMO-ONLY/336/replacement_cost_verification,Synthetic evidence scenario,2026-09-15,,No,Yes,Yes,Yes,,DEMO-2026-00336,2,Demo portfolio,2026-08-14T12:00:00+00:00,0.0,A
Taylor Ellis · Demo 337,,homeowner337@example.com,202-555-0100,HomeGuard Demo Agency,2026-09-15,Individual,,436 Example Lane,Sample City,NM,01336,Sample County,Owner-occupied,Yes,Detached single family,1,1977,5150,2,Frame,Basement,No,,No,6,No,No,,,16,Metal,Hip,Fair,2010.0,1,No,DEMO-ONLY/337/roof_verification,Copper,Circuit breakers,,200,PEX / PVC / CPVC,,5,Garage,Central gas,,No,No,No,,No,Yes,Yes,None,None,No,No,No,3.2,850,,Yes,Yes,No,No,No,No,,45,47,X,,No,No,No,,HO-3,829927,846000,84600,507600,169200,300000,5000,2500,2,No,No,No,No,In force,No,Example Mutual (synthetic),,0,No,,1,0,79737,0,"Synthetic loss-run example: 1 claim(s), 0 open; total paid $79,737. Not a real claims report.",Verified,Verified,Verified,Verified,Verified,DEMO-ONLY/337/property_verification,DEMO-ONLY/337/claims_verification,DEMO-ONLY/337/hazard_verification,DEMO-ONLY/337/replacement_cost_verification,Synthetic evidence scenario,2026-09-15,,No,Yes,Yes,Yes,,DEMO-2026-00337,2,Demo portfolio,2026-08-20T12:00:00+00:00,0.0942517730496454,A
Casey Reed · Demo 338,,homeowner338@example.com,202-555-0100,HomeGuard Demo Agency,2026-09-15,Individual,,437 Example Lane,Sample City,NY,01337,Sample County,Owner-occupied,Yes,Detached single family,1,1965,2150,2,Frame,Slab,No,,No,14,No,No,,,17,Architectural shingle,Hip,Fair,2009.0,1,No,DEMO-ONLY/338/roof_verification,Copper,Circuit breakers,,200,Copper,,13,Garage,Central electric,,No,No,No,,No,Yes,Yes,None,None,No,No,No,1.1,650,,No,No,No,No,No,No,,12,31,X,,No,No,No,,HO-3,592371,582000,58200,349200,116400,500000,5000,2500,2,No,No,No,No,In force,No,Example Mutual (synthetic),,0,No,,0,0,0,0,,Verified,Verified,Verified,Verified,Verified,DEMO-ONLY/338/property_verification,DEMO-ONLY/338/claims_verification,DEMO-ONLY/338/hazard_verification,DEMO-ONLY/338/replacement_cost_verification,Synthetic evidence scenario,2026-09-15,,No,Yes,Yes,Yes,,DEMO-2026-00338,2,Demo portfolio,2026-09-01T12:00:00+00:00,0.0,A
Jordan Reed · Demo 339,,homeowner339@example.com,202-555-0100,HomeGuard Demo Agency,2026-09-15,Individual,,438 Example Lane,Sample City,NC,01338,Sample County,Owner-occupied,Yes,Detached single family,1,1978,3950,3,Frame,Crawl space,No,,No,4,No,No,,,14,Architectural shingle,Mixed,Fair,2012.0,1,No,DEMO-ONLY/339/roof_verification,Copper,Circuit breakers,,200,Copper,,11,Garage,Heat pump,,No,No,No,,No,Yes,Yes,None,None,No,No,No,1.3,500,,No,No,No,No,No,No,,4,9,X,,No,No,No,,HO-3,1045586,932000,93200,559200,186400,100000,5000,2500,2,No,No,No,No,In force,No,Example Mutual (synthetic),,0,No,,0,0,0,0,,Verified,Verified,Verified,Verified,Verified,DEMO-ONLY/339/property_verification,DEMO-ONLY/339/claims_verification,DEMO-ONLY/339/hazard_verification,DEMO-ONLY/339/replacement_cost_verification,Synthetic evidence scenario,2026-09-15,,No,Yes,Yes,Yes,,DEMO-2026-00339,2,Demo portfolio,2026-08-19T12:00:00+00:00,0.0,A
Jordan Brooks · Demo 340,,homeowner340@example.com,202-555-0100,HomeGuard Demo Agency,2026-09-15,Individual,,439 Example Lane,Sample City,ND,01339,Sample County,Owner-occupied,Yes,Detached single family,1,2015,5450,1,Frame,Slab,No,,No,7,No,No,,,8,Metal,Hip,Fair,2018.0,1,No,DEMO-ONLY/340/roof_verification,Copper,Circuit breakers,,200,Copper,,6,Garage,Central gas,,No,No,No,,No,Yes,Yes,None,None,No,No,No,4.9,650,,No,No,No,No,No,No,,10,19,X,,No,No,No,,HO-5,305040,335000,33500,201000,67000,300000,5000,1000,2,No,No,No,No,In force,No,Example Mutual (synthetic),,0,No,,0,0,0,0,,Verified,Verified,Verified,Verified,Verified,DEMO-ONLY/340/property_verification,DEMO-ONLY/340/claims_verification,DEMO-ONLY/340/hazard_verification,DEMO-ONLY/340/replacement_cost_verification,Synthetic evidence scenario,2026-09-15,,No,Yes,Yes,Yes,,DEMO-2026-00340,2,Demo portfolio,2026-07-31T12:00:00+00:00,0.0,A
Sam Parker · Demo 341,,homeowner341@example.com,202-555-0100,HomeGuard Demo Agency,2026-09-15,Individual,,440 Example Lane,Sample City,OH,01340,Sample County,Owner-occupied,Yes,Detached single family,1,1987,3300,3,Solid masonry,Basement,No,,No,2,No,No,,,9,Tile,Mixed,Fair,2017.0,1,No,DEMO-ONLY/341/roof_verification,Copper,Circuit breakers,,200,Copper,,1,Garage,Central electric,,No,No,No,,No,Yes,Yes,None,None,No,No,No,1.6,600,,No,No,No,No,No,No,,39,22,X,,No,No,No,,HO-5,711346,856000,85600,513600,171200,100000,5000,1000,2,No,No,No,No,In force,No,Example Mutual (synthetic),,0,No,,1,0,128323,0,"Synthetic loss-run example: 1 claim(s), 0 open; total paid $128,323. Not a real claims report.",Verified,Verified,Verified,Not checked,Verified,DEMO-ONLY/341/property_verification,DEMO-ONLY/341/claims_verification,,DEMO-ONLY/341/replacement_cost_verification,Synthetic evidence scenario,2026-09-15,,No,Yes,Yes,Yes,,DEMO-2026-00341,2,Demo portfolio,2026-09-01T12:00:00+00:00,0.14991004672897196,B
Morgan Parker · Demo 342,,homeowner342@example.com,202-555-0100,HomeGuard Demo Agency,2026-09-15,Individual,,441 Example Lane,Sample City,OK,01341,Sample County,Owner-occupied,Yes,Detached single family,1,1982,2700,3,Solid masonry,Crawl space,No,,No,20,No,No,,,12,Slate,Hip,Good,2014.0,1,No,DEMO-ONLY/342/roof_verification,Copper,Circuit breakers,,200,Copper,,7,Garage,Central gas,,No,No,No,,No,Yes,Yes,None,None,No,No,No,4.0,150,,No,No,No,No,No,No,,41,43,X,,No,No,No,,HO-5,354362,429000,42900,257400,85800,300000,5000,5000,2,No,No,No,No,In force,No,Example Mutual (synthetic),,0,No,,0,0,0,0,,Verified,Verified,Verified,Verified,Verified,DEMO-ONLY/342/property_verification,DEMO-ONLY/342/claims_verification,DEMO-ONLY/342/hazard_verification,DEMO-ONLY/342/replacement_cost_verification,Synthetic evidence scenario,2026-09-15,,No,Yes,Yes,Yes,,DEMO-2026-00342,2,Demo portfolio,2026-08-19T12:00:00+00:00,0.0,A
Morgan Lane · Demo 343,,homeowner343@example.com,202-555-0100,HomeGuard Demo Agency,2026-09-15,Individual,,442 Example Lane,Sample City,OR,01342,Sample County,Owner-occupied,Yes,Detached single family,1,1973,2600,3,Masonry veneer,Basement,No,,No,5,No,No,,,4,Tile,Hip,Fair,2022.0,1,No,DEMO-ONLY/343/roof_verification,Copper,Circuit breakers,,200,PEX / PVC / CPVC,,8,Garage,Central electric,,No,No,No,,No,Yes,Yes,None,None,No,No,No,4.5,450,,No,No,No,No,No,No,,13,43,X,,No,No,No,,HO-3,382494,345000,34500,207000,69000,300000,5000,2500,2,No,No,No,No,In force,No,Example Mutual (synthetic),,0,No,,2,0,34018,0,"Synthetic loss-run example: 2 claim(s), 0 open; total paid $34,018. Not a real claims report.",Verified,Verified,Verified,Verified,Verified,DEMO-ONLY/343/property_verification,DEMO-ONLY/343/claims_verification,DEMO-ONLY/343/hazard_verification,DEMO-ONLY/343/replacement_cost_verification,Synthetic evidence scenario,2026-09-15,,No,Yes,Yes,Yes,,DEMO-2026-00343,2,Demo portfolio,2026-09-13T12:00:00+00:00,0.09860289855072464,B
Sam Lane · Demo 344,,homeowner344@example.com,202-555-0100,HomeGuard Demo Agency,2026-09-15,Individual,,443 Example Lane,Sample City,PA,01343,Sample County,Owner-occupied,Yes,Detached single family,1,2019,1150,3,Masonry veneer,Slab,No,,No,10,No,No,,,2,Slate,Hip,Good,2024.0,1,No,DEMO-ONLY/344/roof_verification,Copper,Circuit breakers,,200,Copper,,9,Garage,Central electric,,No,No,No,,No,Yes,Yes,None,None,No,No,No,4.3,700,,Yes,Yes,No,No,No,No,,12,47,X,,No,No,No,,HO-5,849508,816000,81600,489600,163200,500000,5000,5000,2,No,No,No,No,In force,No,Example Mutual (synthetic),,0,No,,0,0,0,0,,Verified,Verified,Verified,Verified,Verified,DEMO-ONLY/344/property_verification,DEMO-ONLY/344/claims_verification,DEMO-ONLY/344/hazard_verification,DEMO-ONLY/344/replacement_cost_verification,Synthetic evidence scenario,2026-09-15,,No,Yes,Yes,Yes,,DEMO-2026-00344,2,Demo portfolio,2026-09-09T12:00:00+00:00,0.0,A
Alex Parker · Demo 345,,homeowner345@example.com,202-555-0100,HomeGuard Demo Agency,2026-09-15,Individual,,444 Example Lane,Sample City,RI,01344,Sample County,Owner-occupied,Yes,Detached single family,1,1958,4100,2,Masonry veneer,Slab,No,,No,9,No,No,,,9,Metal,Gable,Good,2017.0,1,No,DEMO-ONLY/345/roof_verification,Copper,Circuit breakers,,200,PEX / PVC / CPVC,,12,Garage,Heat pump,,No,No,No,,No,Yes,Yes,None,None,No,No,No,1.9,400,,No,No,No,No,No,No,,21,74,X,,No,No,No,,HO-3,1491138,1417000,141700,850200,283400,100000,5000,2500,2,No,No,No,No,In force,No,Example Mutual (synthetic),,0,No,,0,0,0,0,,Verified,Verified,Verified,Verified,Verified,DEMO-ONLY/345/property_verification,DEMO-ONLY/345/claims_verification,DEMO-ONLY/345/hazard_verification,DEMO-ONLY/345/replacement_cost_verification,Synthetic evidence scenario,2026-09-15,,No,Yes,Yes,Yes,,DEMO-2026-00345,2,Demo portfolio,2026-08-10T12:00:00+00:00,0.0,B
Morgan Lane · Demo 346,,homeowner346@example.com,202-555-0100,HomeGuard Demo Agency,2026-09-15,Individual,,445 Example Lane,Sample City,SC,01345,Sample County,Owner-occupied,Yes,Detached single family,1,1969,1550,3,Frame,Slab,No,,No,2,No,No,,,6,Tile,Gable,Good,2020.0,1,No,DEMO-ONLY/346/roof_verification,Copper,Circuit breakers,,200,PEX / PVC / CPVC,,9,Garage,Central electric,,No,No,No,,No,Yes,Yes,None,None,No,No,No,2.3,750,,No,No,No,No,No,No,,37,2,X,,No,No,No,,HO-5,482044,455000,45500,273000,91000,300000,5000,5000,2,No,No,No,No,In force,No,Example Mutual (synthetic),,0,No,,0,0,0,0,,Verified,Verified,Verified,Verified,Verified,DEMO-ONLY/346/property_verification,DEMO-ONLY/346/claims_verification,DEMO-ONLY/346/hazard_verification,DEMO-ONLY/346/replacement_cost_verification,Synthetic evidence scenario,2026-09-15,,No,Yes,Yes,Yes,,DEMO-2026-00346,2,Demo portfolio,2026-09-08T12:00:00+00:00,0.0,A
Taylor Brooks · Demo 347,,homeowner347@example.com,202-555-0100,HomeGuard Demo Agency,2026-09-15,Individual,,446 Example Lane,Sample City,SD,01346,Sample County,Owner-occupied,Yes,Detached single family,1,1953,3800,1,Masonry veneer,Slab,No,,No,10,No,No,,,12,Tile,Hip,Fair,2014.0,1,No,DEMO-ONLY/347/roof_verification,Copper,Circuit breakers,,200,Copper,,9,Garage,Central gas,,No,No,No,,No,Yes,Yes,None,None,No,No,No,1.1,800,,No,No,No,No,No,No,,44,35,X,,No,No,No,,HO-3,1445840,1374000,137400,824400,274800,300000,5000,1000,2,No,No,No,No,In force,No,Example Mutual (synthetic),,0,No,,0,0,0,0,,Verified,Verified,Verified,Verified,Verified,DEMO-ONLY/347/property_verification,DEMO-ONLY/347/claims_verification,DEMO-ONLY/347/hazard_verification,DEMO-ONLY/347/replacement_cost_verification,Synthetic evidence scenario,2026-09-15,,No,Yes,Yes,Yes,,DEMO-2026-00347,2,Demo portfolio,2026-08-29T12:00:00+00:00,0.0,A
Taylor Reed · Demo 348,,homeowner348@example.com,202-555-0100,HomeGuard Demo Agency,2026-09-15,Individual,,447 Example Lane,Sample City,TN,01347,Sample County,Owner-occupied,Yes,Detached single family,1,1977,3700,1,Solid masonry,Crawl space,No,,No,18,No,No,,,3,Tile,Mixed,Fair,2023.0,1,No,DEMO-ONLY/348/roof_verification,Copper,Circuit breakers,,200,Copper,,1,Garage,Heat pump,,No,No,No,,No,Yes,Yes,None,None,No,No,No,0.9,600,,No,No,No,No,No,No,,14,44,X,,No,No,No,,HO-5,911417,938000,93800,562800,187600,300000,5000,2500,2,No,No,No,No,In force,No,Example Mutual (synthetic),,0,No,,0,0,0,0,,Verified,Verified,Verified,Verified,Verified,DEMO-ONLY/348/property_verification,DEMO-ONLY/348/claims_verification,DEMO-ONLY/348/hazard_verification,DEMO-ONLY/348/replacement_cost_verification,Synthetic evidence scenario,2026-09-15,,No,Yes,Yes,Yes,,DEMO-2026-00348,2,Demo portfolio,2026-08-23T12:00:00+00:00,0.0,A
Taylor Brooks · Demo 349,,homeowner349@example.com,202-555-0100,HomeGuard Demo Agency,2026-09-15,Individual,,448 Example Lane,Sample City,TX,01348,Sample County,Owner-occupied,Yes,Detached single family,1,1960,2200,3,Masonry veneer,Slab,No,,No,16,No,No,,,26,Slate,Gable,Poor,,1,No,DEMO-ONLY/349/roof_verification,Copper,Circuit breakers,,200,PEX / PVC / CPVC,,12,Garage,Central electric,,No,No,No,,No,Yes,Yes,None,None,No,No,No,2.6,800,,No,No,No,No,No,No,,24,25,X,,No,No,No,,HO-3,647965,632000,63200,379200,126400,500000,5000,2500,2,No,No,No,No,In force,No,Example Mutual (synthetic),,0,No,,0,0,0,0,,Verified,Verified,Verified,Verified,Verified,DEMO-ONLY/349/property_verification,DEMO-ONLY/349/claims_verification,DEMO-ONLY/349/hazard_verification,DEMO-ONLY/349/replacement_cost_verification,Synthetic evidence scenario,2026-09-15,,No,Yes,Yes,Yes,,DEMO-2026-00349,2,Demo portfolio,2026-09-11T12:00:00+00:00,0.0,F
Alex Reed · Demo 350,,homeowner350@example.com,202-555-0100,HomeGuard Demo Agency,2026-09-15,Individual,,449 Example Lane,Sample City,UT,01349,Sample County,Owner-occupied,Yes,Detached single family,1,2000,4000,1,Solid masonry,Slab,No,,No,9,No,No,,,17,Slate,Hip,Good,2009.0,1,No,DEMO-ONLY/350/roof_verification,Copper,Circuit breakers,,200,Copper,,12,Garage,Central gas,,No,No,No,,No,Yes,Yes,None,None,No,No,No,0.6,700,,No,No,No,No,No,No,,22,41,X,,No,No,No,,HO-5,1601348,1423000,142300,853800,284600,300000,5000,1000,2,No,No,No,No,In force,No,Example Mutual (synthetic),,0,No,,0,0,0,0,,Verified,Verified,Verified,Verified,Verified,DEMO-ONLY/350/property_verification,DEMO-ONLY/350/claims_verification,DEMO-ONLY/350/hazard_verification,DEMO-ONLY/350/replacement_cost_verification,Synthetic evidence scenario,2026-09-15,,No,Yes,Yes,Yes,,DEMO-2026-00350,2,Demo portfolio,2026-08-05T12:00:00+00:00,0.0,A
Casey Parker · Demo 351,,homeowner351@example.com,202-555-0100,HomeGuard Demo Agency,2026-09-15,Individual,,450 Example Lane,Sample City,VT,01350,Sample County,Owner-occupied,Yes,Detached single family,1,1998,1150,1,Frame,Basement,No,,No,3,No,No,,,17,Architectural shingle,Gable,Fair,2009.0,1,No,DEMO-ONLY/351/roof_verification,Copper,Circuit breakers,,200,Copper,,7,Garage,Central gas,,No,No,No,,No,Yes,Yes,None,None,No,No,No,4.5,500,,Yes,Yes,No,No,No,No,,32,13,X,,No,No,No,,HO-5,600900,621000,62100,372600,124200,300000,5000,5000,2,No,No,No,No,In force,No,Example Mutual (synthetic),,0,No,,0,0,0,0,,Verified,Verified,Verified,Not checked,Verified,DEMO-ONLY/351/property_verification,DEMO-ONLY/351/claims_verification,,DEMO-ONLY/351/replacement_cost_verification,Synthetic evidence scenario,2026-09-15,,No,Yes,Yes,Yes,,DEMO-2026-00351,2,Demo portfolio,2026-08-15T12:00:00+00:00,0.0,B
Jordan Hayes · Demo 352,,homeowner352@example.com,202-555-0100,HomeGuard Demo Agency,2026-09-15,Individual,,451 Example Lane,Sample City,VA,01351,Sample County,Owner-occupied,Yes,Detached single family,1,1953,2350,3,Solid masonry,Slab,No,,No,11,No,No,,,13,Metal,Gable,Fair,2013.0,1,No,DEMO-ONLY/352/roof_verification,Copper,Circuit breakers,,200,Copper,,10,Garage,Central electric,,No,No,No,,No,Yes,Yes,None,None,No,No,No,4.9,300,,No,No,No,No,No,No,,15,7,X,,No,No,No,,HO-5,1312152,1205000,120500,723000,241000,300000,5000,1000,2,No,No,No,No,In force,No,Example Mutual (synthetic),,0,No,,0,0,0,0,,Verified,Verified,Verified,Verified,Verified,DEMO-ONLY/352/property_verification,DEMO-ONLY/352/claims_verification,DEMO-ONLY/352/hazard_verification,DEMO-ONLY/352/replacement_cost_verification,Synthetic evidence scenario,2026-09-15,,No,Yes,Yes,Yes,,DEMO-2026-00352,2,Demo portfolio,2026-09-09T12:00:00+00:00,0.0,A
Taylor Ellis · Demo 353,,homeowner353@example.com,202-555-0100,HomeGuard Demo Agency,2026-09-15,Individual,,452 Example Lane,Sample City,WA,01352,Sample County,Owner-occupied,Yes,Detached single family,1,1978,3900,2,Masonry veneer,Basement,No,,No,4,No,No,,,9,Architectural shingle,Gable,Good,2017.0,1,No,DEMO-ONLY/353/roof_verification,Copper,Circuit breakers,,200,PEX / PVC / CPVC,,4,Garage,Central gas,,No,No,No,,No,Yes,Yes,None,None,No,No,No,3.7,300,,No,No,No,No,No,No,,42,40,X,,No,No,No,,HO-5,426464,500000,50000,300000,100000,500000,5000,2500,2,No,No,No,No,In force,No,Example Mutual (synthetic),,0,No,,1,0,60744,0,"Synthetic loss-run example: 1 claim(s), 0 open; total paid $60,744. Not a real claims report.",Verified,Verified,Verified,Verified,Verified,DEMO-ONLY/353/property_verification,DEMO-ONLY/353/claims_verification,DEMO-ONLY/353/hazard_verification,DEMO-ONLY/353/replacement_cost_verification,Synthetic evidence scenario,2026-09-15,,No,Yes,Yes,Yes,,DEMO-2026-00353,2,Demo portfolio,2026-09-03T12:00:00+00:00,0.121488,A
Taylor Brooks · Demo 354,,homeowner354@example.com,202-555-0100,HomeGuard Demo Agency,2026-09-15,Individual,,453 Example Lane,Sample City,WV,01353,Sample County,Owner-occupied,Yes,Detached single family,1,1977,1700,1,Masonry veneer,Slab,No,,No,1,No,No,,,3,Architectural shingle,Mixed,Fair,2023.0,1,No,DEMO-ONLY/354/roof_verification,Copper,Circuit breakers,,200,PEX / PVC / CPVC,,5,Garage,Central electric,,No,No,No,,No,Yes,Yes,None,None,No,No,No,1.3,850,,No,No,No,No,No,No,,8,17,X,,No,No,No,,HO-5,715120,624000,62400,374400,124800,300000,5000,1000,2,No,No,No,No,In force,No,Example Mutual (synthetic),,0,No,,0,0,0,0,,Verified,Verified,Verified,Verified,Verified,DEMO-ONLY/354/property_verification,DEMO-ONLY/354/claims_verification,DEMO-ONLY/354/hazard_verification,DEMO-ONLY/354/replacement_cost_verification,Synthetic evidence scenario,2026-09-15,,No,Yes,Yes,Yes,,DEMO-2026-00354,2,Demo portfolio,2026-09-05T12:00:00+00:00,0.0,A
Morgan Parker · Demo 355,,homeowner355@example.com,202-555-0100,HomeGuard Demo Agency,2026-09-15,Individual,,454 Example Lane,Sample City,WI,01354,Sample County,Owner-occupied,Yes,Detached single family,1,1998,1200,1,Masonry veneer,Basement,No,,No,13,No,No,,,2,Slate,Gable,Fair,2024.0,1,No,DEMO-ONLY/355/roof_verification,Copper,Circuit breakers,,200,PEX / PVC / CPVC,,16,Garage,Central gas,,No,No,No,,No,Yes,Yes,None,None,No,No,No,2.0,600,,No,No,No,No,No,No,,32,33,X,,No,No,No,,HO-5,1196035,1206000,120600,723600,241200,100000,5000,1000,2,No,No,No,No,In force,No,Example Mutual (synthetic),,0,No,,0,0,0,0,,Verified,Verified,Verified,Verified,Verified,DEMO-ONLY/355/property_verification,DEMO-ONLY/355/claims_verification,DEMO-ONLY/355/hazard_verification,DEMO-ONLY/355/replacement_cost_verification,Synthetic evidence scenario,2026-09-15,,No,Yes,Yes,Yes,,DEMO-2026-00355,2,Demo portfolio,2026-08-06T12:00:00+00:00,0.0,B
Taylor Ellis · Demo 356,,homeowner356@example.com,202-555-0100,HomeGuard Demo Agency,2026-09-15,Individual,,455 Example Lane,Sample City,WY,01355,Sample County,Owner-occupied,Yes,Detached single family,1,1959,1350,2,Masonry veneer,Crawl space,No,,No,2,No,No,,,6,Slate,Mixed,Fair,2020.0,1,No,DEMO-ONLY/356/roof_verification,Copper,Circuit breakers,,200,Copper,,5,Garage,Central gas,,No,No,No,,No,Yes,Yes,None,None,No,No,No,0.5,100,,No,No,No,No,No,No,,3,25,X,,No,No,No,,HO-5,1041613,1181000,118100,708600,236200,100000,5000,5000,2,No,No,No,No,In force,No,Example Mutual (synthetic),,0,No,,0,0,0,0,,Verified,Verified,Verified,Verified,Verified,DEMO-ONLY/356/property_verification,DEMO-ONLY/356/claims_verification,DEMO-ONLY/356/hazard_verification,DEMO-ONLY/356/replacement_cost_verification,Synthetic evidence scenario,2026-09-15,,No,Yes,Yes,Yes,,DEMO-2026-00356,2,Demo portfolio,2026-07-31T12:00:00+00:00,0.0,A
Casey Lane · Demo 357,,homeowner357@example.com,202-555-0100,HomeGuard Demo Agency,2026-09-15,Individual,,456 Example Lane,Sample City,DC,01356,Sample County,Owner-occupied,Yes,Detached single family,1,2021,1950,1,Frame,Slab,No,,No,18,No,No,,,5,Architectural shingle,Hip,Fair,2021.0,1,No,DEMO-ONLY/357/roof_verification,Copper,Circuit breakers,,200,PEX / PVC / CPVC,,8,Garage,Heat pump,,No,No,No,,No,Yes,Yes,None,None,No,No,No,3.0,900,,No,No,No,No,No,No,,21,15,X,,No,No,No,,HO-5,301510,337000,33700,202200,67400,300000,5000,2500,2,No,No,No,No,In force,No,Example Mutual (synthetic),,0,No,,1,0,41953,0,"Synthetic loss-run example: 1 claim(s), 0 open; total paid $41,953. Not a real claims report.",Verified,Verified,Verified,Verified,Verified,DEMO-ONLY/357/property_verification,DEMO-ONLY/357/claims_verification,DEMO-ONLY/357/hazard_verification,DEMO-ONLY/357/replacement_cost_verification,Synthetic evidence scenario,2026-09-15,,No,Yes,Yes,Yes,,DEMO-2026-00357,2,Demo portfolio,2026-07-25T12:00:00+00:00,0.12448961424332344,A
Morgan Lane · Demo 358,,homeowner358@example.com,202-555-0100,HomeGuard Demo Agency,2026-09-15,Individual,,457 Example Lane,Sample City,AL,01357,Sample County,Owner-occupied,Yes,Detached single family,1,1956,5050,3,Masonry veneer,Crawl space,No,,No,12,No,No,,,16,Tile,Hip,Good,2010.0,1,No,DEMO-ONLY/358/roof_verification,Copper,Circuit breakers,,200,PEX / PVC / CPVC,,1,Garage,Central gas,,No,No,Yes,,No,Yes,Yes,None,None,No,No,No,3.1,650,,No,No,No,No,No,No,,33,20,X,,No,No,No,,HO-5,343014,408000,40800,244800,81600,300000,5000,2500,2,No,No,No,No,In force,No,Example Mutual (synthetic),,0,No,,0,0,0,0,,Verified,Verified,Verified,Verified,Verified,DEMO-ONLY/358/property_verification,DEMO-ONLY/358/claims_verification,DEMO-ONLY/358/hazard_verification,DEMO-ONLY/358/replacement_cost_verification,Synthetic evidence scenario,2026-09-15,,No,Yes,Yes,Yes,,DEMO-2026-00358,2,Demo portfolio,2026-08-02T12:00:00+00:00,0.0,B
Casey Ellis · Demo 359,,homeowner359@example.com,202-555-0100,HomeGuard Demo Agency,2026-09-15,Individual,,458 Example Lane,Sample City,AK,01358,Sample County,Owner-occupied,Yes,Detached single family,1,2009,1750,2,Solid masonry,Slab,No,,No,8,No,No,,,5,Architectural shingle,Hip,Fair,2021.0,1,No,DEMO-ONLY/359/roof_verification,Copper,Circuit breakers,,200,Copper,,5,Garage,Heat pump,,No,No,No,,No,Yes,Yes,None,None,No,No,No,4.9,750,,No,No,No,No,No,No,,42,39,X,,No,No,No,,HO-5,1351994,1411000,141100,846600,282200,500000,5000,2500,2,No,No,No,No,In force,No,Example Mutual (synthetic),,0,No,,0,0,0,0,,Verified,Verified,Verified,Verified,Verified,DEMO-ONLY/359/property_verification,DEMO-ONLY/359/claims_verification,DEMO-ONLY/359/hazard_verification,DEMO-ONLY/359/replacement_cost_verification,Synthetic evidence scenario,2026-09-15,,No,Yes,Yes,Yes,,DEMO-2026-00359,2,Demo portfolio,2026-09-03T12:00:00+00:00,0.0,A
Alex Hayes · Demo 360,,homeowner360@example.com,202-555-0100,HomeGuard Demo Agency,2026-09-15,Individual,,459 Example Lane,Sample City,AZ,01359,Sample County,Owner-occupied,Yes,Detached single family,1,1965,2850,3,Masonry veneer,Basement,No,,Yes,1,No,No,,,6,Slate,Gable,Fair,2020.0,1,No,DEMO-ONLY/360/roof_verification,Copper,Circuit breakers,,200,Copper,,2,Garage,Heat pump,,No,No,No,,No,Yes,Yes,None,None,No,No,No,1.4,200,,No,No,No,No,No,No,,1,7,X,,No,No,No,,HO-5,823180,939000,93900,563400,187800,100000,5000,5000,2,No,No,No,No,In force,No,Example Mutual (synthetic),,0,No,,0,0,0,0,,Verified,Verified,Verified,Verified,Verified,DEMO-ONLY/360/property_verification,DEMO-ONLY/360/claims_verification,DEMO-ONLY/360/hazard_verification,DEMO-ONLY/360/replacement_cost_verification,Synthetic evidence scenario,2026-09-15,,No,Yes,Yes,Yes,,DEMO-2026-00360,2,Demo portfolio,2026-09-12T12:00:00+00:00,0.0,B
Morgan Reed · Demo 361,,homeowner361@example.com,202-555-0100,HomeGuard Demo Agency,2026-09-15,Individual,,460 Example Lane,Sample City,AR,01360,Sample County,Owner-occupied,Yes,Detached single family,1,1975,4850,3,Frame,Slab,No,,No,12,No,No,,,6,Tile,Mixed,Fair,2020.0,1,No,DEMO-ONLY/361/roof_verification,Copper,Circuit breakers,,200,PEX / PVC / CPVC,,1,Garage,Central gas,,No,No,No,,No,Yes,Yes,None,None,No,No,No,3.6,800,,No,No,No,No,No,No,,40,3,X,,No,No,No,,HO-5,576987,525000,52500,315000,105000,300000,5000,2500,2,No,No,No,No,In force,No,Example Mutual (synthetic),,0,No,,1,0,82512,0,"Synthetic loss-run example: 1 claim(s), 0 open; total paid $82,512. Not a real claims report.",Verified,Verified,Verified,Not checked,Verified,DEMO-ONLY/361/property_verification,DEMO-ONLY/361/claims_verification,,DEMO-ONLY/361/replacement_cost_verification,Synthetic evidence scenario,2026-09-15,,No,Yes,Yes,Yes,,DEMO-2026-00361,2,Demo portfolio,2026-08-08T12:00:00+00:00,0.1571657142857143,B
Alex Parker · Demo 362,,homeowner362@example.com,202-555-0100,HomeGuard Demo Agency,2026-09-15,Individual,,461 Example Lane,Sample City,CA,01361,Sample County,Owner-occupied,Yes,Detached single family,1,1959,1800,3,Solid masonry,Basement,No,,No,1,No,No,,,11,Metal,Mixed,Good,2015.0,1,No,DEMO-ONLY/362/roof_verification,Copper,Circuit breakers,,200,PEX / PVC / CPVC,,5,Garage,Central electric,,No,No,No,,No,Yes,Yes,None,None,No,No,No,3.9,250,,No,No,No,No,No,No,,37,12,X,,No,No,No,,HO-3,1568598,1371000,137100,822600,274200,500000,5000,1000,2,No,No,No,No,In force,No,Example Mutual (synthetic),,0,No,,0,0,0,0,,Verified,Verified,Verified,Verified,Verified,DEMO-ONLY/362/property_verification,DEMO-ONLY/362/claims_verification,DEMO-ONLY/362/hazard_verification,DEMO-ONLY/362/replacement_cost_verification,Synthetic evidence scenario,2026-09-15,,No,Yes,Yes,Yes,,DEMO-2026-00362,2,Demo portfolio,2026-09-04T12:00:00+00:00,0.0,A
Alex Reed · Demo 363,,homeowner363@example.com,202-555-0100,HomeGuard Demo Agency,2026-09-15,Individual,,462 Example Lane,Sample City,CO,01362,Sample County,Owner-occupied,Yes,Detached single family,1,1954,1000,3,Frame,Slab,No,,No,16,No,No,,,3,Slate,Gable,Good,2023.0,1,No,DEMO-ONLY/363/roof_verification,Copper,Circuit breakers,,200,PEX / PVC / CPVC,,1,Garage,Central gas,,No,No,No,,No,Yes,Yes,None,None,No,No,No,1.0,100,,No,No,No,No,No,No,,3,31,X,,No,No,No,,HO-5,1469030,1445000,144500,867000,289000,300000,5000,1000,2,No,No,No,No,In force,No,Example Mutual (synthetic),,0,No,,0,0,0,0,,Verified,Verified,Verified,Verified,Verified,DEMO-ONLY/363/property_verification,DEMO-ONLY/363/claims_verification,DEMO-ONLY/363/hazard_verification,DEMO-ONLY/363/replacement_cost_verification,Synthetic evidence scenario,2026-09-15,,No,Yes,Yes,Yes,,DEMO-2026-00363,2,Demo portfolio,2026-09-10T12:00:00+00:00,0.0,A
Sam Hayes · Demo 364,,homeowner364@example.com,202-555-0100,HomeGuard Demo Agency,2026-09-15,Individual,,463 Example Lane,Sample City,CT,01363,Sample County,Owner-occupied,Yes,Detached single family,1,1986,2000,1,Frame,Basement,No,,No,19,No,No,,,5,Architectural shingle,Gable,Good,2021.0,1,No,DEMO-ONLY/364/roof_verification,Copper,Circuit breakers,,200,PEX / PVC / CPVC,,3,Garage,Central electric,,No,No,No,,No,Yes,Yes,None,None,No,No,No,3.0,200,,No,No,No,No,No,No,,40,19,X,,No,No,No,,HO-3,989709,1033000,103300,619800,206600,500000,5000,1000,2,No,No,No,No,In force,No,Example Mutual (synthetic),,0,No,,0,0,0,0,,Verified,Verified,Verified,Verified,Verified,DEMO-ONLY/364/property_verification,DEMO-ONLY/364/claims_verification,DEMO-ONLY/364/hazard_verification,DEMO-ONLY/364/replacement_cost_verification,Synthetic evidence scenario,2026-09-15,,No,Yes,Yes,Yes,,DEMO-2026-00364,2,Demo portfolio,2026-08-22T12:00:00+00:00,0.0,A
Alex Reed · Demo 365,,homeowner365@example.com,202-555-0100,HomeGuard Demo Agency,2026-09-15,Individual,,464 Example Lane,Sample City,DE,01364,Sample County,Owner-occupied,Yes,Detached single family,1,2015,2900,3,Solid masonry,Crawl space,No,,No,4,No,No,,,9,Architectural shingle,Gable,Good,2017.0,1,No,DEMO-ONLY/365/roof_verification,Copper,Circuit breakers,,200,Copper,,4,Garage,Central electric,,No,No,No,,No,Yes,Yes,None,None,No,No,No,4.6,200,,No,No,No,No,No,No,,91,6,X,,No,No,No,,HO-3,716364,867000,86700,520200,173400,500000,5000,1000,2,No,No,No,No,In force,No,Example Mutual (synthetic),,0,No,,0,0,0,0,,Verified,Verified,Verified,Verified,Verified,DEMO-ONLY/365/property_verification,DEMO-ONLY/365/claims_verification,DEMO-ONLY/365/hazard_verification,DEMO-ONLY/365/replacement_cost_verification,Synthetic evidence scenario,2026-09-15,,No,Yes,Yes,Yes,,DEMO-2026-00365,2,Demo portfolio,2026-07-28T12:00:00+00:00,0.0,F
Alex Lane · Demo 366,,homeowner366@example.com,202-555-0100,HomeGuard Demo Agency,2026-09-15,Individual,,465 Example Lane,Sample City,FL,01365,Sample County,Owner-occupied,Yes,Detached single family,1,1959,1350,1,Masonry veneer,Basement,No,,No,7,No,No,,,13,Tile,Mixed,Fair,2013.0,1,No,DEMO-ONLY/366/roof_verification,Copper,Circuit breakers,,200,Copper,,10,Garage,Central gas,,No,No,No,,No,Yes,Yes,None,None,No,No,No,4.0,650,,No,No,No,No,No,No,,25,42,X,,No,No,No,,HO-3,793824,911000,91100,546600,182200,100000,5000,2500,2,No,No,No,No,In force,No,Example Mutual (synthetic),,0,No,,0,0,0,0,,Verified,Verified,Verified,Verified,Verified,DEMO-ONLY/366/property_verification,DEMO-ONLY/366/claims_verification,DEMO-ONLY/366/hazard_verification,DEMO-ONLY/366/replacement_cost_verification,Synthetic evidence scenario,2026-09-15,,No,Yes,Yes,Yes,,DEMO-2026-00366,2,Demo portfolio,2026-07-29T12:00:00+00:00,0.0,A
Taylor Reed · Demo 367,,homeowner367@example.com,202-555-0100,HomeGuard Demo Agency,2026-09-15,Individual,,466 Example Lane,Sample City,GA,01366,Sample County,Owner-occupied,Yes,Detached single family,1,1967,3500,3,Frame,Slab,No,,No,7,No,No,,,8,Architectural shingle,Mixed,Good,2018.0,1,No,DEMO-ONLY/367/roof_verification,Copper,Circuit breakers,,200,PEX / PVC / CPVC,,10,Garage,Central electric,,No,No,No,,No,Yes,Yes,None,None,No,No,No,0.2,550,,No,No,No,No,No,No,,28,13,X,,No,No,No,,HO-3,606544,578000,57800,346800,115600,500000,5000,5000,2,No,No,No,No,In force,No,Example Mutual (synthetic),,0,No,,0,0,0,0,,Verified,Verified,Verified,Verified,Verified,DEMO-ONLY/367/property_verification,DEMO-ONLY/367/claims_verification,DEMO-ONLY/367/hazard_verification,DEMO-ONLY/367/replacement_cost_verification,Synthetic evidence scenario,2026-09-15,,No,Yes,Yes,Yes,,DEMO-2026-00367,2,Demo portfolio,2026-07-28T12:00:00+00:00,0.0,A
Morgan Reed · Demo 368,,homeowner368@example.com,202-555-0100,HomeGuard Demo Agency,2026-09-15,LLC / other entity,,467 Example Lane,Sample City,HI,01367,Sample County,Owner-occupied,Yes,Detached single family,1,2014,1050,3,Masonry veneer,Basement,No,,No,4,No,No,,,5,Metal,Hip,Good,2021.0,1,No,DEMO-ONLY/368/roof_verification,Copper,Circuit breakers,,200,Copper,,1,Garage,Central electric,,No,No,No,,No,Yes,Yes,None,None,No,No,No,4.4,200,,No,No,No,No,No,No,,46,41,X,,No,No,No,,HO-3,958387,894000,89400,536400,178800,300000,5000,1000,2,No,No,No,No,In force,No,Example Mutual (synthetic),,0,No,,0,0,0,0,,Verified,Verified,Verified,Verified,Verified,DEMO-ONLY/368/property_verification,DEMO-ONLY/368/claims_verification,DEMO-ONLY/368/hazard_verification,DEMO-ONLY/368/replacement_cost_verification,Synthetic evidence scenario,2026-09-15,,No,Yes,Yes,Yes,,DEMO-2026-00368,2,Demo portfolio,2026-07-23T12:00:00+00:00,0.0,B
Sam Hayes · Demo 369,,homeowner369@example.com,202-555-0100,HomeGuard Demo Agency,2026-09-15,Individual,,468 Example Lane,Sample City,ID,01368,Sample County,Owner-occupied,Yes,Detached single family,1,1993,4300,3,Masonry veneer,Basement,No,,No,16,No,No,,,17,Metal,Gable,Fair,2009.0,1,No,DEMO-ONLY/369/roof_verification,Copper,Circuit breakers,,200,Copper,,5,Garage,Central gas,,No,No,No,,No,Yes,Yes,None,None,No,No,No,4.8,800,,No,No,No,No,No,No,,33,22,X,,No,No,No,,HO-5,624214,737000,73700,442200,147400,100000,5000,5000,2,No,No,No,No,In force,No,Example Mutual (synthetic),,0,No,,1,0,109986,0,"Synthetic loss-run example: 1 claim(s), 0 open; total paid $109,986. Not a real claims report.",Verified,Verified,Verified,Verified,Verified,DEMO-ONLY/369/property_verification,DEMO-ONLY/369/claims_verification,DEMO-ONLY/369/hazard_verification,DEMO-ONLY/369/replacement_cost_verification,Synthetic evidence scenario,2026-09-15,,No,Yes,Yes,Yes,,DEMO-2026-00369,2,Demo portfolio,2026-09-15T12:00:00+00:00,0.1492347354138399,A
Sam Brooks · Demo 370,,homeowner370@example.com,202-555-0100,HomeGuard Demo Agency,2026-09-15,Individual,,469 Example Lane,Sample City,IL,01369,Sample County,Owner-occupied,Yes,Detached single family,1,1976,3250,2,Masonry veneer,Crawl space,No,,No,17,No,No,,,8,Architectural shingle,Mixed,Good,2018.0,1,No,DEMO-ONLY/370/roof_verification,Copper,Circuit breakers,,200,Copper,,10,Garage,Central gas,,No,No,No,,No,Yes,Yes,None,None,No,No,No,0.8,800,,No,No,No,No,No,No,,97,14,X,,No,No,No,,HO-3,943326,1085000,108500,651000,217000,100000,5000,2500,2,No,No,No,No,In force,No,Example Mutual (synthetic),,0,No,,0,0,0,0,,Verified,Verified,Verified,Verified,Verified,DEMO-ONLY/370/property_verification,DEMO-ONLY/370/claims_verification,DEMO-ONLY/370/hazard_verification,DEMO-ONLY/370/replacement_cost_verification,Synthetic evidence scenario,2026-09-15,,No,Yes,Yes,Yes,,DEMO-2026-00370,2,Demo portfolio,2026-08-05T12:00:00+00:00,0.0,F
Casey Parker · Demo 371,,homeowner371@example.com,202-555-0100,HomeGuard Demo Agency,2026-09-15,Individual,,470 Example Lane,Sample City,IN,01370,Sample County,Owner-occupied,Yes,Detached single family,1,2006,4050,3,Solid masonry,Slab,No,,No,14,No,No,,,17,Metal,Mixed,Good,2009.0,1,No,DEMO-ONLY/371/roof_verification,Copper,Circuit breakers,,200,Copper,,1,Garage,Central electric,,No,No,No,,No,Yes,Yes,None,None,No,No,No,2.3,800,,No,No,No,No,No,No,,1,11,X,,No,No,No,,HO-5,283897,323000,32300,193800,64600,500000,5000,1000,2,No,No,No,No,In force,No,Example Mutual (synthetic),,0,No,,0,0,0,0,,Verified,Verified,Verified,Not checked,Verified,DEMO-ONLY/371/property_verification,DEMO-ONLY/371/claims_verification,,DEMO-ONLY/371/replacement_cost_verification,Synthetic evidence scenario,2026-09-15,,No,Yes,Yes,Yes,,DEMO-2026-00371,2,Demo portfolio,2026-09-02T12:00:00+00:00,0.0,B
Taylor Hayes · Demo 372,,homeowner372@example.com,202-555-0100,HomeGuard Demo Agency,2026-09-15,Individual,,471 Example Lane,Sample City,IA,01371,Sample County,Owner-occupied,Yes,Detached single family,1,1993,4350,2,Masonry veneer,Crawl space,No,,No,6,No,No,,,12,Architectural shingle,Gable,Fair,2014.0,1,No,DEMO-ONLY/372/roof_verification,Copper,Circuit breakers,,200,Copper,,13,Garage,Central electric,,No,No,No,,No,Yes,Yes,None,None,No,No,No,0.2,900,,Yes,Yes,No,No,No,No,,31,31,X,,No,No,No,,HO-3,1040317,977000,97700,586200,195400,100000,5000,2500,2,No,No,No,No,In force,No,Example Mutual (synthetic),,0,No,,0,0,0,0,,Verified,Verified,Verified,Verified,Verified,DEMO-ONLY/372/property_verification,DEMO-ONLY/372/claims_verification,DEMO-ONLY/372/hazard_verification,DEMO-ONLY/372/replacement_cost_verification,Synthetic evidence scenario,2026-09-15,,No,Yes,Yes,Yes,,DEMO-2026-00372,2,Demo portfolio,2026-08-17T12:00:00+00:00,0.0,A
Morgan Ellis · Demo 373,,homeowner373@example.com,202-555-0100,HomeGuard Demo Agency,2026-09-15,Individual,,472 Example Lane,Sample City,KS,01372,Sample County,Owner-occupied,Yes,Detached single family,1,1955,4300,1,Frame,Crawl space,No,,No,7,No,No,,,14,Slate,Hip,Good,2012.0,1,No,DEMO-ONLY/373/roof_verification,Copper,Circuit breakers,,200,Copper,,11,Garage,Central gas,,No,No,No,,No,Yes,Yes,None,None,No,No,No,1.6,800,,No,No,No,No,No,No,,15,7,X,,No,No,No,,HO-3,283076,276000,27600,165600,55200,300000,5000,5000,2,No,No,No,No,In force,No,Example Mutual (synthetic),,0,No,,1,0,28043,0,"Synthetic loss-run example: 1 claim(s), 0 open; total paid $28,043. Not a real claims report.",Verified,Verified,Verified,Verified,Verified,DEMO-ONLY/373/property_verification,DEMO-ONLY/373/claims_verification,DEMO-ONLY/373/hazard_verification,DEMO-ONLY/373/replacement_cost_verification,Synthetic evidence scenario,2026-09-15,,No,Yes,Yes,Yes,,DEMO-2026-00373,2,Demo portfolio,2026-09-12T12:00:00+00:00,0.10160507246376811,A
Alex Parker · Demo 374,,homeowner374@example.com,202-555-0100,HomeGuard Demo Agency,2026-09-15,Individual,,473 Example Lane,Sample City,KY,01373,Sample County,Owner-occupied,Yes,Detached single family,1,1972,3050,2,Frame,Basement,No,,No,5,No,No,,,11,Tile,Gable,Good,2015.0,1,No,DEMO-ONLY/374/roof_verification,Copper,Circuit breakers,,200,PEX / PVC / CPVC,,7,Garage,Central electric,,No,No,No,,No,Yes,Yes,None,None,No,No,No,4.1,850,,No,No,No,No,No,No,,15,16,X,,No,No,No,,HO-3,1035799,989000,98900,593400,197800,100000,5000,1000,2,No,No,No,No,In force,No,Example Mutual (synthetic),,0,No,,0,0,0,0,,Verified,Verified,Verified,Verified,Verified,DEMO-ONLY/374/property_verification,DEMO-ONLY/374/claims_verification,DEMO-ONLY/374/hazard_verification,DEMO-ONLY/374/replacement_cost_verification,Synthetic evidence scenario,2026-09-15,,No,Yes,Yes,Yes,,DEMO-2026-00374,2,Demo portfolio,2026-08-27T12:00:00+00:00,0.0,A
Sam Reed · Demo 375,,homeowner375@example.com,202-555-0100,HomeGuard Demo Agency,2026-09-15,Individual,,474 Example Lane,Sample City,LA,01374,Sample County,Owner-occupied,Yes,Detached single family,1,1964,5000,1,Solid masonry,Slab,No,,No,8,No,No,,,2,Metal,Gable,Good,2024.0,1,No,DEMO-ONLY/375/roof_verification,Copper,Circuit breakers,,200,PEX / PVC / CPVC,,13,Garage,Heat pump,,No,No,No,,No,Yes,Yes,None,None,No,No,No,3.9,800,,No,No,No,No,No,No,,17,20,X,,No,No,No,,HO-5,1399287,1341000,134100,804600,268200,500000,5000,1000,2,No,No,No,No,In force,No,Example Mutual (synthetic),,0,No,,1,0,825614,0,"Synthetic loss-run example: 1 claim(s), 0 open; total paid $825,614. Not a real claims report.",Verified,Verified,Verified,Verified,Verified,DEMO-ONLY/375/property_verification,DEMO-ONLY/375/claims_verification,DEMO-ONLY/375/hazard_verification,DEMO-ONLY/375/replacement_cost_verification,Synthetic evidence scenario,2026-09-15,,No,Yes,Yes,Yes,,DEMO-2026-00375,2,Demo portfolio,2026-08-29T12:00:00+00:00,0.6156703952274422,B
Taylor Reed · Demo 376,,homeowner376@example.com,202-555-0100,HomeGuard Demo Agency,2026-09-15,Individual,,475 Example Lane,Sample City,ME,01375,Sample County,Owner-occupied,Yes,Detached single family,1,1955,2900,1,Frame,Basement,No,,No,5,No,No,,,12,Metal,Hip,Fair,2014.0,1,No,DEMO-ONLY/376/roof_verification,Copper,Circuit breakers,,200,PEX / PVC / CPVC,,4,Garage,Heat pump,,No,No,No,,No,Yes,Yes,None,None,No,No,No,3.0,200,,No,No,No,No,No,No,,18,7,X,,No,No,No,,HO-5,267315,302000,30200,181200,60400,500000,5000,5000,2,No,No,No,No,In force,No,Example Mutual (synthetic),,0,No,,0,0,0,0,,Verified,Verified,Verified,Verified,Verified,DEMO-ONLY/376/property_verification,DEMO-ONLY/376/claims_verification,DEMO-ONLY/376/hazard_verification,DEMO-ONLY/376/replacement_cost_verification,Synthetic evidence scenario,2026-09-15,,No,Yes,Yes,Yes,,DEMO-2026-00376,2,Demo portfolio,2026-07-29T12:00:00+00:00,0.0,A
Alex Parker · Demo 377,,homeowner377@example.com,202-555-0100,HomeGuard Demo Agency,2026-09-15,Individual,,476 Example Lane,Sample City,MD,01376,Sample County,Owner-occupied,Yes,Detached single family,1,2019,3200,3,Masonry veneer,Basement,No,,No,14,No,No,,,1,Tile,Gable,Good,2025.0,1,No,DEMO-ONLY/377/roof_verification,Copper,Circuit breakers,,200,PEX / PVC / CPVC,,14,Garage,Central electric,,No,No,No,,No,Yes,Yes,None,None,No,No,No,1.8,900,,No,No,No,No,No,No,,18,19,X,,No,No,No,,HO-5,195254,210000,21000,126000,42000,300000,5000,2500,2,No,No,No,No,In force,No,Example Mutual (synthetic),,0,No,,1,0,26413,0,"Synthetic loss-run example: 1 claim(s), 0 open; total paid $26,413. Not a real claims report.",Verified,Verified,Verified,Verified,Verified,DEMO-ONLY/377/property_verification,DEMO-ONLY/377/claims_verification,DEMO-ONLY/377/hazard_verification,DEMO-ONLY/377/replacement_cost_verification,Synthetic evidence scenario,2026-09-15,,No,Yes,Yes,Yes,,DEMO-2026-00377,2,Demo portfolio,2026-07-28T12:00:00+00:00,0.12577619047619049,A
Casey Hayes · Demo 378,,homeowner378@example.com,202-555-0100,HomeGuard Demo Agency,2026-09-15,Individual,,477 Example Lane,Sample City,MA,01377,Sample County,Owner-occupied,Yes,Detached single family,1,1955,1150,2,Masonry veneer,Crawl space,No,,No,17,No,No,,,12,Architectural shingle,Hip,Fair,2014.0,1,No,DEMO-ONLY/378/roof_verification,Copper,Circuit breakers,,200,PEX / PVC / CPVC,,14,Garage,Heat pump,,No,No,No,,No,Yes,Yes,None,None,No,No,No,3.9,500,,No,No,No,No,No,No,,19,26,X,,No,No,No,,HO-5,1148524,1014000,101400,608400,202800,500000,5000,2500,2,No,No,No,No,In force,No,Example Mutual (synthetic),,0,No,,0,0,0,0,,Verified,Verified,Verified,Verified,Verified,DEMO-ONLY/378/property_verification,DEMO-ONLY/378/claims_verification,DEMO-ONLY/378/hazard_verification,DEMO-ONLY/378/replacement_cost_verification,Synthetic evidence scenario,2026-09-15,,No,Yes,Yes,Yes,,DEMO-2026-00378,2,Demo portfolio,2026-08-04T12:00:00+00:00,0.0,A
Sam Hayes · Demo 379,,homeowner379@example.com,202-555-0100,HomeGuard Demo Agency,2026-09-15,Individual,,478 Example Lane,Sample City,MI,01378,Sample County,Owner-occupied,Yes,Detached single family,1,1960,4750,2,Frame,Crawl space,No,,No,17,No,No,,,26,Metal,Mixed,Poor,,1,No,DEMO-ONLY/379/roof_verification,Copper,Circuit breakers,,200,PEX / PVC / CPVC,,11,Garage,Heat pump,,No,No,No,,No,Yes,Yes,None,None,No,No,No,0.7,100,,No,No,No,No,No,No,,43,5,X,,No,No,No,,HO-3,339339,360000,36000,216000,72000,100000,5000,1000,2,No,No,No,No,In force,No,Example Mutual (synthetic),,0,No,,0,0,0,0,,Verified,Verified,Verified,Verified,Verified,DEMO-ONLY/379/property_verification,DEMO-ONLY/379/claims_verification,DEMO-ONLY/379/hazard_verification,DEMO-ONLY/379/replacement_cost_verification,Synthetic evidence scenario,2026-09-15,,No,Yes,Yes,Yes,,DEMO-2026-00379,2,Demo portfolio,2026-08-25T12:00:00+00:00,0.0,F
Sam Ellis · Demo 380,,homeowner380@example.com,202-555-0100,HomeGuard Demo Agency,2026-09-15,Individual,,479 Example Lane,Sample City,MN,01379,Sample County,Owner-occupied,Yes,Detached single family,1,1958,3750,2,Masonry veneer,Slab,No,,No,19,No,No,,,11,Architectural shingle,Hip,Fair,2015.0,1,No,DEMO-ONLY/380/roof_verification,Copper,Circuit breakers,,200,Copper,,10,Garage,Central electric,,No,No,No,,No,Yes,Yes,None,None,No,No,No,1.7,900,,No,No,No,No,No,No,,42,42,X,,No,No,No,,HO-5,492212,838000,83800,502800,167600,100000,5000,1000,2,No,No,No,No,In force,No,Example Mutual (synthetic),,0,No,,0,0,0,0,,Verified,Verified,Verified,Verified,Verified,DEMO-ONLY/380/property_verification,DEMO-ONLY/380/claims_verification,DEMO-ONLY/380/hazard_verification,DEMO-ONLY/380/replacement_cost_verification,Synthetic evidence scenario,2026-09-15,,No,Yes,Yes,Yes,,DEMO-2026-00380,2,Demo portfolio,2026-07-21T12:00:00+00:00,0.0,B
Taylor Hayes · Demo 381,,homeowner381@example.com,202-555-0100,HomeGuard Demo Agency,2026-09-15,Individual,,480 Example Lane,Sample City,MS,01380,Sample County,Owner-occupied,Yes,Detached single family,1,2021,4550,1,Solid masonry,Crawl space,No,,No,20,No,No,,,4,Architectural shingle,Mixed,Good,2022.0,1,No,DEMO-ONLY/381/roof_verification,Copper,Circuit breakers,,200,Copper,,5,Garage,Central electric,,No,No,No,,No,Yes,Yes,None,None,No,No,No,2.1,450,,No,No,No,No,No,No,,40,8,X,,No,No,No,,HO-3,353085,344000,34400,206400,68800,100000,5000,2500,2,No,No,No,No,In force,No,Example Mutual (synthetic),,0,No,,1,0,58486,0,"Synthetic loss-run example: 1 claim(s), 0 open; total paid $58,486. Not a real claims report.",Verified,Verified,Verified,Not checked,Verified,DEMO-ONLY/381/property_verification,DEMO-ONLY/381/claims_verification,,DEMO-ONLY/381/replacement_cost_verification,Synthetic evidence scenario,2026-09-15,,No,Yes,Yes,Yes,,DEMO-2026-00381,2,Demo portfolio,2026-08-23T12:00:00+00:00,0.1700174418604651,B
Morgan Parker · Demo 382,,homeowner382@example.com,202-555-0100,HomeGuard Demo Agency,2026-09-15,Individual,,481 Example Lane,Sample City,MO,01381,Sample County,Owner-occupied,Yes,Detached single family,1,1992,2300,2,Masonry veneer,Basement,No,,No,15,No,No,,,3,Slate,Mixed,Good,2023.0,1,No,DEMO-ONLY/382/roof_verification,Copper,Circuit breakers,,200,Copper,,5,Garage,Heat pump,,No,No,No,,No,Yes,Yes,None,None,No,No,No,3.0,950,,No,No,No,No,No,No,,31,48,X,,No,No,No,,HO-3,1178706,1278000,127800,766800,255600,300000,5000,5000,2,No,No,No,No,In force,No,Example Mutual (synthetic),,0,No,,0,0,0,0,,Verified,Verified,Verified,Verified,Verified,DEMO-ONLY/382/property_verification,DEMO-ONLY/382/claims_verification,DEMO-ONLY/382/hazard_verification,DEMO-ONLY/382/replacement_cost_verification,Synthetic evidence scenario,2026-09-15,,No,Yes,Yes,Yes,,DEMO-2026-00382,2,Demo portfolio,2026-07-27T12:00:00+00:00,0.0,A
Morgan Lane · Demo 383,,homeowner383@example.com,202-555-0100,HomeGuard Demo Agency,2026-09-15,Individual,,482 Example Lane,Sample City,MT,01382,Sample County,Owner-occupied,Yes,Detached single family,1,1972,4550,2,Masonry veneer,Slab,No,,No,6,No,No,,,14,Slate,Mixed,Fair,2012.0,1,No,DEMO-ONLY/383/roof_verification,Copper,Circuit breakers,,200,Copper,,12,Garage,Central gas,,No,No,No,,No,Yes,Yes,None,None,No,No,No,4.5,250,,No,No,No,No,No,No,,22,21,X,,No,No,No,,HO-5,470014,441000,44100,264600,88200,300000,5000,1000,2,No,No,No,No,In force,No,Example Mutual (synthetic),,0,No,,1,0,10000,1,"Synthetic loss-run example: 1 claim(s), 1 open; total paid $10,000. Not a real claims report.",Verified,Verified,Verified,Verified,Verified,DEMO-ONLY/383/property_verification,DEMO-ONLY/383/claims_verification,DEMO-ONLY/383/hazard_verification,DEMO-ONLY/383/replacement_cost_verification,Synthetic evidence scenario,2026-09-15,,No,Yes,Yes,Yes,,DEMO-2026-00383,2,Demo portfolio,2026-08-02T12:00:00+00:00,0.022675736961451247,F
Sam Parker · Demo 384,,homeowner384@example.com,202-555-0100,HomeGuard Demo Agency,2026-09-15,Individual,,483 Example Lane,Sample City,NE,01383,Sample County,Owner-occupied,Yes,Detached single family,1,1961,3900,1,Frame,Slab,No,,No,2,No,No,,,2,Metal,Mixed,Fair,2024.0,1,No,DEMO-ONLY/384/roof_verification,Copper,Circuit breakers,,200,Copper,,11,Garage,Heat pump,,No,No,No,,No,Yes,Yes,None,None,No,No,No,2.5,900,,No,No,No,No,No,No,,18,42,X,,No,No,No,,HO-3,1234503,1220000,122000,732000,244000,500000,5000,2500,2,No,No,No,No,In force,No,Example Mutual (synthetic),,0,No,,0,0,0,0,,Verified,Verified,Verified,Verified,Verified,DEMO-ONLY/384/property_verification,DEMO-ONLY/384/claims_verification,DEMO-ONLY/384/hazard_verification,DEMO-ONLY/384/replacement_cost_verification,Synthetic evidence scenario,2026-09-15,,No,Yes,Yes,Yes,,DEMO-2026-00384,2,Demo portfolio,2026-08-24T12:00:00+00:00,0.0,A
Morgan Parker · Demo 385,,homeowner385@example.com,202-555-0100,HomeGuard Demo Agency,2026-09-15,Individual,,484 Example Lane,Sample City,NV,01384,Sample County,Owner-occupied,Yes,Detached single family,1,1951,3650,1,Masonry veneer,Slab,No,,No,2,No,No,,,8,Metal,Gable,Fair,2018.0,1,No,DEMO-ONLY/385/roof_verification,Copper,Circuit breakers,,200,PEX / PVC / CPVC,,8,Garage,Heat pump,,No,No,No,,No,Yes,Yes,None,None,No,No,No,3.2,100,,No,No,No,No,No,No,,5,9,X,,No,No,No,,HO-5,1325252,1215000,121500,729000,243000,300000,5000,1000,2,No,No,No,No,In force,No,Example Mutual (synthetic),,0,No,,1,0,53501,0,"Synthetic loss-run example: 1 claim(s), 0 open; total paid $53,501. Not a real claims report.",Verified,Verified,Verified,Verified,Verified,DEMO-ONLY/385/property_verification,DEMO-ONLY/385/claims_verification,DEMO-ONLY/385/hazard_verification,DEMO-ONLY/385/replacement_cost_verification,Synthetic evidence scenario,2026-09-15,,No,Yes,Yes,Yes,,DEMO-2026-00385,2,Demo portfolio,2026-07-24T12:00:00+00:00,0.04403374485596708,A
Jordan Lane · Demo 386,,homeowner386@example.com,202-555-0100,HomeGuard Demo Agency,2026-09-15,Individual,,485 Example Lane,Sample City,NH,01385,Sample County,Owner-occupied,Yes,Detached single family,1,1995,1800,1,Frame,Slab,No,,No,12,No,No,,,5,Architectural shingle,Gable,Fair,2021.0,1,No,DEMO-ONLY/386/roof_verification,Copper,Circuit breakers,,200,Copper,,3,Garage,Heat pump,,No,No,No,,No,Yes,Yes,None,None,No,No,No,2.1,500,,Yes,Yes,No,No,No,No,,36,27,X,,No,No,No,,HO-5,744095,819000,81900,491400,163800,300000,5000,5000,2,No,No,No,No,In force,No,Example Mutual (synthetic),,0,No,,0,0,0,0,,Verified,Verified,Verified,Verified,Verified,DEMO-ONLY/386/property_verification,DEMO-ONLY/386/claims_verification,DEMO-ONLY/386/hazard_verification,DEMO-ONLY/386/replacement_cost_verification,Synthetic evidence scenario,2026-09-15,,No,Yes,Yes,Yes,,DEMO-2026-00386,2,Demo portfolio,2026-08-07T12:00:00+00:00,0.0,A
Casey Reed · Demo 387,,homeowner387@example.com,202-555-0100,HomeGuard Demo Agency,2026-09-15,Individual,,486 Example Lane,Sample City,NJ,01386,Sample County,Owner-occupied,Yes,Detached single family,1,1958,1600,3,Masonry veneer,Basement,No,,No,4,No,No,,,5,Architectural shingle,Hip,Good,2021.0,1,No,DEMO-ONLY/387/roof_verification,Copper,Circuit breakers,,200,Copper,,5,Garage,Central electric,,No,No,No,,No,Yes,Yes,None,None,No,No,No,3.9,300,,No,No,No,No,No,No,,31,27,X,,No,No,No,,HO-5,710982,804000,80400,482400,160800,300000,5000,2500,2,No,No,No,No,In force,No,Example Mutual (synthetic),,0,No,,0,0,0,0,,Verified,Verified,Verified,Verified,Verified,DEMO-ONLY/387/property_verification,DEMO-ONLY/387/claims_verification,DEMO-ONLY/387/hazard_verification,DEMO-ONLY/387/replacement_cost_verification,Synthetic evidence scenario,2026-09-15,,No,Yes,Yes,Yes,,DEMO-2026-00387,2,Demo portfolio,2026-09-01T12:00:00+00:00,0.0,A
Alex Brooks · Demo 388,,homeowner388@example.com,202-555-0100,HomeGuard Demo Agency,2026-09-15,Individual,,487 Example Lane,Sample City,NM,01387,Sample County,Owner-occupied,Yes,Detached single family,1,1994,2750,3,Masonry veneer,Crawl space,No,,No,2,No,No,,,18,Slate,Mixed,Good,2008.0,1,Yes,DEMO-ONLY/388/roof_verification,Copper,Circuit breakers,,200,Copper,,13,Garage,Heat pump,,No,No,No,,No,Yes,Yes,None,None,No,No,No,4.9,600,,No,No,No,No,No,No,,16,40,X,,No,No,No,,HO-5,1185943,1378000,137800,826800,275600,500000,5000,1000,2,No,No,No,No,In force,No,Example Mutual (synthetic),,0,No,,0,0,0,0,,Verified,Verified,Verified,Verified,Verified,DEMO-ONLY/388/property_verification,DEMO-ONLY/388/claims_verification,DEMO-ONLY/388/hazard_verification,DEMO-ONLY/388/replacement_cost_verification,Synthetic evidence scenario,2026-09-15,,No,Yes,Yes,Yes,,DEMO-2026-00388,2,Demo portfolio,2026-09-07T12:00:00+00:00,0.0,B
Morgan Ellis · Demo 389,,homeowner389@example.com,202-555-0100,HomeGuard Demo Agency,2026-09-15,Individual,,488 Example Lane,Sample City,NY,01388,Sample County,Owner-occupied,Yes,Detached single family,1,1998,2150,3,Masonry veneer,Crawl space,No,,No,17,No,No,,,18,Metal,Hip,Good,2008.0,1,No,DEMO-ONLY/389/roof_verification,Copper,Circuit breakers,,200,PEX / PVC / CPVC,,1,Garage,Central electric,,No,No,No,,No,Yes,Yes,None,None,No,No,No,3.2,850,,No,No,No,No,No,No,,15,42,X,,No,No,No,,HO-3,1305617,1449000,144900,869400,289800,300000,5000,5000,2,No,No,No,No,In force,No,Example Mutual (synthetic),,0,No,,1,0,286562,0,"Synthetic loss-run example: 1 claim(s), 0 open; total paid $286,562. Not a real claims report.",Verified,Verified,Verified,Verified,Verified,DEMO-ONLY/389/property_verification,DEMO-ONLY/389/claims_verification,DEMO-ONLY/389/hazard_verification,DEMO-ONLY/389/replacement_cost_verification,Synthetic evidence scenario,2026-09-15,,No,Yes,Yes,Yes,,DEMO-2026-00389,2,Demo portfolio,2026-07-25T12:00:00+00:00,0.19776535541752932,A
Morgan Ellis · Demo 390,,homeowner390@example.com,202-555-0100,HomeGuard Demo Agency,2026-09-15,Individual,,489 Example Lane,Sample City,NC,01389,Sample County,Owner-occupied,Yes,Detached single family,1,1983,2150,1,Masonry veneer,Basement,No,,No,7,No,Yes,,,8,Slate,Hip,Good,2018.0,1,No,DEMO-ONLY/390/roof_verification,Copper,Circuit breakers,,200,PEX / PVC / CPVC,,10,Garage,Heat pump,,No,No,No,,No,Yes,Yes,None,None,No,No,No,0.6,100,,No,No,No,No,No,No,,25,6,X,,No,No,No,,HO-5,597457,617000,61700,370200,123400,300000,5000,1000,2,No,No,No,No,In force,No,Example Mutual (synthetic),,0,No,,0,0,0,0,,Verified,Verified,Verified,Verified,Verified,DEMO-ONLY/390/property_verification,DEMO-ONLY/390/claims_verification,DEMO-ONLY/390/hazard_verification,DEMO-ONLY/390/replacement_cost_verification,Synthetic evidence scenario,2026-09-15,,No,Yes,Yes,Yes,,DEMO-2026-00390,2,Demo portfolio,2026-08-21T12:00:00+00:00,0.0,B
Casey Reed · Demo 391,,homeowner391@example.com,202-555-0100,HomeGuard Demo Agency,2026-09-15,Individual,,490 Example Lane,Sample City,ND,01390,Sample County,Owner-occupied,Yes,Detached single family,1,1959,2200,1,Masonry veneer,Basement,No,,No,7,No,No,,,2,Slate,Hip,Fair,2024.0,1,No,DEMO-ONLY/391/roof_verification,Copper,Circuit breakers,,200,PEX / PVC / CPVC,,10,Garage,Heat pump,,No,No,No,,No,Yes,Yes,None,None,No,No,No,1.3,750,,No,No,No,No,No,No,,37,39,X,,No,No,No,,HO-3,823597,802000,80200,481200,160400,500000,5000,1000,2,No,No,No,No,In force,No,Example Mutual (synthetic),,0,No,,0,0,0,0,,Verified,Verified,Verified,Not checked,Verified,DEMO-ONLY/391/property_verification,DEMO-ONLY/391/claims_verification,,DEMO-ONLY/391/replacement_cost_verification,Synthetic evidence scenario,2026-09-15,,No,Yes,Yes,Yes,,DEMO-2026-00391,2,Demo portfolio,2026-08-19T12:00:00+00:00,0.0,B
Morgan Parker · Demo 392,,homeowner392@example.com,202-555-0100,HomeGuard Demo Agency,2026-09-15,Individual,,491 Example Lane,Sample City,OH,01391,Sample County,Owner-occupied,Yes,Detached single family,1,1993,4800,3,Solid masonry,Crawl space,No,,No,12,No,No,,,17,Architectural shingle,Mixed,Fair,2009.0,1,No,DEMO-ONLY/392/roof_verification,Copper,Circuit breakers,,200,PEX / PVC / CPVC,,14,Garage,Heat pump,,No,No,No,,No,Yes,Yes,None,None,No,No,No,4.0,150,,No,No,No,No,No,Yes,,28,11,X,,No,No,No,,HO-3,307798,270000,27000,162000,54000,500000,5000,5000,2,No,No,No,No,In force,No,Example Mutual (synthetic),,0,No,,0,0,0,0,,Verified,Verified,Verified,Verified,Verified,DEMO-ONLY/392/property_verification,DEMO-ONLY/392/claims_verification,DEMO-ONLY/392/hazard_verification,DEMO-ONLY/392/replacement_cost_verification,Synthetic evidence scenario,2026-09-15,,No,Yes,Yes,Yes,,DEMO-2026-00392,2,Demo portfolio,2026-09-15T12:00:00+00:00,0.0,B
Sam Ellis · Demo 393,,homeowner393@example.com,202-555-0100,HomeGuard Demo Agency,2026-09-15,Individual,,492 Example Lane,Sample City,OK,01392,Sample County,Owner-occupied,Yes,Detached single family,1,1964,3450,3,Solid masonry,Crawl space,No,,No,10,No,No,,,6,Slate,Gable,Fair,2020.0,1,No,DEMO-ONLY/393/roof_verification,Copper,Circuit breakers,,200,PEX / PVC / CPVC,,3,Garage,Central gas,,No,No,No,,No,Yes,Yes,None,None,No,No,No,1.5,950,,No,No,No,No,No,No,,6,4,X,,No,No,Yes,,HO-5,1343110,1267000,126700,760200,253400,100000,5000,1000,2,No,No,No,No,In force,No,Example Mutual (synthetic),,0,No,,0,0,0,0,,Verified,Verified,Verified,Verified,Verified,DEMO-ONLY/393/property_verification,DEMO-ONLY/393/claims_verification,DEMO-ONLY/393/hazard_verification,DEMO-ONLY/393/replacement_cost_verification,Synthetic evidence scenario,2026-09-15,,No,Yes,Yes,Yes,,DEMO-2026-00393,2,Demo portfolio,2026-08-05T12:00:00+00:00,0.0,B
Sam Lane · Demo 394,,homeowner394@example.com,202-555-0100,HomeGuard Demo Agency,2026-09-15,Individual,,493 Example Lane,Sample City,OR,01393,Sample County,Owner-occupied,Yes,Detached single family,1,1951,4450,1,Solid masonry,Crawl space,No,,No,17,No,No,,,1,Tile,Gable,Fair,2025.0,1,No,DEMO-ONLY/394/roof_verification,Copper,Circuit breakers,,200,Copper,,10,Garage,Central gas,,No,No,No,,No,Yes,Yes,None,None,No,No,No,4.4,850,,No,No,No,No,No,No,,19,18,X,,No,No,No,,HO-5,290676,278000,27800,166800,55600,500000,5000,5000,2,No,No,No,No,In force,No,Example Mutual (synthetic),,0,No,,0,0,0,0,,Verified,Verified,Verified,Verified,Verified,DEMO-ONLY/394/property_verification,DEMO-ONLY/394/claims_verification,DEMO-ONLY/394/hazard_verification,DEMO-ONLY/394/replacement_cost_verification,Synthetic evidence scenario,2026-09-15,,No,Yes,Yes,Yes,,DEMO-2026-00394,2,Demo portfolio,2026-08-27T12:00:00+00:00,0.0,A
Morgan Hayes · Demo 395,,homeowner395@example.com,202-555-0100,HomeGuard Demo Agency,2026-09-15,Individual,,494 Example Lane,Sample City,PA,01394,Sample County,Owner-occupied,Yes,Detached single family,1,2011,4450,1,Frame,Basement,No,,No,20,No,No,,,5,Architectural shingle,Gable,Fair,2021.0,1,No,DEMO-ONLY/395/roof_verification,Copper,Fuses,,200,PEX / PVC / CPVC,,11,Garage,Heat pump,,No,No,No,,No,Yes,Yes,None,None,No,No,No,2.3,750,,No,No,No,No,No,No,,41,23,X,,No,No,No,,HO-5,1106061,1073000,107300,643800,214600,300000,5000,5000,2,No,No,No,No,In force,No,Example Mutual (synthetic),,0,No,,0,0,0,0,,Verified,Verified,Verified,Verified,Verified,DEMO-ONLY/395/property_verification,DEMO-ONLY/395/claims_verification,DEMO-ONLY/395/hazard_verification,DEMO-ONLY/395/replacement_cost_verification,Synthetic evidence scenario,2026-09-15,,No,Yes,Yes,Yes,,DEMO-2026-00395,2,Demo portfolio,2026-09-09T12:00:00+00:00,0.0,B
Sam Lane · Demo 396,,homeowner396@example.com,202-555-0100,HomeGuard Demo Agency,2026-09-15,Individual,,495 Example Lane,Sample City,RI,01395,Sample County,Owner-occupied,Yes,Detached single family,1,1998,4800,2,Solid masonry,Basement,No,,No,20,No,No,,,16,Architectural shingle,Hip,Good,2010.0,1,No,DEMO-ONLY/396/roof_verification,Copper,Circuit breakers,,200,PEX / PVC / CPVC,,7,Garage,Central gas,,No,No,No,,No,Yes,Yes,None,None,No,No,No,1.5,850,,No,No,No,No,No,No,,29,31,X,,No,No,No,,HO-3,909189,838000,83800,502800,167600,100000,5000,2500,2,No,No,No,No,In force,No,Example Mutual (synthetic),,0,No,,0,0,0,0,,Verified,Verified,Verified,Verified,Verified,DEMO-ONLY/396/property_verification,DEMO-ONLY/396/claims_verification,DEMO-ONLY/396/hazard_verification,DEMO-ONLY/396/replacement_cost_verification,Synthetic evidence scenario,2026-09-15,,No,Yes,Yes,Yes,,DEMO-2026-00396,2,Demo portfolio,2026-07-18T12:00:00+00:00,0.0,A
Sam Ellis · Demo 397,,homeowner397@example.com,202-555-0100,HomeGuard Demo Agency,2026-09-15,Individual,,496 Example Lane,Sample City,SC,01396,Sample County,Owner-occupied,Yes,Detached single family,1,1954,2650,1,Masonry veneer,Slab,No,,No,19,No,No,,,10,Metal,Mixed,Fair,2016.0,1,No,DEMO-ONLY/397/roof_verification,Copper,Circuit breakers,,200,PEX / PVC / CPVC,,5,Garage,Heat pump,,No,No,No,,No,Yes,Yes,None,None,No,No,No,1.6,550,,No,No,No,No,No,No,,27,13,X,,No,No,No,,HO-3,400499,414000,41400,248400,82800,100000,5000,5000,2,No,No,No,No,In force,No,Example Mutual (synthetic),,0,No,,1,0,47185,0,"Synthetic loss-run example: 1 claim(s), 0 open; total paid $47,185. Not a real claims report.",Verified,Verified,Verified,Verified,Verified,DEMO-ONLY/397/property_verification,DEMO-ONLY/397/claims_verification,DEMO-ONLY/397/hazard_verification,DEMO-ONLY/397/replacement_cost_verification,Synthetic evidence scenario,2026-09-15,,No,Yes,Yes,Yes,,DEMO-2026-00397,2,Demo portfolio,2026-08-17T12:00:00+00:00,0.11397342995169082,A
Alex Hayes · Demo 398,,homeowner398@example.com,202-555-0100,HomeGuard Demo Agency,2026-09-15,Individual,,497 Example Lane,Sample City,SD,01397,Sample County,Owner-occupied,Yes,Condominium,1,1970,1150,3,Frame,Crawl space,No,,No,11,No,No,,,15,Tile,Gable,Good,2011.0,1,No,DEMO-ONLY/398/roof_verification,Copper,Circuit breakers,,200,PEX / PVC / CPVC,,7,Garage,Heat pump,,No,No,No,,No,Yes,Yes,None,None,No,No,No,4.4,600,,No,No,No,No,No,No,,24,19,X,,No,No,No,,HO-3,557096,636000,63600,381600,127200,500000,5000,2500,2,No,No,No,No,In force,No,Example Mutual (synthetic),,0,No,,0,0,0,0,,Verified,Verified,Verified,Verified,Verified,DEMO-ONLY/398/property_verification,DEMO-ONLY/398/claims_verification,DEMO-ONLY/398/hazard_verification,DEMO-ONLY/398/replacement_cost_verification,Synthetic evidence scenario,2026-09-15,,No,Yes,Yes,Yes,,DEMO-2026-00398,2,Demo portfolio,2026-07-18T12:00:00+00:00,0.0,B
Alex Parker · Demo 399,,homeowner399@example.com,202-555-0100,HomeGuard Demo Agency,2026-09-15,Individual,,498 Example Lane,Sample City,TN,01398,Sample County,Owner-occupied,Yes,Detached single family,1,1986,4350,3,Frame,Basement,No,,No,2,No,No,,,11,Metal,Mixed,Good,2015.0,1,No,DEMO-ONLY/399/roof_verification,Copper,Circuit breakers,,200,PEX / PVC / CPVC,,3,Garage,Central electric,,No,No,No,,No,Yes,Yes,None,None,No,No,No,3.8,250,,No,No,No,No,No,No,,39,13,X,,No,No,No,,HO-5,1560594,1439000,143900,863400,287800,300000,5000,1000,2,No,No,No,No,In force,No,Example Mutual (synthetic),,0,No,,0,0,0,0,,Verified,Verified,Verified,Verified,Verified,DEMO-ONLY/399/property_verification,DEMO-ONLY/399/claims_verification,DEMO-ONLY/399/hazard_verification,DEMO-ONLY/399/replacement_cost_verification,Synthetic evidence scenario,2026-09-15,,No,Yes,Yes,Yes,,DEMO-2026-00399,2,Demo portfolio,2026-07-21T12:00:00+00:00,0.0,A
Morgan Reed · Demo 400,,homeowner400@example.com,202-555-0100,HomeGuard Demo Agency,2026-09-15,Individual,,499 Example Lane,Sample City,TX,01399,Sample County,Owner-occupied,Yes,Detached single family,1,2004,2400,2,Frame,Slab,No,,No,77,No,No,,,17,Slate,Gable,Good,2009.0,1,No,DEMO-ONLY/400/roof_verification,Copper,Circuit breakers,,200,Copper,,12,Garage,Heat pump,,No,No,No,,No,Yes,Yes,None,None,No,No,No,1.1,750,,No,No,No,No,No,No,,33,5,X,,No,No,No,,HO-5,1376475,1226000,122600,735600,245200,300000,5000,1000,2,No,No,No,No,In force,No,Example Mutual (synthetic),,0,No,,0,0,0,0,,Verified,Verified,Verified,Verified,Verified,DEMO-ONLY/400/property_verification,DEMO-ONLY/400/claims_verification,DEMO-ONLY/400/hazard_verification,DEMO-ONLY/400/replacement_cost_verification,Synthetic evidence scenario,2026-09-15,,No,Yes,Yes,Yes,,DEMO-2026-00400,2,Demo portfolio,2026-09-01T12:00:00+00:00,0.0,B
Morgan Lane · Demo 401,,homeowner401@example.com,202-555-0100,HomeGuard Demo Agency,2026-09-15,Individual,,500 Example Lane,Sample City,UT,01400,Sample County,Owner-occupied,Yes,Detached single family,1,1986,4050,3,Solid masonry,Crawl space,No,,No,9,No,No,,,17,Architectural shingle,Gable,Fair,2009.0,1,No,DEMO-ONLY/401/roof_verification,Copper,Circuit breakers,,200,Copper,,3,Garage,Heat pump,,No,No,No,,No,Yes,Yes,None,None,No,No,No,3.2,700,,No,No,No,No,No,No,,17,6,X,,No,No,No,,HO-3,1258239,1111000,111100,666600,222200,300000,5000,5000,2,No,No,No,No,In force,No,Example Mutual (synthetic),,0,No,,1,0,23081,0,"Synthetic loss-run example: 1 claim(s), 0 open; total paid $23,081. Not a real claims report.",Verified,Verified,Verified,Not checked,Verified,DEMO-ONLY/401/property_verification,DEMO-ONLY/401/claims_verification,,DEMO-ONLY/401/replacement_cost_verification,Synthetic evidence scenario,2026-09-15,,No,Yes,Yes,Yes,,DEMO-2026-00401,2,Demo portfolio,2026-09-06T12:00:00+00:00,0.020774977497749775,B
Morgan Ellis · Demo 402,,homeowner402@example.com,202-555-0100,HomeGuard Demo Agency,2026-09-15,Individual,,501 Example Lane,Sample City,VT,01401,Sample County,Owner-occupied,Yes,Detached single family,1,1977,1550,1,Frame,Slab,No,,No,14,No,No,,,14,Metal,Gable,Fair,2012.0,1,No,DEMO-ONLY/402/roof_verification,Copper,Circuit breakers,,200,PEX / PVC / CPVC,,8,Garage,Heat pump,,No,No,No,,No,Yes,Yes,None,None,No,No,No,0.7,500,,No,No,No,No,No,No,,42,34,X,,No,No,No,,HO-3,1314315,1282000,128200,769200,256400,500000,5000,2500,2,No,No,No,No,In force,No,Example Mutual (synthetic),,0,No,,0,0,0,0,,Verified,Verified,Verified,Verified,Verified,DEMO-ONLY/402/property_verification,DEMO-ONLY/402/claims_verification,DEMO-ONLY/402/hazard_verification,DEMO-ONLY/402/replacement_cost_verification,Synthetic evidence scenario,2026-09-15,,No,Yes,Yes,Yes,,DEMO-2026-00402,2,Demo portfolio,2026-08-02T12:00:00+00:00,0.0,A
Sam Lane · Demo 403,,homeowner403@example.com,202-555-0100,HomeGuard Demo Agency,2026-09-15,Individual,,502 Example Lane,Sample City,VA,01402,Sample County,Owner-occupied,Yes,Detached single family,1,1988,5350,2,Frame,Crawl space,No,,No,6,No,No,,,3,Tile,Gable,Fair,2023.0,1,No,DEMO-ONLY/403/roof_verification,Copper,Circuit breakers,,200,PEX / PVC / CPVC,,2,Garage,Central electric,,No,No,No,,No,Yes,Yes,None,None,No,No,No,1.1,300,,No,No,No,No,No,No,,7,8,X,,No,No,No,,HO-3,1138507,1055000,105500,633000,211000,300000,5000,1000,2,No,No,No,No,In force,No,Example Mutual (synthetic),,0,No,,0,0,0,0,,Verified,Verified,Verified,Verified,Verified,DEMO-ONLY/403/property_verification,DEMO-ONLY/403/claims_verification,DEMO-ONLY/403/hazard_verification,DEMO-ONLY/403/replacement_cost_verification,Synthetic evidence scenario,2026-09-15,,No,Yes,Yes,Yes,,DEMO-2026-00403,2,Demo portfolio,2026-08-28T12:00:00+00:00,0.0,A
Taylor Ellis · Demo 404,,homeowner404@example.com,202-555-0100,HomeGuard Demo Agency,2026-09-15,Individual,,503 Example Lane,Sample City,WA,01403,Sample County,Owner-occupied,Yes,Detached single family,1,1971,5000,3,Masonry veneer,Slab,No,,No,19,No,No,,,17,Tile,Mixed,Good,2009.0,1,No,DEMO-ONLY/404/roof_verification,Copper,Circuit breakers,,200,PEX / PVC / CPVC,,9,Garage,Heat pump,,No,No,No,,No,Yes,Yes,None,None,No,No,No,4.2,300,,No,No,No,No,No,No,,20,28,X,,No,No,No,,HO-5,1249433,1120000,112000,672000,224000,300000,5000,2500,2,No,No,No,No,In force,No,Example Mutual (synthetic),,0,No,,0,0,0,0,,Verified,Verified,Verified,Verified,Verified,DEMO-ONLY/404/property_verification,DEMO-ONLY/404/claims_verification,DEMO-ONLY/404/hazard_verification,DEMO-ONLY/404/replacement_cost_verification,Synthetic evidence scenario,2026-09-15,,No,Yes,Yes,Yes,,DEMO-2026-00404,2,Demo portfolio,2026-08-15T12:00:00+00:00,0.0,A
Morgan Ellis · Demo 405,,homeowner405@example.com,202-555-0100,HomeGuard Demo Agency,2026-09-15,Individual,,504 Example Lane,Sample City,WV,01404,Sample County,Owner-occupied,Yes,Detached single family,1,1973,1250,3,Frame,Basement,No,,No,12,No,No,,,13,Tile,Mixed,Fair,2013.0,1,No,DEMO-ONLY/405/roof_verification,Copper,Circuit breakers,,200,PEX / PVC / CPVC,,7,Garage,Central electric,,No,No,No,,No,Yes,Yes,None,None,No,No,No,4.4,350,,No,No,No,No,No,No,,33,41,X,,No,No,No,,HO-5,241341,222000,22200,133200,44400,300000,5000,2500,2,No,No,No,No,In force,No,Example Mutual (synthetic),,0,No,,1,0,24930,0,"Synthetic loss-run example: 1 claim(s), 0 open; total paid $24,930. Not a real claims report.",Verified,Verified,Verified,Verified,Verified,DEMO-ONLY/405/property_verification,DEMO-ONLY/405/claims_verification,DEMO-ONLY/405/hazard_verification,DEMO-ONLY/405/replacement_cost_verification,Synthetic evidence scenario,2026-09-15,,No,Yes,Yes,Yes,,DEMO-2026-00405,2,Demo portfolio,2026-08-23T12:00:00+00:00,0.1122972972972973,A
Casey Parker · Demo 406,,homeowner406@example.com,202-555-0100,HomeGuard Demo Agency,2026-09-15,Individual,,505 Example Lane,Sample City,WI,01405,Sample County,Owner-occupied,Yes,Detached single family,1,1994,3050,2,Masonry veneer,Crawl space,No,,No,18,No,No,,,4,Metal,Mixed,Good,2022.0,1,No,DEMO-ONLY/406/roof_verification,Copper,Circuit breakers,,200,PEX / PVC / CPVC,,14,Garage,Central electric,,No,No,No,,No,Yes,Yes,None,None,No,No,No,2.3,900,,No,No,No,No,No,No,,36,11,X,,No,No,No,,HO-3,1423092,1243000,124300,745800,248600,100000,5000,5000,2,No,No,No,No,In force,No,Example Mutual (synthetic),,0,No,,1,0,369279,0,"Synthetic loss-run example: 1 claim(s), 0 open; total paid $369,279. Not a real claims report.",Verified,Verified,Verified,Verified,Verified,DEMO-ONLY/406/property_verification,DEMO-ONLY/406/claims_verification,DEMO-ONLY/406/hazard_verification,DEMO-ONLY/406/replacement_cost_verification,Synthetic evidence scenario,2026-09-15,,No,Yes,Yes,Yes,,DEMO-2026-00406,2,Demo portfolio,2026-09-06T12:00:00+00:00,0.2970868865647627,B
Taylor Ellis · Demo 407,,homeowner407@example.com,202-555-0100,HomeGuard Demo Agency,2026-09-15,Individual,,506 Example Lane,Sample City,WY,01406,Sample County,Owner-occupied,Yes,Detached single family,1,1984,1850,3,Frame,Crawl space,No,,No,0,No,No,,,4,Slate,Hip,Fair,2022.0,1,No,DEMO-ONLY/407/roof_verification,Copper,Circuit breakers,,200,Copper,,14,Garage,Heat pump,,No,No,No,,No,Yes,Yes,None,None,No,No,No,3.9,350,,Yes,Yes,No,No,No,No,,45,16,X,,No,No,No,,HO-5,1432439,1374000,137400,824400,274800,300000,5000,2500,2,No,No,No,No,In force,No,Example Mutual (synthetic),,0,No,,0,0,0,0,,Verified,Verified,Verified,Verified,Verified,DEMO-ONLY/407/property_verification,DEMO-ONLY/407/claims_verification,DEMO-ONLY/407/hazard_verification,DEMO-ONLY/407/replacement_cost_verification,Synthetic evidence scenario,2026-09-15,,No,Yes,Yes,Yes,,DEMO-2026-00407,2,Demo portfolio,2026-09-15T12:00:00+00:00,0.0,A
Sam Reed · Demo 408,,homeowner408@example.com,202-555-0100,HomeGuard Demo Agency,2026-09-15,Individual,,507 Example Lane,Sample City,DC,01407,Sample County,Owner-occupied,Yes,Detached single family,1,2010,3750,2,Masonry veneer,Slab,No,,No,13,No,No,,,14,Architectural shingle,Hip,Good,2012.0,1,No,DEMO-ONLY/408/roof_verification,Copper,Circuit breakers,,200,PEX / PVC / CPVC,,6,Garage,Central gas,,No,No,No,,No,Yes,Yes,None,None,No,No,No,4.6,900,,No,No,No,No,No,No,,16,43,X,,No,No,No,,HO-3,1266198,1403000,140300,841800,280600,100000,5000,1000,2,No,No,No,No,In force,No,Example Mutual (synthetic),,0,No,,0,0,0,0,,Verified,Verified,Verified,Verified,Verified,DEMO-ONLY/408/property_verification,DEMO-ONLY/408/claims_verification,DEMO-ONLY/408/hazard_verification,DEMO-ONLY/408/replacement_cost_verification,Synthetic evidence scenario,2026-09-15,,No,Yes,Yes,Yes,,DEMO-2026-00408,2,Demo portfolio,2026-09-10T12:00:00+00:00,0.0,A
Jordan Brooks · Demo 409,,homeowner409@example.com,202-555-0100,HomeGuard Demo Agency,2026-09-15,Individual,,508 Example Lane,Sample City,AL,01408,Sample County,Owner-occupied,Yes,Detached single family,1,1982,1100,2,Masonry veneer,Basement,No,,No,17,No,No,,,11,Tile,Gable,Fair,2015.0,1,No,DEMO-ONLY/409/roof_verification,Copper,Circuit breakers,,200,Copper,,11,Garage,Central gas,,No,No,No,,No,Yes,Yes,None,None,No,No,No,3.5,750,,No,No,No,No,No,No,,23,41,X,,No,No,No,,HO-3,1153401,1361000,136100,816600,272200,100000,5000,2500,2,No,No,No,No,In force,No,Example Mutual (synthetic),,0,No,,1,0,131950,0,"Synthetic loss-run example: 1 claim(s), 0 open; total paid $131,950. Not a real claims report.",Verified,Verified,Verified,Verified,Verified,DEMO-ONLY/409/property_verification,DEMO-ONLY/409/claims_verification,DEMO-ONLY/409/hazard_verification,DEMO-ONLY/409/replacement_cost_verification,Synthetic evidence scenario,2026-09-15,,No,Yes,Yes,Yes,,DEMO-2026-00409,2,Demo portfolio,2026-07-22T12:00:00+00:00,0.09695077149155033,A
Alex Ellis · Demo 410,,homeowner410@example.com,202-555-0100,HomeGuard Demo Agency,2026-09-15,Individual,,509 Example Lane,Sample City,AK,01409,Sample County,Owner-occupied,Yes,Detached single family,1,1992,4550,3,Masonry veneer,Basement,No,,No,11,No,No,,,8,Metal,Mixed,Good,2018.0,1,No,DEMO-ONLY/410/roof_verification,Copper,Circuit breakers,,200,PEX / PVC / CPVC,,10,Garage,Central electric,,No,No,No,,No,Yes,Yes,None,None,No,No,No,2.7,300,,No,No,No,No,No,No,,33,6,X,,No,No,No,,HO-5,1224479,1167000,116700,700200,233400,500000,5000,1000,2,No,No,No,No,In force,No,Example Mutual (synthetic),,0,No,,0,0,0,0,,Verified,Verified,Verified,Verified,Verified,DEMO-ONLY/410/property_verification,DEMO-ONLY/410/claims_verification,DEMO-ONLY/410/hazard_verification,DEMO-ONLY/410/replacement_cost_verification,Synthetic evidence scenario,2026-09-15,,No,Yes,Yes,Yes,,DEMO-2026-00410,2,Demo portfolio,2026-09-14T12:00:00+00:00,0.0,A
Jordan Reed · Demo 411,,homeowner411@example.com,202-555-0100,HomeGuard Demo Agency,2026-09-15,Individual,,510 Example Lane,Sample City,AZ,01410,Sample County,Owner-occupied,Yes,Detached single family,1,1980,4050,2,Frame,Slab,No,,No,3,No,No,,,5,Architectural shingle,Mixed,Fair,2021.0,1,No,DEMO-ONLY/411/roof_verification,Copper,Circuit breakers,,200,PEX / PVC / CPVC,,3,Garage,Central electric,,No,No,No,,No,Yes,Yes,None,None,No,No,No,2.5,650,,No,No,No,No,No,No,,18,15,X,,No,No,No,,HO-5,811045,1159000,115900,695400,231800,300000,5000,2500,2,No,No,No,No,In force,No,Example Mutual (synthetic),,0,No,,0,0,0,0,,Verified,Verified,Verified,Not checked,Verified,DEMO-ONLY/411/property_verification,DEMO-ONLY/411/claims_verification,,DEMO-ONLY/411/replacement_cost_verification,Synthetic evidence scenario,2026-09-15,,No,Yes,Yes,Yes,,DEMO-2026-00411,2,Demo portfolio,2026-09-09T12:00:00+00:00,0.0,B
Sam Ellis · Demo 412,,homeowner412@example.com,202-555-0100,HomeGuard Demo Agency,2026-09-15,Individual,,511 Example Lane,Sample City,AR,01411,Sample County,Owner-occupied,Yes,Detached single family,1,1963,1050,2,Masonry veneer,Slab,No,,No,4,No,No,,,15,Slate,Gable,Good,2011.0,1,No,DEMO-ONLY/412/roof_verification,Copper,Circuit breakers,,200,PEX / PVC / CPVC,,13,Garage,Heat pump,,No,No,No,,No,Yes,Yes,None,None,No,No,No,0.4,600,,No,No,No,No,No,No,,47,46,X,,No,No,No,,HO-3,322793,385000,38500,231000,77000,300000,5000,1000,2,No,No,No,No,In force,No,Example Mutual (synthetic),,0,No,,0,0,0,0,,Verified,Verified,Verified,Verified,Verified,DEMO-ONLY/412/property_verification,DEMO-ONLY/412/claims_verification,DEMO-ONLY/412/hazard_verification,DEMO-ONLY/412/replacement_cost_verification,Synthetic evidence scenario,2026-09-15,,No,Yes,Yes,Yes,,DEMO-2026-00412,2,Demo portfolio,2026-08-03T12:00:00+00:00,0.0,A
Taylor Hayes · Demo 413,,homeowner413@example.com,202-555-0100,HomeGuard Demo Agency,2026-09-15,Individual,,512 Example Lane,Sample City,CA,01412,Sample County,Owner-occupied,Yes,Detached single family,1,1989,3300,3,Masonry veneer,Slab,No,,No,9,No,No,,,8,Metal,Hip,Fair,2018.0,1,No,DEMO-ONLY/413/roof_verification,Copper,Circuit breakers,,200,Copper,,1,Garage,Central electric,,No,No,No,,No,Yes,Yes,None,None,No,No,No,2.8,100,,No,No,No,No,No,No,,5,10,X,,No,No,No,,HO-3,1488002,1299000,129900,779400,259800,300000,5000,5000,2,No,No,No,No,In force,No,Example Mutual (synthetic),,0,No,,1,0,249377,0,"Synthetic loss-run example: 1 claim(s), 0 open; total paid $249,377. Not a real claims report.",Verified,Verified,Verified,Verified,Verified,DEMO-ONLY/413/property_verification,DEMO-ONLY/413/claims_verification,DEMO-ONLY/413/hazard_verification,DEMO-ONLY/413/replacement_cost_verification,Synthetic evidence scenario,2026-09-15,,No,Yes,Yes,Yes,,DEMO-2026-00413,2,Demo portfolio,2026-07-23T12:00:00+00:00,0.19197613548883757,A
Taylor Parker · Demo 414,,homeowner414@example.com,202-555-0100,HomeGuard Demo Agency,2026-09-15,Individual,,513 Example Lane,Sample City,CO,01413,Sample County,Owner-occupied,Yes,Detached single family,1,1954,1550,3,Solid masonry,Crawl space,No,,No,12,No,No,,,16,Architectural shingle,Hip,Fair,2010.0,1,No,DEMO-ONLY/414/roof_verification,Copper,Circuit breakers,,200,Copper,,3,Garage,Heat pump,,No,No,No,,No,Yes,Yes,None,None,No,No,No,4.3,400,,Yes,Yes,No,No,No,No,,3,15,X,,No,No,No,,HO-5,1473829,1285000,128500,771000,257000,500000,5000,1000,2,No,No,No,No,In force,No,Example Mutual (synthetic),,0,No,,0,0,0,0,,Verified,Verified,Verified,Verified,Verified,DEMO-ONLY/414/property_verification,DEMO-ONLY/414/claims_verification,DEMO-ONLY/414/hazard_verification,DEMO-ONLY/414/replacement_cost_verification,Synthetic evidence scenario,2026-09-15,,No,Yes,Yes,Yes,,DEMO-2026-00414,2,Demo portfolio,2026-08-13T12:00:00+00:00,0.0,A
Sam Ellis · Demo 415,,homeowner415@example.com,202-555-0100,HomeGuard Demo Agency,2026-09-15,Individual,,514 Example Lane,Sample City,CT,01414,Sample County,Owner-occupied,Yes,Detached single family,1,1957,4000,2,Masonry veneer,Basement,No,,No,12,No,No,,,7,Slate,Mixed,Fair,2019.0,1,No,DEMO-ONLY/415/roof_verification,Copper,Circuit breakers,,200,PEX / PVC / CPVC,,1,Garage,Heat pump,,No,No,No,,No,Yes,Yes,None,None,No,No,No,3.3,250,,No,No,No,No,No,No,,22,42,X,,No,No,No,,HO-5,1495175,1363000,136300,817800,272600,300000,5000,2500,2,No,No,No,No,In force,No,Example Mutual (synthetic),,0,No,,0,0,0,0,,Verified,Verified,Verified,Verified,Verified,DEMO-ONLY/415/property_verification,DEMO-ONLY/415/claims_verification,DEMO-ONLY/415/hazard_verification,DEMO-ONLY/415/replacement_cost_verification,Synthetic evidence scenario,2026-09-15,,No,Yes,Yes,Yes,,DEMO-2026-00415,2,Demo portfolio,2026-08-20T12:00:00+00:00,0.0,A
Taylor Lane · Demo 416,,homeowner416@example.com,202-555-0100,HomeGuard Demo Agency,2026-09-15,Individual,,515 Example Lane,Sample City,DE,01415,Sample County,Owner-occupied,Yes,Detached single family,1,2007,3350,2,Frame,Slab,No,,No,18,No,No,,,16,Tile,Mixed,Fair,2010.0,1,No,DEMO-ONLY/416/roof_verification,Copper,Circuit breakers,,200,Copper,,2,Garage,Central electric,,No,No,No,,No,Yes,Yes,None,None,No,No,No,4.7,350,,No,No,No,No,No,No,,23,41,X,,No,No,No,,HO-5,997697,1058000,105800,634800,211600,100000,5000,5000,2,No,No,No,No,In force,No,Example Mutual (synthetic),,0,No,,1,1,10000,0,"Synthetic loss-run example: 1 claim(s), 0 open; total paid $10,000. Not a real claims report.",Verified,Verified,Verified,Verified,Verified,DEMO-ONLY/416/property_verification,DEMO-ONLY/416/claims_verification,DEMO-ONLY/416/hazard_verification,DEMO-ONLY/416/replacement_cost_verification,Synthetic evidence scenario,2026-09-15,,No,Yes,Yes,Yes,,DEMO-2026-00416,2,Demo portfolio,2026-09-15T12:00:00+00:00,0.00945179584120983,B
Morgan Parker · Demo 417,,homeowner417@example.com,202-555-0100,HomeGuard Demo Agency,2026-09-15,Individual,,516 Example Lane,Sample City,FL,01416,Sample County,Owner-occupied,Yes,Detached single family,1,1977,1500,2,Frame,Basement,No,,No,8,No,No,,,11,Architectural shingle,Hip,Good,2015.0,1,No,DEMO-ONLY/417/roof_verification,Copper,Circuit breakers,,200,Copper,,3,Garage,Central electric,,No,No,No,,No,Yes,Yes,None,None,No,No,No,1.0,600,,No,No,No,No,No,No,,13,18,X,,No,No,No,,HO-3,879901,799000,79900,479400,159800,300000,5000,2500,2,No,No,No,No,In force,No,Example Mutual (synthetic),,0,No,,1,0,84968,0,"Synthetic loss-run example: 1 claim(s), 0 open; total paid $84,968. Not a real claims report.",Verified,Verified,Verified,Verified,Verified,DEMO-ONLY/417/property_verification,DEMO-ONLY/417/claims_verification,DEMO-ONLY/417/hazard_verification,DEMO-ONLY/417/replacement_cost_verification,Synthetic evidence scenario,2026-09-15,,No,Yes,Yes,Yes,,DEMO-2026-00417,2,Demo portfolio,2026-09-15T12:00:00+00:00,0.10634292866082604,A
Casey Parker · Demo 418,,homeowner418@example.com,202-555-0100,HomeGuard Demo Agency,2026-09-15,Individual,,517 Example Lane,Sample City,GA,01417,Sample County,Owner-occupied,Yes,Detached single family,1,2011,4850,3,Masonry veneer,Slab,No,,No,16,No,No,,,9,Architectural shingle,Hip,Fair,2017.0,1,No,DEMO-ONLY/418/roof_verification,Copper,Circuit breakers,,200,PEX / PVC / CPVC,,4,Garage,Central electric,,No,No,No,,No,Yes,Yes,None,None,No,No,No,0.9,200,,No,No,No,No,No,No,,24,43,X,,No,No,No,,HO-3,471647,416000,41600,249600,83200,100000,5000,2500,2,No,No,No,No,In force,No,Example Mutual (synthetic),,0,No,,0,0,0,0,,Verified,Verified,Verified,Verified,Verified,DEMO-ONLY/418/property_verification,DEMO-ONLY/418/claims_verification,DEMO-ONLY/418/hazard_verification,DEMO-ONLY/418/replacement_cost_verification,Synthetic evidence scenario,2026-09-15,,No,Yes,Yes,Yes,,DEMO-2026-00418,2,Demo portfolio,2026-09-10T12:00:00+00:00,0.0,A
Morgan Parker · Demo 419,,homeowner419@example.com,202-555-0100,HomeGuard Demo Agency,2026-09-15,Individual,,518 Example Lane,Sample City,HI,01418,Sample County,Owner-occupied,Yes,Detached single family,1,1955,5050,1,Frame,Slab,No,,No,3,No,No,,,18,Slate,Hip,Good,2008.0,1,Yes,DEMO-ONLY/419/roof_verification,Copper,Circuit breakers,,200,Copper,,8,Garage,Heat pump,,No,No,No,,No,Yes,Yes,None,None,No,No,No,1.0,100,,No,No,No,No,No,No,,17,36,X,,No,No,No,,HO-3,950724,953000,95300,571800,190600,500000,5000,1000,2,No,No,No,No,In force,No,Example Mutual (synthetic),,0,No,,0,0,0,0,,Verified,Verified,Verified,Verified,Verified,DEMO-ONLY/419/property_verification,DEMO-ONLY/419/claims_verification,DEMO-ONLY/419/hazard_verification,DEMO-ONLY/419/replacement_cost_verification,Synthetic evidence scenario,2026-09-15,,No,Yes,Yes,Yes,,DEMO-2026-00419,2,Demo portfolio,2026-08-05T12:00:00+00:00,0.0,B
Casey Ellis · Demo 420,,homeowner420@example.com,202-555-0100,HomeGuard Demo Agency,2026-09-15,Individual,,519 Example Lane,Sample City,ID,01419,Sample County,Owner-occupied,Yes,Detached single family,1,1975,2800,2,Masonry veneer,Crawl space,No,,No,10,No,No,,,18,Slate,Hip,Good,2008.0,1,No,DEMO-ONLY/420/roof_verification,Copper,Circuit breakers,,200,Copper,,11,Garage,Central electric,,No,No,No,,No,Yes,Yes,None,None,No,No,No,1.0,550,,No,No,No,No,No,No,,9,94,X,,No,No,No,,HO-5,1192592,1289000,128900,773400,257800,100000,5000,1000,2,No,No,No,No,In force,No,Example Mutual (synthetic),,0,No,,0,0,0,0,,Verified,Verified,Verified,Verified,Verified,DEMO-ONLY/420/property_verification,DEMO-ONLY/420/claims_verification,DEMO-ONLY/420/hazard_verification,DEMO-ONLY/420/replacement_cost_verification,Synthetic evidence scenario,2026-09-15,,No,Yes,Yes,Yes,,DEMO-2026-00420,2,Demo portfolio,2026-07-28T12:00:00+00:00,0.0,F
Jordan Hayes · Demo 421,,homeowner421@example.com,202-555-0100,HomeGuard Demo Agency,2026-09-15,Individual,,520 Example Lane,Sample City,IL,01420,Sample County,Owner-occupied,Yes,Detached single family,1,1984,2600,3,Solid masonry,Slab,No,,No,13,No,No,,,5,Tile,Mixed,Fair,2021.0,1,No,DEMO-ONLY/421/roof_verification,Copper,Circuit breakers,,200,Copper,,11,Garage,Central gas,,No,No,No,,No,Yes,Yes,None,None,No,No,No,4.1,600,,Yes,Yes,No,No,No,No,,45,6,X,,No,No,No,,HO-3,1254671,1371000,137100,822600,274200,100000,5000,2500,2,No,No,No,No,In force,No,Example Mutual (synthetic),,0,No,,1,0,164494,0,"Synthetic loss-run example: 1 claim(s), 0 open; total paid $164,494. Not a real claims report.",Verified,Verified,Verified,Not checked,Verified,DEMO-ONLY/421/property_verification,DEMO-ONLY/421/claims_verification,,DEMO-ONLY/421/replacement_cost_verification,Synthetic evidence scenario,2026-09-15,,No,Yes,Yes,Yes,,DEMO-2026-00421,2,Demo portfolio,2026-08-06T12:00:00+00:00,0.11998103574033551,B
Sam Ellis · Demo 422,,homeowner422@example.com,202-555-0100,HomeGuard Demo Agency,2026-09-15,Individual,,521 Example Lane,Sample City,IN,01421,Sample County,Owner-occupied,Yes,Detached single family,1,1974,3150,1,Solid masonry,Crawl space,No,,No,20,No,No,,,17,Metal,Hip,Fair,2009.0,1,No,DEMO-ONLY/422/roof_verification,Copper,Circuit breakers,,200,PEX / PVC / CPVC,,9,Garage,Central gas,,No,No,No,,No,Yes,Yes,None,None,No,No,No,4.7,900,,No,No,No,No,No,No,,39,1,X,,No,No,No,,HO-3,717947,657000,65700,394200,131400,100000,5000,2500,2,No,No,No,No,In force,No,Example Mutual (synthetic),,0,No,,1,0,691146,0,"Synthetic loss-run example: 1 claim(s), 0 open; total paid $691,146. Not a real claims report.",Verified,Verified,Verified,Verified,Verified,DEMO-ONLY/422/property_verification,DEMO-ONLY/422/claims_verification,DEMO-ONLY/422/hazard_verification,DEMO-ONLY/422/replacement_cost_verification,Synthetic evidence scenario,2026-09-15,,No,Yes,Yes,Yes,,DEMO-2026-00422,2,Demo portfolio,2026-09-13T12:00:00+00:00,1.051972602739726,F
Morgan Brooks · Demo 423,,homeowner423@example.com,202-555-0100,HomeGuard Demo Agency,2026-09-15,Individual,,522 Example Lane,Sample City,IA,01422,Sample County,Owner-occupied,Yes,Detached single family,1,1956,5450,3,Frame,Basement,No,,No,19,No,No,,,4,Slate,Gable,Good,2022.0,1,No,DEMO-ONLY/423/roof_verification,Copper,Circuit breakers,,200,PEX / PVC / CPVC,,12,Garage,Central electric,,No,No,No,,No,Yes,Yes,None,None,No,No,No,4.7,150,,No,No,No,No,No,No,,44,24,X,,No,No,No,,HO-3,281118,245000,24500,147000,49000,100000,5000,2500,2,No,No,No,No,In force,No,Example Mutual (synthetic),,0,No,,0,0,0,0,,Verified,Verified,Verified,Verified,Verified,DEMO-ONLY/423/property_verification,DEMO-ONLY/423/claims_verification,DEMO-ONLY/423/hazard_verification,DEMO-ONLY/423/replacement_cost_verification,Synthetic evidence scenario,2026-09-15,,No,Yes,Yes,Yes,,DEMO-2026-00423,2,Demo portfolio,2026-09-14T12:00:00+00:00,0.0,A
Sam Lane · Demo 424,,homeowner424@example.com,202-555-0100,HomeGuard Demo Agency,2026-09-15,Individual,,523 Example Lane,Sample City,KS,01423,Sample County,Owner-occupied,Yes,Detached single family,1,1977,2100,2,Frame,Basement,No,,No,1,No,No,,,6,Metal,Mixed,Good,2020.0,1,No,DEMO-ONLY/424/roof_verification,Copper,Circuit breakers,,200,PEX / PVC / CPVC,,1,Garage,Heat pump,,No,No,No,,No,Yes,Yes,None,None,No,No,No,1.5,850,,No,No,No,No,No,No,,31,44,X,,No,No,Yes,,HO-3,706495,732000,73200,439200,146400,100000,5000,5000,2,No,No,No,No,In force,No,Example Mutual (synthetic),,0,No,,0,0,0,0,,Verified,Verified,Verified,Verified,Verified,DEMO-ONLY/424/property_verification,DEMO-ONLY/424/claims_verification,DEMO-ONLY/424/hazard_verification,DEMO-ONLY/424/replacement_cost_verification,Synthetic evidence scenario,2026-09-15,,No,Yes,Yes,Yes,,DEMO-2026-00424,2,Demo portfolio,2026-08-07T12:00:00+00:00,0.0,B
Taylor Parker · Demo 425,,homeowner425@example.com,202-555-0100,HomeGuard Demo Agency,2026-09-15,Individual,,524 Example Lane,Sample City,KY,01424,Sample County,Owner-occupied,Yes,Detached single family,1,1983,2850,2,Masonry veneer,Crawl space,No,,No,12,No,No,,,6,Slate,Gable,Good,2020.0,1,No,DEMO-ONLY/425/roof_verification,Copper,Circuit breakers,,200,Copper,,9,Garage,Central gas,,No,No,No,,No,Yes,Yes,None,None,No,No,No,1.2,800,,No,No,No,No,No,No,,36,18,X,,No,No,No,,HO-3,1426768,1280000,128000,768000,256000,100000,5000,1000,2,No,No,No,No,In force,No,Example Mutual (synthetic),,0,No,,1,0,128706,0,"Synthetic loss-run example: 1 claim(s), 0 open; total paid $128,706. Not a real claims report.",Verified,Verified,Verified,Verified,Verified,DEMO-ONLY/425/property_verification,DEMO-ONLY/425/claims_verification,DEMO-ONLY/425/hazard_verification,DEMO-ONLY/425/replacement_cost_verification,Synthetic evidence scenario,2026-09-15,,No,Yes,Yes,Yes,,DEMO-2026-00425,2,Demo portfolio,2026-08-06T12:00:00+00:00,0.1005515625,A
Casey Hayes · Demo 426,,homeowner426@example.com,202-555-0100,HomeGuard Demo Agency,2026-09-15,Individual,,525 Example Lane,Sample City,LA,01425,Sample County,Owner-occupied,Yes,Detached single family,1,1977,1350,1,Frame,Basement,No,,No,0,No,No,,,6,Tile,Hip,Good,2020.0,1,No,DEMO-ONLY/426/roof_verification,Copper,Circuit breakers,,200,PEX / PVC / CPVC,,14,Garage,Heat pump,,No,No,No,,No,Yes,Yes,None,None,No,No,No,3.8,550,,No,No,No,No,No,No,,49,17,X,,No,No,No,,HO-3,546282,661000,66100,396600,132200,100000,5000,2500,2,No,No,No,No,In force,No,Example Mutual (synthetic),,0,No,,0,0,0,0,,Verified,Verified,Verified,Verified,Verified,DEMO-ONLY/426/property_verification,DEMO-ONLY/426/claims_verification,DEMO-ONLY/426/hazard_verification,DEMO-ONLY/426/replacement_cost_verification,Synthetic evidence scenario,2026-09-15,,No,Yes,Yes,Yes,,DEMO-2026-00426,2,Demo portfolio,2026-08-05T12:00:00+00:00,0.0,A
Taylor Brooks · Demo 427,,homeowner427@example.com,202-555-0100,HomeGuard Demo Agency,2026-09-15,Individual,,526 Example Lane,Sample City,ME,01426,Sample County,Owner-occupied,Yes,Detached single family,1,1984,2100,3,Masonry veneer,Crawl space,No,,No,2,No,No,,,1,Architectural shingle,Hip,Fair,2025.0,1,No,DEMO-ONLY/427/roof_verification,Copper,Circuit breakers,,200,PEX / PVC / CPVC,,1,Garage,Central gas,,No,No,No,,No,Yes,Yes,None,None,No,No,No,2.3,350,,No,No,No,No,No,No,,25,30,X,,No,No,No,,HO-3,523158,520000,52000,312000,104000,500000,5000,2500,2,No,No,No,No,In force,No,Example Mutual (synthetic),,0,No,,0,0,0,0,,Verified,Verified,Verified,Verified,Verified,DEMO-ONLY/427/property_verification,DEMO-ONLY/427/claims_verification,DEMO-ONLY/427/hazard_verification,DEMO-ONLY/427/replacement_cost_verification,Synthetic evidence scenario,2026-09-15,,No,Yes,Yes,Yes,,DEMO-2026-00427,2,Demo portfolio,2026-08-12T12:00:00+00:00,0.0,A
Morgan Ellis · Demo 428,,homeowner428@example.com,202-555-0100,HomeGuard Demo Agency,2026-09-15,Individual,,527 Example Lane,Sample City,MD,01427,Sample County,Owner-occupied,Yes,Detached single family,1,2018,2950,1,Solid masonry,Slab,No,,No,3,No,No,,,5,Architectural shingle,Mixed,Fair,2021.0,1,No,DEMO-ONLY/428/roof_verification,Copper,Circuit breakers,,200,PEX / PVC / CPVC,,12,Garage,Central gas,,No,No,No,,No,Yes,Yes,None,None,No,No,No,3.7,350,,Yes,Yes,No,No,No,No,,16,35,X,,No,No,No,,HO-5,325184,339000,33900,203400,67800,100000,5000,2500,2,No,No,No,No,In force,No,Example Mutual (synthetic),,0,No,,0,0,0,0,,Verified,Verified,Verified,Verified,Verified,DEMO-ONLY/428/property_verification,DEMO-ONLY/428/claims_verification,DEMO-ONLY/428/hazard_verification,DEMO-ONLY/428/replacement_cost_verification,Synthetic evidence scenario,2026-09-15,,No,Yes,Yes,Yes,,DEMO-2026-00428,2,Demo portfolio,2026-09-02T12:00:00+00:00,0.0,A
Taylor Reed · Demo 429,,homeowner429@example.com,202-555-0100,HomeGuard Demo Agency,2026-09-15,Individual,,528 Example Lane,Sample City,MA,01428,Sample County,Owner-occupied,Yes,Detached single family,1,1956,2400,1,Solid masonry,Slab,No,,No,0,No,No,,,6,Tile,Hip,Fair,2020.0,1,No,DEMO-ONLY/429/roof_verification,Copper,Circuit breakers,,200,Copper,,2,Garage,Heat pump,,No,No,No,,No,Yes,Yes,None,None,No,No,No,4.9,950,,No,No,No,No,No,No,,2,26,X,,No,No,No,,HO-3,560262,642000,64200,385200,128400,100000,5000,1000,2,No,No,No,No,In force,No,Example Mutual (synthetic),,0,No,,1,0,126604,0,"Synthetic loss-run example: 1 claim(s), 0 open; total paid $126,604. Not a real claims report.",Verified,Verified,Verified,Verified,Verified,DEMO-ONLY/429/property_verification,DEMO-ONLY/429/claims_verification,DEMO-ONLY/429/hazard_verification,DEMO-ONLY/429/replacement_cost_verification,Synthetic evidence scenario,2026-09-15,,No,Yes,Yes,Yes,,DEMO-2026-00429,2,Demo portfolio,2026-08-31T12:00:00+00:00,0.197202492211838,A
Taylor Parker · Demo 430,,homeowner430@example.com,202-555-0100,HomeGuard Demo Agency,2026-09-15,Individual,,529 Example Lane,Sample City,MI,01429,Sample County,Owner-occupied,Yes,Detached single family,1,1966,4400,3,Masonry veneer,Crawl space,No,,No,3,No,No,,,12,Slate,Mixed,Fair,2014.0,1,No,DEMO-ONLY/430/roof_verification,Copper,Circuit breakers,,200,PEX / PVC / CPVC,,9,Garage,Central electric,,No,No,No,,No,Yes,Yes,None,None,No,No,No,2.4,250,,No,No,No,No,No,No,,41,17,X,,No,No,No,,HO-3,1467685,1407000,140700,844200,281400,100000,5000,2500,2,No,No,No,No,In force,No,Example Mutual (synthetic),,0,No,,0,0,0,0,,Verified,Verified,Verified,Verified,Verified,DEMO-ONLY/430/property_verification,DEMO-ONLY/430/claims_verification,DEMO-ONLY/430/hazard_verification,DEMO-ONLY/430/replacement_cost_verification,Synthetic evidence scenario,2026-09-15,,No,Yes,Yes,Yes,,DEMO-2026-00430,2,Demo portfolio,2026-08-02T12:00:00+00:00,0.0,A
Casey Reed · Demo 431,,homeowner431@example.com,202-555-0100,HomeGuard Demo Agency,2026-09-15,Individual,,530 Example Lane,Sample City,MN,01430,Sample County,Owner-occupied,Yes,Detached single family,1,1990,2050,1,Frame,Slab,No,,No,16,No,No,,,9,Tile,Mixed,Fair,2017.0,1,No,DEMO-ONLY/431/roof_verification,Copper,Circuit breakers,,200,PEX / PVC / CPVC,,11,Garage,Central gas,,No,No,No,,No,Yes,Yes,None,None,No,No,No,4.9,100,,No,No,No,No,No,No,,15,49,X,,No,No,No,,HO-3,1062575,995000,99500,597000,199000,100000,5000,1000,2,No,No,No,No,In force,No,Example Mutual (synthetic),,0,No,,0,0,0,0,,Verified,Verified,Verified,Not checked,Verified,DEMO-ONLY/431/property_verification,DEMO-ONLY/431/claims_verification,,DEMO-ONLY/431/replacement_cost_verification,Synthetic evidence scenario,2026-09-15,,No,Yes,Yes,Yes,,DEMO-2026-00431,2,Demo portfolio,2026-08-25T12:00:00+00:00,0.0,B
Casey Ellis · Demo 432,,homeowner432@example.com,202-555-0100,HomeGuard Demo Agency,2026-09-15,Individual,,531 Example Lane,Sample City,MS,01431,Sample County,Owner-occupied,Yes,Detached single family,1,1991,4000,1,Frame,Slab,No,,No,1,No,No,,,8,Architectural shingle,Gable,Good,2018.0,1,No,DEMO-ONLY/432/roof_verification,Copper,Circuit breakers,,200,PEX / PVC / CPVC,,7,Garage,Heat pump,,No,No,No,,No,Yes,Yes,None,None,No,No,No,1.5,450,,No,No,No,No,No,No,,9,43,X,,No,No,No,,HO-3,1079512,1060000,106000,636000,212000,300000,5000,1000,2,No,No,No,No,In force,No,Example Mutual (synthetic),,0,No,,0,0,0,0,,Verified,Verified,Verified,Verified,Verified,DEMO-ONLY/432/property_verification,DEMO-ONLY/432/claims_verification,DEMO-ONLY/432/hazard_verification,DEMO-ONLY/432/replacement_cost_verification,Synthetic evidence scenario,2026-09-15,,No,Yes,Yes,Yes,,DEMO-2026-00432,2,Demo portfolio,2026-07-27T12:00:00+00:00,0.0,A
Sam Ellis · Demo 433,,homeowner433@example.com,202-555-0100,HomeGuard Demo Agency,2026-09-15,Individual,,532 Example Lane,Sample City,MO,01432,Sample County,Owner-occupied,Yes,Detached single family,1,2015,1250,2,Solid masonry,Slab,No,,No,3,No,No,,,11,Metal,Gable,Good,2015.0,1,No,DEMO-ONLY/433/roof_verification,Copper,Circuit breakers,,200,PEX / PVC / CPVC,,6,Garage,Heat pump,,No,No,No,,No,Yes,Yes,None,None,No,No,No,0.6,750,,No,No,No,No,No,No,,7,34,X,,No,No,No,,HO-3,1030945,1057000,105700,634200,211400,100000,5000,5000,2,No,No,No,No,In force,No,Example Mutual (synthetic),,0,No,,1,0,120894,0,"Synthetic loss-run example: 1 claim(s), 0 open; total paid $120,894. Not a real claims report.",Verified,Verified,Verified,Verified,Verified,DEMO-ONLY/433/property_verification,DEMO-ONLY/433/claims_verification,DEMO-ONLY/433/hazard_verification,DEMO-ONLY/433/replacement_cost_verification,Synthetic evidence scenario,2026-09-15,,No,Yes,Yes,Yes,,DEMO-2026-00433,2,Demo portfolio,2026-09-13T12:00:00+00:00,0.11437464522232735,A
Morgan Brooks · Demo 434,,homeowner434@example.com,202-555-0100,HomeGuard Demo Agency,2026-09-15,Individual,,533 Example Lane,Sample City,MT,01433,Sample County,Owner-occupied,Yes,Detached single family,1,1960,5000,2,Frame,Crawl space,No,,No,11,No,No,,,37,Tile,Hip,Poor,,1,No,DEMO-ONLY/434/roof_verification,Copper,Circuit breakers,,200,PEX / PVC / CPVC,,10,Garage,Central electric,,No,No,No,,No,Yes,Yes,None,None,No,No,No,4.8,700,,No,No,No,No,No,No,,9,3,X,,No,No,No,,HO-5,973370,1028000,102800,616800,205600,500000,5000,2500,2,No,No,No,No,In force,No,Example Mutual (synthetic),,0,No,,0,0,0,0,,Verified,Verified,Verified,Verified,Verified,DEMO-ONLY/434/property_verification,DEMO-ONLY/434/claims_verification,DEMO-ONLY/434/hazard_verification,DEMO-ONLY/434/replacement_cost_verification,Synthetic evidence scenario,2026-09-15,,No,Yes,Yes,Yes,,DEMO-2026-00434,2,Demo portfolio,2026-08-18T12:00:00+00:00,0.0,F
Sam Ellis · Demo 435,,homeowner435@example.com,202-555-0100,HomeGuard Demo Agency,2026-09-15,Individual,,534 Example Lane,Sample City,NE,01434,Sample County,Owner-occupied,Yes,Detached single family,1,1980,2450,1,Solid masonry,Crawl space,No,,No,3,No,No,,,20,Architectural shingle,Mixed,Fair,,1,No,DEMO-ONLY/435/roof_verification,Copper,Circuit breakers,,200,Copper,,10,Garage,Central gas,,No,No,No,,No,Yes,Yes,None,None,No,No,No,4.3,400,,No,No,No,No,No,No,,7,29,X,,No,No,No,,HO-5,722469,709000,70900,425400,141800,100000,5000,5000,2,No,No,No,No,In force,No,Example Mutual (synthetic),,0,No,,0,0,0,0,,Verified,Verified,Verified,Verified,Verified,DEMO-ONLY/435/property_verification,DEMO-ONLY/435/claims_verification,DEMO-ONLY/435/hazard_verification,DEMO-ONLY/435/replacement_cost_verification,Synthetic evidence scenario,2026-09-15,,No,Yes,Yes,Yes,,DEMO-2026-00435,2,Demo portfolio,2026-07-25T12:00:00+00:00,0.0,B
Taylor Lane · Demo 436,,homeowner436@example.com,202-555-0100,HomeGuard Demo Agency,2026-09-15,Individual,,535 Example Lane,Sample City,NV,01435,Sample County,Owner-occupied,Yes,Detached single family,1,1962,3750,3,Masonry veneer,Slab,No,,No,6,No,No,,,2,Tile,Gable,Good,2024.0,1,No,DEMO-ONLY/436/roof_verification,Copper,Circuit breakers,,200,PEX / PVC / CPVC,,4,Garage,Heat pump,,No,No,No,,No,Yes,Yes,None,None,No,No,No,4.5,100,,No,No,No,No,No,No,,6,7,X,,No,No,No,,HO-3,1570303,1497000,149700,898200,299400,500000,5000,1000,2,No,No,No,No,In force,No,Example Mutual (synthetic),,0,No,,0,0,0,0,,Verified,Verified,Verified,Verified,Verified,DEMO-ONLY/436/property_verification,DEMO-ONLY/436/claims_verification,DEMO-ONLY/436/hazard_verification,DEMO-ONLY/436/replacement_cost_verification,Synthetic evidence scenario,2026-09-15,,No,Yes,Yes,Yes,,DEMO-2026-00436,2,Demo portfolio,2026-07-31T12:00:00+00:00,0.0,A
Casey Ellis · Demo 437,,homeowner437@example.com,202-555-0100,HomeGuard Demo Agency,2026-09-15,Individual,,536 Example Lane,Sample City,NH,01436,Sample County,Owner-occupied,Yes,Detached single family,1,1981,4150,1,Frame,Crawl space,No,,No,11,No,No,,,1,Metal,Mixed,Fair,2025.0,1,No,DEMO-ONLY/437/roof_verification,Copper,Circuit breakers,,200,Copper,,5,Garage,Central electric,,No,No,No,,No,Yes,Yes,None,None,No,No,No,1.7,650,,No,No,No,No,No,No,,45,22,X,,No,No,No,,HO-5,507162,544000,54400,326400,108800,100000,5000,2500,2,No,No,No,No,In force,No,Example Mutual (synthetic),,0,No,,1,0,4875,0,"Synthetic loss-run example: 1 claim(s), 0 open; total paid $4,875. Not a real claims report.",Verified,Verified,Verified,Verified,Verified,DEMO-ONLY/437/property_verification,DEMO-ONLY/437/claims_verification,DEMO-ONLY/437/hazard_verification,DEMO-ONLY/437/replacement_cost_verification,Synthetic evidence scenario,2026-09-15,,No,Yes,Yes,Yes,,DEMO-2026-00437,2,Demo portfolio,2026-08-18T12:00:00+00:00,0.008961397058823529,A
Taylor Parker · Demo 438,,homeowner438@example.com,202-555-0100,HomeGuard Demo Agency,2026-09-15,Individual,,537 Example Lane,Sample City,NJ,01437,Sample County,Owner-occupied,Yes,Detached single family,1,1994,2650,1,Solid masonry,Crawl space,No,,No,8,No,No,,,15,Tile,Gable,Fair,2011.0,1,No,DEMO-ONLY/438/roof_verification,Copper,Circuit breakers,,200,Copper,,6,Garage,Central electric,,No,No,No,,No,Yes,Yes,None,None,No,No,No,4.0,100,,No,No,No,No,No,No,,28,53,X,,No,No,No,,HO-3,1436758,1309000,130900,785400,261800,300000,5000,2500,2,No,No,No,No,In force,No,Example Mutual (synthetic),,0,No,,0,0,0,0,,Verified,Verified,Verified,Verified,Verified,DEMO-ONLY/438/property_verification,DEMO-ONLY/438/claims_verification,DEMO-ONLY/438/hazard_verification,DEMO-ONLY/438/replacement_cost_verification,Synthetic evidence scenario,2026-09-15,,No,Yes,Yes,Yes,,DEMO-2026-00438,2,Demo portfolio,2026-07-25T12:00:00+00:00,0.0,B
Sam Reed · Demo 439,,homeowner439@example.com,202-555-0100,HomeGuard Demo Agency,2026-09-15,Individual,,538 Example Lane,Sample City,NM,01438,Sample County,Owner-occupied,Yes,Detached single family,1,1980,3200,3,Solid masonry,Slab,No,,No,18,No,No,,,11,Tile,Mixed,Fair,2015.0,1,No,DEMO-ONLY/439/roof_verification,Copper,Circuit breakers,,200,PEX / PVC / CPVC,,7,Garage,Central electric,,No,No,No,,No,Yes,Yes,None,None,No,No,No,1.9,150,,No,No,No,No,No,No,,9,26,X,,No,No,No,,HO-3,1682496,1466000,146600,879600,293200,300000,5000,1000,2,No,No,No,No,In force,No,Example Mutual (synthetic),,0,No,,0,0,0,0,,Verified,Verified,Verified,Verified,Verified,DEMO-ONLY/439/property_verification,DEMO-ONLY/439/claims_verification,DEMO-ONLY/439/hazard_verification,DEMO-ONLY/439/replacement_cost_verification,Synthetic evidence scenario,2026-09-15,,No,Yes,Yes,Yes,,DEMO-2026-00439,2,Demo portfolio,2026-09-01T12:00:00+00:00,0.0,A
Morgan Ellis · Demo 440,,homeowner440@example.com,202-555-0100,HomeGuard Demo Agency,2026-09-15,Individual,,539 Example Lane,Sample City,NY,01439,Sample County,Owner-occupied,Yes,Detached single family,1,1970,1400,1,Solid masonry,Basement,No,,No,7,No,No,,,7,Slate,Mixed,Fair,2019.0,1,No,DEMO-ONLY/440/roof_verification,Copper,Circuit breakers,,200,Copper,,11,Garage,Central gas,,No,No,No,,No,Yes,Yes,None,None,No,No,No,3.5,250,,No,No,No,No,No,No,,19,20,X,,No,No,No,,HO-3,543156,483000,48300,289800,96600,300000,5000,5000,2,No,No,No,No,In force,No,Example Mutual (synthetic),,0,No,,0,0,0,0,,Verified,Verified,Verified,Verified,Verified,DEMO-ONLY/440/property_verification,DEMO-ONLY/440/claims_verification,DEMO-ONLY/440/hazard_verification,DEMO-ONLY/440/replacement_cost_verification,Synthetic evidence scenario,2026-09-15,,No,Yes,Yes,Yes,,DEMO-2026-00440,2,Demo portfolio,2026-07-18T12:00:00+00:00,0.0,A
Morgan Hayes · Demo 441,,homeowner441@example.com,202-555-0100,HomeGuard Demo Agency,2026-09-15,Individual,,540 Example Lane,Sample City,NC,01440,Sample County,Owner-occupied,Yes,Detached single family,1,1994,2100,1,Frame,Slab,No,,No,16,No,No,,,8,Architectural shingle,Gable,Fair,2018.0,1,No,DEMO-ONLY/441/roof_verification,Copper,Circuit breakers,,200,Copper,,5,Garage,Central electric,,No,No,No,,No,Yes,Yes,None,None,No,No,No,1.6,800,,No,No,No,No,No,No,,0,4,X,,No,No,No,,HO-5,546138,544000,54400,326400,108800,500000,5000,2500,2,No,No,No,No,In force,No,Example Mutual (synthetic),,0,No,,5,0,66241,0,"Synthetic loss-run example: 5 claim(s), 0 open; total paid $66,241. Not a real claims report.",Verified,Verified,Verified,Not checked,Verified,DEMO-ONLY/441/property_verification,DEMO-ONLY/441/claims_verification,,DEMO-ONLY/441/replacement_cost_verification,Synthetic evidence scenario,2026-09-15,,No,Yes,Yes,Yes,,DEMO-2026-00441,2,Demo portfolio,2026-07-19T12:00:00+00:00,0.12176654411764706,B
Alex Hayes · Demo 442,,homeowner442@example.com,202-555-0100,HomeGuard Demo Agency,2026-09-15,Individual,,541 Example Lane,Sample City,ND,01441,Sample County,Owner-occupied,Yes,Detached single family,1,1977,5450,2,Masonry veneer,Basement,No,,No,7,No,No,,,18,Metal,Mixed,Fair,2008.0,1,No,DEMO-ONLY/442/roof_verification,Copper,Circuit breakers,,200,Copper,,4,Garage,Central gas,,No,No,No,,No,Yes,Yes,None,None,No,No,No,3.8,550,,Yes,Yes,No,No,No,No,,35,9,X,,No,No,No,,HO-3,1318845,1267000,126700,760200,253400,300000,5000,2500,2,No,No,No,No,In force,No,Example Mutual (synthetic),,0,No,,0,0,0,0,,Verified,Verified,Verified,Verified,Verified,DEMO-ONLY/442/property_verification,DEMO-ONLY/442/claims_verification,DEMO-ONLY/442/hazard_verification,DEMO-ONLY/442/replacement_cost_verification,Synthetic evidence scenario,2026-09-15,,No,Yes,Yes,Yes,,DEMO-2026-00442,2,Demo portfolio,2026-07-20T12:00:00+00:00,0.0,A
Morgan Reed · Demo 443,,homeowner443@example.com,202-555-0100,HomeGuard Demo Agency,2026-09-15,Individual,,542 Example Lane,Sample City,OH,01442,Sample County,Owner-occupied,Yes,Detached single family,1,1964,4050,3,Solid masonry,Basement,No,,No,4,No,No,,,1,Metal,Hip,Good,2025.0,1,No,DEMO-ONLY/443/roof_verification,Copper,Circuit breakers,,200,PEX / PVC / CPVC,,11,Garage,Central electric,,No,No,No,,No,Yes,Yes,None,None,No,No,No,2.9,550,,Yes,No,No,No,No,No,,11,2,X,,No,No,No,,HO-3,1345791,1189000,118900,713400,237800,300000,5000,2500,2,No,No,No,No,In force,No,Example Mutual (synthetic),,0,No,,0,0,0,0,,Verified,Verified,Verified,Verified,Verified,DEMO-ONLY/443/property_verification,DEMO-ONLY/443/claims_verification,DEMO-ONLY/443/hazard_verification,DEMO-ONLY/443/replacement_cost_verification,Synthetic evidence scenario,2026-09-15,,No,Yes,Yes,Yes,,DEMO-2026-00443,2,Demo portfolio,2026-08-18T12:00:00+00:00,0.0,B
Morgan Ellis · Demo 444,,homeowner444@example.com,202-555-0100,HomeGuard Demo Agency,2026-09-15,Individual,,543 Example Lane,Sample City,OK,01443,Sample County,Owner-occupied,Yes,Detached single family,1,1980,2950,1,Frame,Basement,No,,No,9,No,No,,,1,Tile,Gable,Good,2025.0,1,No,DEMO-ONLY/444/roof_verification,Copper,Circuit breakers,,200,Copper,,14,Garage,Central electric,,No,No,No,,No,Yes,Yes,None,None,No,No,No,0.7,800,,No,No,No,No,No,No,,35,0,X,,No,No,No,,HO-3,746571,740000,74000,444000,148000,100000,5000,1000,2,No,No,No,No,In force,No,Example Mutual (synthetic),,0,No,,0,0,0,0,,Verified,Verified,Verified,Verified,Verified,DEMO-ONLY/444/property_verification,DEMO-ONLY/444/claims_verification,DEMO-ONLY/444/hazard_verification,DEMO-ONLY/444/replacement_cost_verification,Synthetic evidence scenario,2026-09-15,,No,Yes,Yes,Yes,,DEMO-2026-00444,2,Demo portfolio,2026-08-24T12:00:00+00:00,0.0,A
Taylor Parker · Demo 445,,homeowner445@example.com,202-555-0100,HomeGuard Demo Agency,2026-09-15,Individual,,544 Example Lane,Sample City,OR,01444,Sample County,Owner-occupied,Yes,Detached single family,1,1969,4700,1,Frame,Crawl space,No,,No,10,No,No,,,14,Metal,Mixed,Good,2012.0,1,No,DEMO-ONLY/445/roof_verification,Copper,Circuit breakers,,200,Copper,,5,Garage,Heat pump,,No,No,No,,No,Yes,Yes,None,None,No,No,No,3.9,200,,No,No,No,No,No,No,,27,22,X,,No,No,No,,HO-5,636181,677000,67700,406200,135400,100000,5000,1000,2,No,No,No,No,In force,No,Example Mutual (synthetic),,0,No,,1,0,31875,0,"Synthetic loss-run example: 1 claim(s), 0 open; total paid $31,875. Not a real claims report.",Verified,Verified,Verified,Verified,Verified,DEMO-ONLY/445/property_verification,DEMO-ONLY/445/claims_verification,DEMO-ONLY/445/hazard_verification,DEMO-ONLY/445/replacement_cost_verification,Synthetic evidence scenario,2026-09-15,,No,Yes,Yes,Yes,,DEMO-2026-00445,2,Demo portfolio,2026-09-09T12:00:00+00:00,0.04708271787296898,A
Sam Brooks · Demo 446,,homeowner446@example.com,202-555-0100,HomeGuard Demo Agency,2026-09-15,Individual,,545 Example Lane,Sample City,PA,01445,Sample County,Owner-occupied,Yes,Detached single family,1,1966,2450,2,Solid masonry,Crawl space,No,,No,16,No,No,,,12,Slate,Mixed,Good,2014.0,1,No,DEMO-ONLY/446/roof_verification,Copper,Circuit breakers,,200,PEX / PVC / CPVC,,11,Garage,Central electric,,No,No,No,,No,Yes,Yes,None,None,No,No,No,2.7,550,,No,No,No,No,No,No,,20,48,X,,No,No,No,,HO-5,210585,221000,22100,132600,44200,500000,5000,5000,2,No,No,No,No,In force,No,Example Mutual (synthetic),,0,No,,0,0,0,0,,Verified,Verified,Verified,Verified,Verified,DEMO-ONLY/446/property_verification,DEMO-ONLY/446/claims_verification,DEMO-ONLY/446/hazard_verification,DEMO-ONLY/446/replacement_cost_verification,Synthetic evidence scenario,2026-09-15,,No,Yes,Yes,Yes,,DEMO-2026-00446,2,Demo portfolio,2026-08-11T12:00:00+00:00,0.0,A
Sam Parker · Demo 447,,homeowner447@example.com,202-555-0100,HomeGuard Demo Agency,2026-09-15,Individual,,546 Example Lane,Sample City,RI,01446,Sample County,Owner-occupied,Yes,Detached single family,1,2014,2550,3,Masonry veneer,Basement,No,,No,13,No,No,,,12,Metal,Gable,Fair,2014.0,1,No,DEMO-ONLY/447/roof_verification,Copper,Circuit breakers,,200,PEX / PVC / CPVC,,6,Garage,Heat pump,,No,No,No,,No,Yes,Yes,None,None,No,No,No,2.6,500,,No,No,No,No,No,No,,43,49,X,,No,No,No,,HO-3,444198,431000,43100,258600,86200,300000,5000,5000,2,No,No,No,No,In force,No,Example Mutual (synthetic),,0,No,,1,1,10000,0,"Synthetic loss-run example: 1 claim(s), 0 open; total paid $10,000. Not a real claims report.",Verified,Verified,Verified,Verified,Verified,DEMO-ONLY/447/property_verification,DEMO-ONLY/447/claims_verification,DEMO-ONLY/447/hazard_verification,DEMO-ONLY/447/replacement_cost_verification,Synthetic evidence scenario,2026-09-15,,No,Yes,Yes,Yes,,DEMO-2026-00447,2,Demo portfolio,2026-07-29T12:00:00+00:00,0.02320185614849188,B
Alex Parker · Demo 448,,homeowner448@example.com,202-555-0100,HomeGuard Demo Agency,2026-09-15,Individual,,547 Example Lane,Sample City,SC,01447,Sample County,Owner-occupied,Yes,Detached single family,1,1962,2550,1,Frame,Slab,No,,No,6,No,No,,,14,Tile,Mixed,Fair,2012.0,1,No,DEMO-ONLY/448/roof_verification,Copper,Circuit breakers,,200,PEX / PVC / CPVC,,12,Garage,Central electric,,No,No,No,,No,Yes,Yes,None,None,No,No,No,3.1,200,,No,No,No,No,No,No,,21,47,X,,No,No,No,,HO-3,375082,327000,32700,196200,65400,100000,5000,2500,2,No,No,No,No,In force,No,Example Mutual (synthetic),,0,No,,0,0,0,0,,Verified,Verified,Verified,Verified,Verified,DEMO-ONLY/448/property_verification,DEMO-ONLY/448/claims_verification,DEMO-ONLY/448/hazard_verification,DEMO-ONLY/448/replacement_cost_verification,Synthetic evidence scenario,2026-09-15,,No,Yes,Yes,Yes,,DEMO-2026-00448,2,Demo portfolio,2026-09-06T12:00:00+00:00,0.0,A
Sam Lane · Demo 449,,homeowner449@example.com,202-555-0100,HomeGuard Demo Agency,2026-09-15,Individual,,548 Example Lane,Sample City,SD,01448,Sample County,Owner-occupied,Yes,Detached single family,1,1961,2200,2,Frame,Crawl space,No,,No,2,No,No,,,4,Architectural shingle,Gable,Fair,2022.0,1,No,DEMO-ONLY/449/roof_verification,Copper,Circuit breakers,,200,PEX / PVC / CPVC,,5,Garage,Central electric,,No,No,No,,No,Yes,Yes,None,None,No,No,No,3.2,750,,Yes,Yes,No,No,No,No,,20,3,X,,No,No,No,,HO-3,916408,1104000,110400,662400,220800,300000,5000,2500,2,No,No,No,No,In force,No,Example Mutual (synthetic),,0,No,,1,0,118960,0,"Synthetic loss-run example: 1 claim(s), 0 open; total paid $118,960. Not a real claims report.",Verified,Verified,Verified,Verified,Verified,DEMO-ONLY/449/property_verification,DEMO-ONLY/449/claims_verification,DEMO-ONLY/449/hazard_verification,DEMO-ONLY/449/replacement_cost_verification,Synthetic evidence scenario,2026-09-15,,No,Yes,Yes,Yes,,DEMO-2026-00449,2,Demo portfolio,2026-09-02T12:00:00+00:00,0.1077536231884058,A
Jordan Lane · Demo 450,,homeowner450@example.com,202-555-0100,HomeGuard Demo Agency,2026-09-15,Individual,,549 Example Lane,Sample City,TN,01449,Sample County,Owner-occupied,Yes,Detached single family,1,1988,4450,1,Masonry veneer,Basement,No,,No,10,No,No,,,13,Metal,Gable,Fair,2013.0,1,Yes,DEMO-ONLY/450/roof_verification,Copper,Circuit breakers,,200,Copper,,3,Garage,Heat pump,,No,No,No,,No,Yes,Yes,None,None,No,No,No,4.9,450,,No,No,No,No,No,No,,23,0,X,,No,No,No,,HO-3,702801,737000,73700,442200,147400,300000,5000,1000,2,No,No,No,No,In force,No,Example Mutual (synthetic),,0,No,,0,0,0,0,,Verified,Verified,Verified,Verified,Verified,DEMO-ONLY/450/property_verification,DEMO-ONLY/450/claims_verification,DEMO-ONLY/450/hazard_verification,DEMO-ONLY/450/replacement_cost_verification,Synthetic evidence scenario,2026-09-15,,No,Yes,Yes,Yes,,DEMO-2026-00450,2,Demo portfolio,2026-09-03T12:00:00+00:00,0.0,B
Morgan Reed · Demo 451,,homeowner451@example.com,202-555-0100,HomeGuard Demo Agency,2026-09-15,Individual,,550 Example Lane,Sample City,TX,01450,Sample County,Owner-occupied,Yes,Detached single family,1,1985,1150,2,Frame,Slab,No,,No,12,No,No,,,14,Slate,Gable,Fair,2012.0,1,No,DEMO-ONLY/451/roof_verification,Copper,Circuit breakers,,200,PEX / PVC / CPVC,,7,Garage,Central gas,,No,No,No,,No,Yes,Yes,None,None,No,No,No,1.6,250,,No,No,No,No,No,No,,24,44,X,,No,No,No,,HO-5,999353,1195000,119500,717000,239000,500000,5000,2500,2,No,No,No,No,In force,No,Example Mutual (synthetic),,0,No,,0,0,0,0,,Verified,Verified,Verified,Not checked,Verified,DEMO-ONLY/451/property_verification,DEMO-ONLY/451/claims_verification,,DEMO-ONLY/451/replacement_cost_verification,Synthetic evidence scenario,2026-09-15,,No,Yes,Yes,Yes,,DEMO-2026-00451,2,Demo portfolio,2026-09-06T12:00:00+00:00,0.0,B
Sam Reed · Demo 452,,homeowner452@example.com,202-555-0100,HomeGuard Demo Agency,2026-09-15,Individual,,551 Example Lane,Sample City,UT,01451,Sample County,Owner-occupied,Yes,Detached single family,1,2004,3550,1,Masonry veneer,Basement,No,,No,7,No,No,,,15,Slate,Gable,Good,2011.0,1,No,DEMO-ONLY/452/roof_verification,Copper,Circuit breakers,,200,PEX / PVC / CPVC,,3,Garage,Central gas,,No,No,No,,No,Yes,Yes,None,None,No,No,No,3.2,850,,No,No,No,No,No,No,,8,30,X,,No,No,No,,HO-5,1008792,1111000,111100,666600,222200,100000,5000,2500,2,No,No,No,No,In force,No,Example Mutual (synthetic),,0,No,,0,0,0,0,,Verified,Verified,Verified,Verified,Verified,DEMO-ONLY/452/property_verification,DEMO-ONLY/452/claims_verification,DEMO-ONLY/452/hazard_verification,DEMO-ONLY/452/replacement_cost_verification,Synthetic evidence scenario,2026-09-15,,No,Yes,Yes,Yes,,DEMO-2026-00452,2,Demo portfolio,2026-08-22T12:00:00+00:00,0.0,A
Alex Ellis · Demo 453,,homeowner453@example.com,202-555-0100,HomeGuard Demo Agency,2026-09-15,Individual,,552 Example Lane,Sample City,VT,01452,Sample County,Owner-occupied,Yes,Detached single family,1,1972,4100,1,Masonry veneer,Basement,No,,Yes,0,No,No,,,16,Architectural shingle,Gable,Good,2010.0,1,No,DEMO-ONLY/453/roof_verification,Copper,Circuit breakers,,200,PEX / PVC / CPVC,,7,Garage,Heat pump,,No,No,No,,No,Yes,Yes,None,None,No,No,No,1.4,250,,No,No,No,No,No,No,,29,21,X,,No,No,No,,HO-5,210814,227000,22700,136200,45400,500000,5000,1000,2,No,No,No,No,In force,No,Example Mutual (synthetic),,0,No,,0,0,0,0,,Verified,Verified,Verified,Verified,Verified,DEMO-ONLY/453/property_verification,DEMO-ONLY/453/claims_verification,DEMO-ONLY/453/hazard_verification,DEMO-ONLY/453/replacement_cost_verification,Synthetic evidence scenario,2026-09-15,,No,Yes,Yes,Yes,,DEMO-2026-00453,2,Demo portfolio,2026-07-28T12:00:00+00:00,0.0,B
Sam Hayes · Demo 454,,homeowner454@example.com,202-555-0100,HomeGuard Demo Agency,2026-09-15,Individual,,553 Example Lane,Sample City,VA,01453,Sample County,Owner-occupied,Yes,Detached single family,1,1960,2350,1,Masonry veneer,Crawl space,No,,No,16,No,No,,,36,Architectural shingle,Mixed,Poor,,1,No,DEMO-ONLY/454/roof_verification,Copper,Circuit breakers,,200,Copper,,10,Garage,Heat pump,,No,No,No,,No,Yes,Yes,None,None,No,No,No,1.1,600,,No,No,No,No,No,No,,17,4,X,,No,No,No,,HO-5,1141737,1013000,101300,607800,202600,500000,5000,2500,2,No,No,No,No,In force,No,Example Mutual (synthetic),,0,No,,0,0,0,0,,Verified,Verified,Verified,Verified,Verified,DEMO-ONLY/454/property_verification,DEMO-ONLY/454/claims_verification,DEMO-ONLY/454/hazard_verification,DEMO-ONLY/454/replacement_cost_verification,Synthetic evidence scenario,2026-09-15,,No,Yes,Yes,Yes,,DEMO-2026-00454,2,Demo portfolio,2026-08-14T12:00:00+00:00,0.0,F
Sam Hayes · Demo 455,,homeowner455@example.com,202-555-0100,HomeGuard Demo Agency,2026-09-15,Individual,,554 Example Lane,Sample City,WA,01454,Sample County,Owner-occupied,Yes,Detached single family,1,1960,3150,1,Solid masonry,Basement,No,,No,5,No,No,,,6,Metal,Mixed,Fair,2020.0,1,No,DEMO-ONLY/455/roof_verification,Copper,Circuit breakers,,200,Copper,,13,Garage,Central gas,,No,No,No,,No,Yes,Yes,None,None,No,No,No,3.8,900,,No,No,No,No,No,No,,7,29,X,,No,No,No,,HO-3,1016324,1027000,102700,616200,205400,300000,5000,2500,2,No,No,No,No,In force,No,Example Mutual (synthetic),,0,No,,0,0,0,0,,Verified,Verified,Verified,Verified,Verified,DEMO-ONLY/455/property_verification,DEMO-ONLY/455/claims_verification,DEMO-ONLY/455/hazard_verification,DEMO-ONLY/455/replacement_cost_verification,Synthetic evidence scenario,2026-09-15,,No,Yes,Yes,Yes,,DEMO-2026-00455,2,Demo portfolio,2026-08-27T12:00:00+00:00,0.0,A
Jordan Lane · Demo 456,,homeowner456@example.com,202-555-0100,HomeGuard Demo Agency,2026-09-15,Individual,,555 Example Lane,Sample City,WV,01455,Sample County,Owner-occupied,Yes,Detached single family,1,2016,2400,2,Solid masonry,Basement,No,,No,19,No,No,,,6,Architectural shingle,Gable,Fair,2020.0,1,No,DEMO-ONLY/456/roof_verification,Copper,Circuit breakers,,200,PEX / PVC / CPVC,,8,Garage,Heat pump,,No,No,No,,No,Yes,Yes,None,None,No,No,No,0.5,950,,Yes,Yes,No,No,No,No,,10,49,X,,No,No,No,,HO-3,1011078,1040000,104000,624000,208000,100000,5000,2500,2,No,No,No,No,In force,No,Example Mutual (synthetic),,0,No,,0,0,0,0,,Verified,Verified,Verified,Verified,Verified,DEMO-ONLY/456/property_verification,DEMO-ONLY/456/claims_verification,DEMO-ONLY/456/hazard_verification,DEMO-ONLY/456/replacement_cost_verification,Synthetic evidence scenario,2026-09-15,,No,Yes,Yes,Yes,,DEMO-2026-00456,2,Demo portfolio,2026-07-25T12:00:00+00:00,0.0,A
Taylor Hayes · Demo 457,,homeowner457@example.com,202-555-0100,HomeGuard Demo Agency,2026-09-15,Individual,,556 Example Lane,Sample City,WI,01456,Sample County,Owner-occupied,Yes,Detached single family,1,1951,5350,3,Masonry veneer,Crawl space,No,,No,6,No,No,,,3,Slate,Mixed,Good,2023.0,1,No,DEMO-ONLY/457/roof_verification,Copper,Circuit breakers,,200,PEX / PVC / CPVC,,4,Garage,Central electric,,No,No,No,,No,Yes,Yes,None,None,No,No,No,2.1,250,,No,No,No,No,No,No,,18,32,X,,No,No,No,,HO-3,742857,673000,67300,403800,134600,500000,5000,2500,2,No,No,No,No,In force,No,Example Mutual (synthetic),,0,No,,1,0,769956,0,"Synthetic loss-run example: 1 claim(s), 0 open; total paid $769,956. Not a real claims report.",Verified,Verified,Verified,Verified,Verified,DEMO-ONLY/457/property_verification,DEMO-ONLY/457/claims_verification,DEMO-ONLY/457/hazard_verification,DEMO-ONLY/457/replacement_cost_verification,Synthetic evidence scenario,2026-09-15,,No,Yes,Yes,Yes,,DEMO-2026-00457,2,Demo portfolio,2026-08-12T12:00:00+00:00,1.1440653789004458,F
Alex Hayes · Demo 458,,homeowner458@example.com,202-555-0100,HomeGuard Demo Agency,2026-09-15,Individual,,557 Example Lane,Sample City,WY,01457,Sample County,Owner-occupied,Yes,Detached single family,1,1950,1750,3,Masonry veneer,Slab,No,,No,4,No,No,,,18,Tile,Gable,Fair,2008.0,1,No,DEMO-ONLY/458/roof_verification,Copper,Circuit breakers,,200,Copper,,9,Garage,Central gas,,No,No,No,,No,No,Yes,None,None,No,No,No,0.4,600,,No,No,No,No,No,No,,25,1,X,,No,No,No,,HO-3,1166019,1408000,140800,844800,281600,500000,5000,2500,2,No,No,No,No,In force,No,Example Mutual (synthetic),,0,No,,0,0,0,0,,Verified,Verified,Verified,Verified,Verified,DEMO-ONLY/458/property_verification,DEMO-ONLY/458/claims_verification,DEMO-ONLY/458/hazard_verification,DEMO-ONLY/458/replacement_cost_verification,Synthetic evidence scenario,2026-09-15,,No,Yes,Yes,Yes,,DEMO-2026-00458,2,Demo portfolio,2026-09-03T12:00:00+00:00,0.0,B
Jordan Reed · Demo 459,,homeowner459@example.com,202-555-0100,HomeGuard Demo Agency,2026-09-15,Individual,,558 Example Lane,Sample City,DC,01458,Sample County,Owner-occupied,Yes,Detached single family,1,1993,1650,1,Frame,Crawl space,No,,No,2,No,No,,,10,Metal,Hip,Fair,2016.0,1,No,DEMO-ONLY/459/roof_verification,Copper,Circuit breakers,,200,Copper,,3,Garage,Heat pump,,No,No,No,,No,Yes,Yes,None,None,No,No,No,0.5,700,,No,No,No,No,No,No,,21,25,X,,No,No,No,,HO-5,229909,228000,22800,136800,45600,500000,5000,1000,2,No,No,No,No,In force,No,Example Mutual (synthetic),,0,No,,0,0,0,0,,Verified,Verified,Verified,Verified,Verified,DEMO-ONLY/459/property_verification,DEMO-ONLY/459/claims_verification,DEMO-ONLY/459/hazard_verification,DEMO-ONLY/459/replacement_cost_verification,Synthetic evidence scenario,2026-09-15,,No,Yes,Yes,Yes,,DEMO-2026-00459,2,Demo portfolio,2026-09-03T12:00:00+00:00,0.0,A
Sam Ellis · Demo 460,,homeowner460@example.com,202-555-0100,HomeGuard Demo Agency,2026-09-15,Individual,,559 Example Lane,Sample City,AL,01459,Sample County,Owner-occupied,Yes,Condominium,1,1958,2700,1,Frame,Slab,No,,No,4,No,No,,,8,Metal,Gable,Fair,2018.0,1,No,DEMO-ONLY/460/roof_verification,Copper,Circuit breakers,,200,PEX / PVC / CPVC,,10,Garage,Central gas,,No,No,No,,No,Yes,Yes,None,None,No,No,No,2.1,850,,No,No,No,No,No,No,,25,33,X,,No,No,No,,HO-3,1023744,973000,97300,583800,194600,300000,5000,1000,2,No,No,No,No,In force,No,Example Mutual (synthetic),,0,No,,0,0,0,0,,Verified,Verified,Verified,Verified,Verified,DEMO-ONLY/460/property_verification,DEMO-ONLY/460/claims_verification,DEMO-ONLY/460/hazard_verification,DEMO-ONLY/460/replacement_cost_verification,Synthetic evidence scenario,2026-09-15,,No,Yes,Yes,Yes,,DEMO-2026-00460,2,Demo portfolio,2026-08-12T12:00:00+00:00,0.0,B
Taylor Reed · Demo 461,,homeowner461@example.com,202-555-0100,HomeGuard Demo Agency,2026-09-15,Individual,,560 Example Lane,Sample City,AK,01460,Sample County,Owner-occupied,Yes,Detached single family,1,2012,3000,1,Frame,Basement,No,,No,4,No,No,,,8,Metal,Gable,Fair,2018.0,1,No,DEMO-ONLY/461/roof_verification,Copper,Circuit breakers,,200,PEX / PVC / CPVC,,6,Garage,Central gas,,No,No,No,,No,Yes,Yes,None,None,No,No,No,2.2,100,,No,No,No,No,No,No,,48,42,X,,No,No,No,,HO-3,278182,327000,32700,196200,65400,300000,5000,5000,2,No,No,No,No,In force,No,Example Mutual (synthetic),,0,No,,1,0,5945,0,"Synthetic loss-run example: 1 claim(s), 0 open; total paid $5,945. Not a real claims report.",Verified,Verified,Verified,Not checked,Verified,DEMO-ONLY/461/property_verification,DEMO-ONLY/461/claims_verification,,DEMO-ONLY/461/replacement_cost_verification,Synthetic evidence scenario,2026-09-15,,No,Yes,Yes,Yes,,DEMO-2026-00461,2,Demo portfolio,2026-07-25T12:00:00+00:00,0.018180428134556576,B
Taylor Reed · Demo 462,,homeowner462@example.com,202-555-0100,HomeGuard Demo Agency,2026-09-15,Individual,,561 Example Lane,Sample City,AZ,01461,Sample County,Owner-occupied,Yes,Detached single family,1,1988,4850,3,Solid masonry,Crawl space,No,,No,19,No,No,,,18,Slate,Mixed,Good,2008.0,1,No,DEMO-ONLY/462/roof_verification,Copper,Circuit breakers,,200,Copper,,14,Garage,Central gas,,No,No,No,,No,Yes,Yes,None,None,No,No,No,4.5,600,,No,No,No,No,No,No,,3,0,X,,No,No,No,,HO-3,336312,342000,34200,205200,68400,100000,5000,1000,2,No,No,No,No,In force,No,Example Mutual (synthetic),,0,No,,0,0,0,0,,Verified,Verified,Verified,Verified,Verified,DEMO-ONLY/462/property_verification,DEMO-ONLY/462/claims_verification,DEMO-ONLY/462/hazard_verification,DEMO-ONLY/462/replacement_cost_verification,Synthetic evidence scenario,2026-09-15,,No,Yes,Yes,Yes,,DEMO-2026-00462,2,Demo portfolio,2026-08-01T12:00:00+00:00,0.0,A
Taylor Hayes · Demo 463,,homeowner463@example.com,202-555-0100,HomeGuard Demo Agency,2026-09-15,Individual,,562 Example Lane,Sample City,AR,01462,Sample County,Owner-occupied,Yes,Detached single family,1,1989,4150,3,Frame,Slab,No,,No,15,No,No,,,14,Metal,Gable,Fair,2012.0,1,No,DEMO-ONLY/463/roof_verification,Copper,Circuit breakers,,200,PEX / PVC / CPVC,,14,Garage,Central gas,,No,No,No,,No,Yes,Yes,None,None,No,No,No,1.9,750,,No,No,No,No,No,No,,38,13,X,,No,No,No,,HO-3,432557,417000,41700,250200,83400,500000,5000,1000,2,No,No,No,No,In force,No,Example Mutual (synthetic),,44,No,,0,0,0,0,,Verified,Verified,Verified,Verified,Verified,DEMO-ONLY/463/property_verification,DEMO-ONLY/463/claims_verification,DEMO-ONLY/463/hazard_verification,DEMO-ONLY/463/replacement_cost_verification,Synthetic evidence scenario,2026-09-15,,No,Yes,Yes,Yes,,DEMO-2026-00463,2,Demo portfolio,2026-07-20T12:00:00+00:00,0.0,B
Alex Reed · Demo 464,,homeowner464@example.com,202-555-0100,HomeGuard Demo Agency,2026-09-15,Individual,,563 Example Lane,Sample City,CA,01463,Sample County,Owner-occupied,Yes,Detached single family,1,1960,2400,3,Solid masonry,Crawl space,No,,No,14,No,No,,,28,Metal,Gable,Poor,,1,No,DEMO-ONLY/464/roof_verification,Copper,Circuit breakers,,200,PEX / PVC / CPVC,,13,Garage,Heat pump,,No,No,No,,No,Yes,Yes,None,None,No,No,No,3.8,950,,No,No,No,No,No,No,,19,37,X,,No,No,No,,HO-5,199127,208000,20800,124800,41600,500000,5000,5000,2,No,No,No,No,In force,No,Example Mutual (synthetic),,0,No,,0,0,0,0,,Verified,Verified,Verified,Verified,Verified,DEMO-ONLY/464/property_verification,DEMO-ONLY/464/claims_verification,DEMO-ONLY/464/hazard_verification,DEMO-ONLY/464/replacement_cost_verification,Synthetic evidence scenario,2026-09-15,,No,Yes,Yes,Yes,,DEMO-2026-00464,2,Demo portfolio,2026-09-13T12:00:00+00:00,0.0,F
Sam Reed · Demo 465,,homeowner465@example.com,202-555-0100,HomeGuard Demo Agency,2026-09-15,Individual,,564 Example Lane,Sample City,CO,01464,Sample County,Owner-occupied,Yes,Detached single family,1,1958,4650,1,Solid masonry,Basement,No,,No,10,No,No,,,18,Slate,Mixed,Fair,2008.0,1,No,DEMO-ONLY/465/roof_verification,Copper,Circuit breakers,,200,PEX / PVC / CPVC,,1,Garage,Central gas,,No,No,No,,No,Yes,Yes,None,None,No,No,No,1.8,450,,No,No,No,No,No,No,,99,49,X,,No,No,No,,HO-5,1492107,1378000,137800,826800,275600,500000,5000,5000,2,No,No,No,No,In force,No,Example Mutual (synthetic),,0,No,,0,0,0,0,,Verified,Verified,Verified,Verified,Verified,DEMO-ONLY/465/property_verification,DEMO-ONLY/465/claims_verification,DEMO-ONLY/465/hazard_verification,DEMO-ONLY/465/replacement_cost_verification,Synthetic evidence scenario,2026-09-15,,No,Yes,Yes,Yes,,DEMO-2026-00465,2,Demo portfolio,2026-08-17T12:00:00+00:00,0.0,F
Sam Lane · Demo 466,,homeowner466@example.com,202-555-0100,HomeGuard Demo Agency,2026-09-15,Individual,,565 Example Lane,Sample City,CT,01465,Sample County,Owner-occupied,Yes,Detached single family,1,2022,5150,1,Masonry veneer,Slab,No,,No,3,No,No,,,3,Tile,Hip,Good,2023.0,1,No,DEMO-ONLY/466/roof_verification,Copper,Circuit breakers,,200,Copper,,2,Garage,Central electric,,No,No,No,,No,Yes,Yes,None,None,No,No,No,1.2,200,,No,No,No,No,No,No,,49,0,X,,No,No,No,,HO-5,1170455,1214000,121400,728400,242800,300000,5000,1000,2,No,No,No,No,In force,No,Example Mutual (synthetic),,0,No,,0,0,0,0,,Verified,Verified,Verified,Verified,Verified,DEMO-ONLY/466/property_verification,DEMO-ONLY/466/claims_verification,DEMO-ONLY/466/hazard_verification,DEMO-ONLY/466/replacement_cost_verification,Synthetic evidence scenario,2026-09-15,,No,Yes,Yes,Yes,,DEMO-2026-00466,2,Demo portfolio,2026-08-14T12:00:00+00:00,0.0,A
Morgan Hayes · Demo 467,,homeowner467@example.com,202-555-0100,HomeGuard Demo Agency,2026-09-15,Individual,,566 Example Lane,Sample City,DE,01466,Sample County,Owner-occupied,Yes,Detached single family,1,1990,4950,2,Masonry veneer,Basement,No,,No,6,No,No,,,2,Architectural shingle,Hip,Good,2024.0,1,No,DEMO-ONLY/467/roof_verification,Copper,Circuit breakers,,200,PEX / PVC / CPVC,,13,Garage,Central gas,,No,No,No,,No,Yes,Yes,None,None,No,No,No,0.2,800,,No,No,No,No,No,No,,48,6,X,,No,No,No,,HO-3,946324,1081000,108100,648600,216200,100000,5000,5000,2,No,No,No,No,In force,No,Example Mutual (synthetic),,0,No,,2,0,128752,0,"Synthetic loss-run example: 2 claim(s), 0 open; total paid $128,752. Not a real claims report.",Verified,Verified,Verified,Verified,Verified,DEMO-ONLY/467/property_verification,DEMO-ONLY/467/claims_verification,DEMO-ONLY/467/hazard_verification,DEMO-ONLY/467/replacement_cost_verification,Synthetic evidence scenario,2026-09-15,,No,Yes,Yes,Yes,,DEMO-2026-00467,2,Demo portfolio,2026-08-31T12:00:00+00:00,0.119104532839963,B
Sam Hayes · Demo 468,,homeowner468@example.com,202-555-0100,HomeGuard Demo Agency,2026-09-15,Individual,,567 Example Lane,Sample City,FL,01467,Sample County,Owner-occupied,Yes,Detached single family,1,1986,2300,3,Masonry veneer,Slab,No,,No,8,No,No,,,18,Tile,Hip,Fair,2008.0,1,No,DEMO-ONLY/468/roof_verification,Copper,Circuit breakers,,200,PEX / PVC / CPVC,,13,Garage,Central electric,,No,No,No,,No,Yes,Yes,None,None,No,No,No,4.4,250,,No,No,No,No,No,No,,40,49,X,,No,No,No,,HO-3,219067,228000,22800,136800,45600,300000,5000,1000,2,No,No,No,No,In force,No,Example Mutual (synthetic),,0,No,,0,0,0,0,,Verified,Verified,Verified,Verified,Verified,DEMO-ONLY/468/property_verification,DEMO-ONLY/468/claims_verification,DEMO-ONLY/468/hazard_verification,DEMO-ONLY/468/replacement_cost_verification,Synthetic evidence scenario,2026-09-15,,No,Yes,Yes,Yes,,DEMO-2026-00468,2,Demo portfolio,2026-08-09T12:00:00+00:00,0.0,A
Jordan Ellis · Demo 469,,homeowner469@example.com,202-555-0100,HomeGuard Demo Agency,2026-09-15,Individual,,568 Example Lane,Sample City,GA,01468,Sample County,Owner-occupied,Yes,Detached single family,1,1955,2200,3,Masonry veneer,Crawl space,No,,No,17,No,No,,,16,Metal,Hip,Fair,2010.0,1,No,DEMO-ONLY/469/roof_verification,Copper,Circuit breakers,,200,PEX / PVC / CPVC,,7,Garage,Central electric,,No,No,No,,No,Yes,Yes,None,None,No,No,No,4.2,300,,No,No,No,No,No,No,,20,0,X,,No,No,No,,HO-5,1343173,1343000,134300,805800,268600,500000,5000,2500,2,No,No,No,No,In force,No,Example Mutual (synthetic),,0,No,,1,0,249778,0,"Synthetic loss-run example: 1 claim(s), 0 open; total paid $249,778. Not a real claims report.",Verified,Verified,Verified,Verified,Verified,DEMO-ONLY/469/property_verification,DEMO-ONLY/469/claims_verification,DEMO-ONLY/469/hazard_verification,DEMO-ONLY/469/replacement_cost_verification,Synthetic evidence scenario,2026-09-15,,No,Yes,Yes,Yes,,DEMO-2026-00469,2,Demo portfolio,2026-08-01T12:00:00+00:00,0.18598510796723752,A
Morgan Reed · Demo 470,,homeowner470@example.com,202-555-0100,HomeGuard Demo Agency,2026-09-15,Individual,,569 Example Lane,Sample City,HI,01469,Sample County,Owner-occupied,Yes,Detached single family,1,1958,4850,3,Solid masonry,Crawl space,No,,No,18,No,No,,,6,Slate,Hip,Good,2020.0,1,No,DEMO-ONLY/470/roof_verification,Copper,Circuit breakers,,200,PEX / PVC / CPVC,,4,Garage,Central gas,,No,No,No,,No,Yes,Yes,None,None,No,No,No,3.3,150,,No,No,No,No,No,No,,80,20,X,,No,No,No,,HO-5,937759,845000,84500,507000,169000,100000,5000,2500,2,No,No,No,No,In force,No,Example Mutual (synthetic),,0,No,,0,0,0,0,,Verified,Verified,Verified,Verified,Verified,DEMO-ONLY/470/property_verification,DEMO-ONLY/470/claims_verification,DEMO-ONLY/470/hazard_verification,DEMO-ONLY/470/replacement_cost_verification,Synthetic evidence scenario,2026-09-15,,No,Yes,Yes,Yes,,DEMO-2026-00470,2,Demo portfolio,2026-09-09T12:00:00+00:00,0.0,B
Alex Ellis · Demo 471,,homeowner471@example.com,202-555-0100,HomeGuard Demo Agency,2026-09-15,Individual,,570 Example Lane,Sample City,ID,01470,Sample County,Seasonal,Yes,Detached single family,1,1961,3300,1,Frame,Basement,No,,No,17,No,No,,,7,Architectural shingle,Gable,Good,2019.0,1,No,DEMO-ONLY/471/roof_verification,Copper,Circuit breakers,,200,Copper,,2,Garage,Central electric,,No,No,No,,No,Yes,Yes,None,None,No,No,No,2.7,700,,No,No,No,No,No,No,,1,30,X,,No,No,No,,HO-5,949287,995000,99500,597000,199000,100000,5000,1000,2,No,No,No,No,In force,No,Example Mutual (synthetic),,0,No,,0,0,0,0,,Verified,Verified,Verified,Not checked,Verified,DEMO-ONLY/471/property_verification,DEMO-ONLY/471/claims_verification,,DEMO-ONLY/471/replacement_cost_verification,Synthetic evidence scenario,2026-09-15,,No,Yes,Yes,Yes,,DEMO-2026-00471,2,Demo portfolio,2026-07-27T12:00:00+00:00,0.0,B
Alex Ellis · Demo 472,,homeowner472@example.com,202-555-0100,HomeGuard Demo Agency,2026-09-15,Individual,,571 Example Lane,Sample City,IL,01471,Sample County,Owner-occupied,Yes,Detached single family,1,1964,2850,2,Masonry veneer,Slab,No,,No,7,No,No,,,9,Slate,Mixed,Good,2017.0,1,No,DEMO-ONLY/472/roof_verification,Copper,Circuit breakers,,200,PEX / PVC / CPVC,,5,Garage,Central gas,,No,No,No,,No,Yes,Yes,None,None,No,No,No,3.4,300,,No,No,No,No,No,No,,0,13,X,,No,No,No,,HO-3,763572,915000,91500,549000,183000,100000,5000,1000,2,No,No,No,No,In force,No,Example Mutual (synthetic),,0,No,,0,0,0,0,,Verified,Verified,Verified,Verified,Verified,DEMO-ONLY/472/property_verification,DEMO-ONLY/472/claims_verification,DEMO-ONLY/472/hazard_verification,DEMO-ONLY/472/replacement_cost_verification,Synthetic evidence scenario,2026-09-15,,No,Yes,Yes,Yes,,DEMO-2026-00472,2,Demo portfolio,2026-07-21T12:00:00+00:00,0.0,A
Jordan Reed · Demo 473,,homeowner473@example.com,202-555-0100,HomeGuard Demo Agency,2026-09-15,Individual,,572 Example Lane,Sample City,IN,01472,Sample County,Owner-occupied,Yes,Detached single family,1,2008,2050,1,Frame,Slab,No,,No,17,No,No,,,14,Slate,Mixed,Fair,2012.0,1,No,DEMO-ONLY/473/roof_verification,Copper,Circuit breakers,,200,PEX / PVC / CPVC,,7,Garage,Central electric,,No,No,No,,No,Yes,Yes,None,None,No,No,No,0.2,550,,No,No,No,No,No,No,,5,8,X,,No,No,No,,HO-5,912669,984000,98400,590400,196800,100000,5000,1000,2,No,No,No,No,In force,No,Example Mutual (synthetic),,0,No,,1,0,4457,0,"Synthetic loss-run example: 1 claim(s), 0 open; total paid $4,457. Not a real claims report.",Verified,Verified,Verified,Verified,Verified,DEMO-ONLY/473/property_verification,DEMO-ONLY/473/claims_verification,DEMO-ONLY/473/hazard_verification,DEMO-ONLY/473/replacement_cost_verification,Synthetic evidence scenario,2026-09-15,,No,Yes,Yes,Yes,,DEMO-2026-00473,2,Demo portfolio,2026-09-12T12:00:00+00:00,0.004529471544715447,A
Morgan Brooks · Demo 474,,homeowner474@example.com,202-555-0100,HomeGuard Demo Agency,2026-09-15,Individual,,573 Example Lane,Sample City,IA,01473,Sample County,Owner-occupied,Yes,Detached single family,1,2012,3900,1,Masonry veneer,Slab,No,,No,20,No,No,,,3,Metal,Gable,Good,2023.0,1,No,DEMO-ONLY/474/roof_verification,Copper,Circuit breakers,,200,PEX / PVC / CPVC,,11,Garage,Central gas,,No,No,No,,No,Yes,Yes,None,None,No,No,No,1.1,350,,Yes,No,No,No,No,No,,21,25,X,,No,No,No,,HO-3,1504079,1459000,145900,875400,291800,500000,5000,5000,2,No,No,No,No,In force,No,Example Mutual (synthetic),,0,No,,0,0,0,0,,Verified,Verified,Verified,Verified,Verified,DEMO-ONLY/474/property_verification,DEMO-ONLY/474/claims_verification,DEMO-ONLY/474/hazard_verification,DEMO-ONLY/474/replacement_cost_verification,Synthetic evidence scenario,2026-09-15,,No,Yes,Yes,Yes,,DEMO-2026-00474,2,Demo portfolio,2026-09-03T12:00:00+00:00,0.0,B
Morgan Hayes · Demo 475,,homeowner475@example.com,202-555-0100,HomeGuard Demo Agency,2026-09-15,Individual,,574 Example Lane,Sample City,KS,01474,Sample County,Owner-occupied,Yes,Detached single family,1,1954,2550,3,Frame,Slab,No,,No,13,No,No,,,9,Metal,Hip,Good,2017.0,1,No,DEMO-ONLY/475/roof_verification,Copper,Circuit breakers,,200,PEX / PVC / CPVC,,9,Garage,Heat pump,,No,No,No,,No,Yes,Yes,None,None,No,No,No,2.5,650,,No,No,No,No,No,No,,24,36,X,,No,No,No,,HO-3,238053,216000,21600,129600,43200,100000,5000,2500,2,No,No,No,No,In force,No,Example Mutual (synthetic),,0,No,,0,0,0,0,,Verified,Verified,Verified,Verified,Verified,DEMO-ONLY/475/property_verification,DEMO-ONLY/475/claims_verification,DEMO-ONLY/475/hazard_verification,DEMO-ONLY/475/replacement_cost_verification,Synthetic evidence scenario,2026-09-15,,No,Yes,Yes,Yes,,DEMO-2026-00475,2,Demo portfolio,2026-08-19T12:00:00+00:00,0.0,A
Casey Parker · Demo 476,,homeowner476@example.com,202-555-0100,HomeGuard Demo Agency,2026-09-15,Individual,,575 Example Lane,Sample City,KY,01475,Sample County,Owner-occupied,Yes,Detached single family,1,1981,4300,1,Frame,Slab,No,,No,10,No,No,,,14,Tile,Hip,Fair,2012.0,1,No,DEMO-ONLY/476/roof_verification,Copper,Circuit breakers,,200,PEX / PVC / CPVC,,3,Garage,Central gas,,No,No,No,,No,Yes,Yes,None,None,No,No,No,4.8,250,,No,No,No,No,No,No,,0,4,X,,No,No,No,,HO-3,852747,1039000,103900,623400,207800,100000,5000,1000,2,No,No,No,No,In force,No,Example Mutual (synthetic),,0,No,,6,0,36449,0,"Synthetic loss-run example: 6 claim(s), 0 open; total paid $36,449. Not a real claims report.",Verified,Verified,Verified,Verified,Verified,DEMO-ONLY/476/property_verification,DEMO-ONLY/476/claims_verification,DEMO-ONLY/476/hazard_verification,DEMO-ONLY/476/replacement_cost_verification,Synthetic evidence scenario,2026-09-15,,No,Yes,Yes,Yes,,DEMO-2026-00476,2,Demo portfolio,2026-07-29T12:00:00+00:00,0.03508084696823869,F
Alex Lane · Demo 477,,homeowner477@example.com,202-555-0100,HomeGuard Demo Agency,2026-09-15,Individual,,576 Example Lane,Sample City,LA,01476,Sample County,Owner-occupied,Yes,Detached single family,1,2004,2350,1,Solid masonry,Basement,No,,No,15,No,No,,,2,Architectural shingle,Gable,Fair,2024.0,1,No,DEMO-ONLY/477/roof_verification,Copper,Circuit breakers,,200,Copper,,6,Garage,Heat pump,,No,No,No,,No,Yes,Yes,None,None,No,No,No,2.2,950,,Yes,Yes,No,No,No,No,,8,43,X,,No,No,No,,HO-3,985581,952000,95200,571200,190400,100000,5000,1000,2,No,No,No,No,In force,No,Example Mutual (synthetic),,0,No,,1,0,181760,0,"Synthetic loss-run example: 1 claim(s), 0 open; total paid $181,760. Not a real claims report.",Verified,Verified,Verified,Verified,Verified,DEMO-ONLY/477/property_verification,DEMO-ONLY/477/claims_verification,DEMO-ONLY/477/hazard_verification,DEMO-ONLY/477/replacement_cost_verification,Synthetic evidence scenario,2026-09-15,,No,Yes,Yes,Yes,,DEMO-2026-00477,2,Demo portfolio,2026-08-08T12:00:00+00:00,0.19092436974789917,A
Alex Reed · Demo 478,,homeowner478@example.com,202-555-0100,HomeGuard Demo Agency,2026-09-15,Individual,,577 Example Lane,Sample City,ME,01477,Sample County,Owner-occupied,Yes,Detached single family,1,2008,1300,2,Solid masonry,Crawl space,No,,No,20,No,No,,,9,Slate,Gable,Good,2017.0,1,No,DEMO-ONLY/478/roof_verification,Copper,Circuit breakers,,200,PEX / PVC / CPVC,,6,Garage,Central gas,,No,No,No,,No,Yes,Yes,None,None,No,No,No,4.3,200,,No,No,No,No,No,No,,41,47,X,,No,No,No,,HO-3,239730,268000,26800,160800,53600,300000,5000,1000,2,No,No,No,No,In force,No,Example Mutual (synthetic),,0,No,,1,1,10000,0,"Synthetic loss-run example: 1 claim(s), 0 open; total paid $10,000. Not a real claims report.",Verified,Verified,Verified,Verified,Verified,DEMO-ONLY/478/property_verification,DEMO-ONLY/478/claims_verification,DEMO-ONLY/478/hazard_verification,DEMO-ONLY/478/replacement_cost_verification,Synthetic evidence scenario,2026-09-15,,No,Yes,Yes,Yes,,DEMO-2026-00478,2,Demo portfolio,2026-09-03T12:00:00+00:00,0.03731343283582089,B
Jordan Parker · Demo 479,,homeowner479@example.com,202-555-0100,HomeGuard Demo Agency,2026-09-15,Individual,,578 Example Lane,Sample City,MD,01478,Sample County,Owner-occupied,Yes,Detached single family,1,1984,4300,1,Solid masonry,Basement,No,,No,8,No,No,,,9,Metal,Mixed,Good,2017.0,1,No,DEMO-ONLY/479/roof_verification,Copper,Circuit breakers,,200,PEX / PVC / CPVC,,21,Garage,Central electric,,No,No,No,,No,Yes,Yes,None,None,No,No,No,0.4,200,,No,No,No,No,No,No,,43,14,X,,No,No,No,,HO-3,754143,747000,74700,448200,149400,300000,5000,5000,2,No,No,No,No,In force,No,Example Mutual (synthetic),,0,No,,0,0,0,0,,Verified,Verified,Verified,Verified,Verified,DEMO-ONLY/479/property_verification,DEMO-ONLY/479/claims_verification,DEMO-ONLY/479/hazard_verification,DEMO-ONLY/479/replacement_cost_verification,Synthetic evidence scenario,2026-09-15,,No,Yes,Yes,Yes,,DEMO-2026-00479,2,Demo portfolio,2026-09-02T12:00:00+00:00,0.0,B
Casey Lane · Demo 480,,homeowner480@example.com,202-555-0100,HomeGuard Demo Agency,2026-09-15,Individual,,579 Example Lane,Sample City,MA,01479,Sample County,Owner-occupied,Yes,Detached single family,1,1968,3200,3,Frame,Crawl space,No,,No,1,No,No,,,15,Metal,Mixed,Good,2011.0,1,No,DEMO-ONLY/480/roof_verification,Copper,Circuit breakers,,200,PEX / PVC / CPVC,,6,Garage,Central gas,,No,No,No,,No,Yes,Yes,None,None,No,No,No,6.2,850,,No,No,No,No,No,No,,13,31,X,,No,No,No,,HO-5,1041989,917000,91700,550200,183400,100000,5000,2500,2,No,No,No,No,In force,No,Example Mutual (synthetic),,0,No,,0,0,0,0,,Verified,Verified,Verified,Verified,Verified,DEMO-ONLY/480/property_verification,DEMO-ONLY/480/claims_verification,DEMO-ONLY/480/hazard_verification,DEMO-ONLY/480/replacement_cost_verification,Synthetic evidence scenario,2026-09-15,,No,Yes,Yes,Yes,,DEMO-2026-00480,2,Demo portfolio,2026-08-15T12:00:00+00:00,0.0,B
Casey Brooks · Demo 481,,homeowner481@example.com,202-555-0100,HomeGuard Demo Agency,2026-09-15,Individual,,580 Example Lane,Sample City,MI,01480,Sample County,Owner-occupied,Yes,Detached single family,1,2003,2850,3,Solid masonry,Slab,No,,No,8,No,No,,,3,Metal,Hip,Good,2023.0,1,No,DEMO-ONLY/481/roof_verification,Copper,Circuit breakers,,200,Copper,,4,Garage,Central gas,,No,No,No,,No,Yes,Yes,None,None,No,No,No,2.4,200,,No,No,No,No,No,No,,21,7,X,,No,No,No,,HO-5,1170097,1388000,138800,832800,277600,300000,5000,2500,2,No,No,No,No,In force,No,Example Mutual (synthetic),,0,No,,1,0,252237,0,"Synthetic loss-run example: 1 claim(s), 0 open; total paid $252,237. Not a real claims report.",Verified,Verified,Verified,Not checked,Verified,DEMO-ONLY/481/property_verification,DEMO-ONLY/481/claims_verification,,DEMO-ONLY/481/replacement_cost_verification,Synthetic evidence scenario,2026-09-15,,No,Yes,Yes,Yes,,DEMO-2026-00481,2,Demo portfolio,2026-08-19T12:00:00+00:00,0.18172694524495678,B
Alex Parker · Demo 482,,homeowner482@example.com,202-555-0100,HomeGuard Demo Agency,2026-09-15,Individual,,581 Example Lane,Sample City,MN,01481,Sample County,Owner-occupied,Yes,Detached single family,1,2004,3500,1,Solid masonry,Crawl space,No,,No,5,No,No,,,2,Slate,Hip,Good,2024.0,1,No,DEMO-ONLY/482/roof_verification,Copper,Circuit breakers,,200,Copper,,6,Garage,Heat pump,,No,No,No,,No,Yes,Yes,None,None,No,No,No,3.4,300,,No,No,No,No,No,No,,38,10,X,,No,No,No,,HO-5,868388,776000,77600,465600,155200,100000,5000,2500,2,No,No,No,No,In force,No,Example Mutual (synthetic),,0,No,,0,0,0,0,,Verified,Verified,Verified,Verified,Verified,DEMO-ONLY/482/property_verification,DEMO-ONLY/482/claims_verification,DEMO-ONLY/482/hazard_verification,DEMO-ONLY/482/replacement_cost_verification,Synthetic evidence scenario,2026-09-15,,No,Yes,Yes,Yes,,DEMO-2026-00482,2,Demo portfolio,2026-08-01T12:00:00+00:00,0.0,A
Sam Parker · Demo 483,,homeowner483@example.com,202-555-0100,HomeGuard Demo Agency,2026-09-15,Individual,,582 Example Lane,Sample City,MS,01482,Sample County,Owner-occupied,Yes,Detached single family,1,1999,3900,2,Frame,Basement,No,,No,0,No,No,,,11,Architectural shingle,Mixed,Good,2015.0,1,No,DEMO-ONLY/483/roof_verification,Copper,Circuit breakers,,200,PEX / PVC / CPVC,,12,Garage,Heat pump,,No,No,No,,No,Yes,Yes,None,None,No,No,No,3.2,350,,No,No,No,No,No,No,,37,31,X,,No,No,No,,HO-5,546290,555000,55500,333000,111000,100000,5000,5000,2,No,No,No,No,In force,No,Example Mutual (synthetic),,0,No,,1,0,10000,1,"Synthetic loss-run example: 1 claim(s), 1 open; total paid $10,000. Not a real claims report.",Verified,Verified,Verified,Verified,Verified,DEMO-ONLY/483/property_verification,DEMO-ONLY/483/claims_verification,DEMO-ONLY/483/hazard_verification,DEMO-ONLY/483/replacement_cost_verification,Synthetic evidence scenario,2026-09-15,,No,Yes,Yes,Yes,,DEMO-2026-00483,2,Demo portfolio,2026-07-20T12:00:00+00:00,0.018018018018018018,F
Taylor Reed · Demo 484,,homeowner484@example.com,202-555-0100,HomeGuard Demo Agency,2026-09-15,Individual,,583 Example Lane,Sample City,MO,01483,Sample County,Owner-occupied,Yes,Detached single family,1,1951,1500,2,Solid masonry,Basement,No,,No,6,No,No,,,4,Tile,Gable,Fair,2022.0,1,No,DEMO-ONLY/484/roof_verification,Copper,Circuit breakers,,200,PEX / PVC / CPVC,,1,Garage,Central gas,,No,No,No,,No,Yes,Yes,None,None,No,No,No,2.0,850,,Yes,Yes,No,No,No,No,,39,16,X,,No,No,No,,HO-5,380502,366000,36600,219600,73200,300000,5000,2500,2,No,No,No,No,In force,No,Example Mutual (synthetic),,0,No,,0,0,0,0,,Verified,Verified,Verified,Verified,Verified,DEMO-ONLY/484/property_verification,DEMO-ONLY/484/claims_verification,DEMO-ONLY/484/hazard_verification,DEMO-ONLY/484/replacement_cost_verification,Synthetic evidence scenario,2026-09-15,,No,Yes,Yes,Yes,,DEMO-2026-00484,2,Demo portfolio,2026-09-03T12:00:00+00:00,0.0,A
Sam Reed · Demo 485,,homeowner485@example.com,202-555-0100,HomeGuard Demo Agency,2026-09-15,Individual,,584 Example Lane,Sample City,MT,01484,Sample County,Owner-occupied,Yes,Detached single family,1,1972,3550,2,Masonry veneer,Slab,No,,No,6,No,No,,,12,Metal,Mixed,Fair,2014.0,1,No,DEMO-ONLY/485/roof_verification,Copper,Circuit breakers,,200,Copper,,14,Garage,Central electric,,No,No,No,,No,Yes,Yes,None,None,No,No,No,2.9,500,,No,No,No,No,No,No,,90,19,X,,No,No,No,,HO-5,971355,933000,93300,559800,186600,100000,5000,5000,2,No,No,No,No,In force,No,Example Mutual (synthetic),,0,No,,0,0,0,0,,Verified,Verified,Verified,Verified,Verified,DEMO-ONLY/485/property_verification,DEMO-ONLY/485/claims_verification,DEMO-ONLY/485/hazard_verification,DEMO-ONLY/485/replacement_cost_verification,Synthetic evidence scenario,2026-09-15,,No,Yes,Yes,Yes,,DEMO-2026-00485,2,Demo portfolio,2026-09-11T12:00:00+00:00,0.0,F
Jordan Brooks · Demo 486,,homeowner486@example.com,202-555-0100,HomeGuard Demo Agency,2026-09-15,Individual,,585 Example Lane,Sample City,NE,01485,Sample County,Owner-occupied,Yes,Detached single family,1,1992,2400,1,Solid masonry,Crawl space,No,,No,6,No,No,,,11,Metal,Hip,Fair,2015.0,1,No,DEMO-ONLY/486/roof_verification,Copper,Circuit breakers,,200,PEX / PVC / CPVC,,11,Garage,Central electric,,No,No,No,,No,Yes,Yes,None,None,No,No,No,1.9,100,,No,No,No,No,No,No,,12,19,X,,No,No,No,,HO-3,806133,781000,78100,468600,156200,500000,5000,1000,2,No,No,No,No,In force,No,Example Mutual (synthetic),,0,No,,0,0,0,0,,Verified,Verified,Verified,Verified,Verified,DEMO-ONLY/486/property_verification,DEMO-ONLY/486/claims_verification,DEMO-ONLY/486/hazard_verification,DEMO-ONLY/486/replacement_cost_verification,Synthetic evidence scenario,2026-09-15,,No,Yes,Yes,Yes,,DEMO-2026-00486,2,Demo portfolio,2026-08-05T12:00:00+00:00,0.0,A
Sam Reed · Demo 487,,homeowner487@example.com,202-555-0100,HomeGuard Demo Agency,2026-09-15,Individual,,586 Example Lane,Sample City,NV,01486,Sample County,Owner-occupied,Yes,Detached single family,1,1980,2300,2,Frame,Slab,No,,No,5,No,No,,,9,Slate,Gable,Fair,2017.0,1,No,DEMO-ONLY/487/roof_verification,Copper,Circuit breakers,,200,Copper,,4,Garage,Central gas,,No,No,No,,No,Yes,Yes,None,None,No,No,No,0.5,850,,No,No,No,No,No,No,,25,32,X,,No,No,No,,HO-3,1572293,1450000,145000,870000,290000,100000,5000,1000,2,No,No,No,No,In force,No,Example Mutual (synthetic),,0,No,,0,0,0,0,,Verified,Verified,Verified,Verified,Verified,DEMO-ONLY/487/property_verification,DEMO-ONLY/487/claims_verification,DEMO-ONLY/487/hazard_verification,DEMO-ONLY/487/replacement_cost_verification,Synthetic evidence scenario,2026-09-15,,No,Yes,Yes,Yes,,DEMO-2026-00487,2,Demo portfolio,2026-08-05T12:00:00+00:00,0.0,A
Morgan Reed · Demo 488,,homeowner488@example.com,202-555-0100,HomeGuard Demo Agency,2026-09-15,Individual,,587 Example Lane,Sample City,NH,01487,Sample County,Owner-occupied,Yes,Detached single family,1,1997,3500,3,Solid masonry,Basement,No,,No,8,No,No,,,16,Metal,Gable,Fair,2010.0,1,No,DEMO-ONLY/488/roof_verification,Copper,Circuit breakers,,200,PEX / PVC / CPVC,,11,Garage,Central electric,,No,No,No,,No,Yes,Yes,None,None,No,No,No,3.5,400,,No,No,No,No,No,No,,37,27,X,,No,No,No,,HO-3,478895,438000,43800,262800,87600,100000,5000,5000,2,No,No,No,No,In force,No,Example Mutual (synthetic),,0,No,,1,0,10000,1,"Synthetic loss-run example: 1 claim(s), 1 open; total paid $10,000. Not a real claims report.",Verified,Verified,Verified,Verified,Verified,DEMO-ONLY/488/property_verification,DEMO-ONLY/488/claims_verification,DEMO-ONLY/488/hazard_verification,DEMO-ONLY/488/replacement_cost_verification,Synthetic evidence scenario,2026-09-15,,No,Yes,Yes,Yes,,DEMO-2026-00488,2,Demo portfolio,2026-08-07T12:00:00+00:00,0.0228310502283105,F
Jordan Lane · Demo 489,,homeowner489@example.com,202-555-0100,HomeGuard Demo Agency,2026-09-15,Individual,,588 Example Lane,Sample City,NJ,01488,Sample County,Owner-occupied,Yes,Detached single family,1,1975,3650,2,Solid masonry,Basement,No,,No,5,No,No,,,16,Tile,Hip,Good,2010.0,1,No,DEMO-ONLY/489/roof_verification,Copper,Circuit breakers,,200,Copper,,14,Garage,Central gas,,No,No,No,,No,Yes,Yes,None,None,No,No,No,4.1,500,,No,No,No,No,No,No,,49,2,X,,No,No,No,,HO-3,854953,961000,96100,576600,192200,100000,5000,2500,2,No,No,No,No,In force,No,Example Mutual (synthetic),,0,No,,1,0,5050,0,"Synthetic loss-run example: 1 claim(s), 0 open; total paid $5,050. Not a real claims report.",Verified,Verified,Verified,Verified,Verified,DEMO-ONLY/489/property_verification,DEMO-ONLY/489/claims_verification,DEMO-ONLY/489/hazard_verification,DEMO-ONLY/489/replacement_cost_verification,Synthetic evidence scenario,2026-09-15,,No,Yes,Yes,Yes,,DEMO-2026-00489,2,Demo portfolio,2026-08-07T12:00:00+00:00,0.005254942767950052,A
Casey Reed · Demo 490,,homeowner490@example.com,202-555-0100,HomeGuard Demo Agency,2026-09-15,Individual,,589 Example Lane,Sample City,NM,01489,Sample County,Owner-occupied,Yes,Detached single family,1,2002,3250,2,Masonry veneer,Crawl space,No,,No,17,No,No,,,10,Metal,Mixed,Fair,2016.0,1,No,DEMO-ONLY/490/roof_verification,Copper,Circuit breakers,,200,Copper,,9,Garage,Heat pump,,No,No,No,,No,Yes,Yes,None,None,No,No,No,3.8,500,,No,No,No,No,No,No,,11,6,X,,No,No,No,,HO-3,1134536,1014000,101400,608400,202800,300000,5000,2500,2,No,No,No,No,In force,No,Example Mutual (synthetic),,0,No,,0,0,0,0,,Verified,Verified,Verified,Verified,Verified,DEMO-ONLY/490/property_verification,DEMO-ONLY/490/claims_verification,DEMO-ONLY/490/hazard_verification,DEMO-ONLY/490/replacement_cost_verification,Synthetic evidence scenario,2026-09-15,,No,Yes,Yes,Yes,,DEMO-2026-00490,2,Demo portfolio,2026-08-15T12:00:00+00:00,0.0,A
Sam Ellis · Demo 491,,homeowner491@example.com,202-555-0100,HomeGuard Demo Agency,2026-09-15,Individual,,590 Example Lane,Sample City,NY,01490,Sample County,Owner-occupied,Yes,Condominium,1,1975,3200,3,Frame,Crawl space,No,,No,9,No,No,,,10,Slate,Gable,Fair,2016.0,1,No,DEMO-ONLY/491/roof_verification,Copper,Circuit breakers,,200,PEX / PVC / CPVC,,5,Garage,Central electric,,No,No,No,,No,Yes,Yes,None,None,No,No,No,2.7,600,,No,No,No,No,No,No,,15,18,X,,No,No,No,,HO-3,416210,477000,47700,286200,95400,100000,5000,2500,2,No,No,No,No,In force,No,Example Mutual (synthetic),,0,No,,0,0,0,0,,Verified,Verified,Verified,Not checked,Verified,DEMO-ONLY/491/property_verification,DEMO-ONLY/491/claims_verification,,DEMO-ONLY/491/replacement_cost_verification,Synthetic evidence scenario,2026-09-15,,No,Yes,Yes,Yes,,DEMO-2026-00491,2,Demo portfolio,2026-07-25T12:00:00+00:00,0.0,B
Jordan Hayes · Demo 492,,homeowner492@example.com,202-555-0100,HomeGuard Demo Agency,2026-09-15,Individual,,591 Example Lane,Sample City,NC,01491,Sample County,Owner-occupied,Yes,Detached single family,1,2011,3650,1,Solid masonry,Basement,No,,No,17,No,No,,,11,Architectural shingle,Hip,Fair,2015.0,1,No,DEMO-ONLY/492/roof_verification,Copper,Circuit breakers,,200,Copper,,13,Garage,Heat pump,,No,No,No,,No,Yes,Yes,None,None,No,No,No,0.9,500,,No,No,No,No,No,No,,28,38,X,,No,No,No,,HO-5,564805,563000,56300,337800,112600,100000,5000,1000,2,No,No,No,No,In force,No,Example Mutual (synthetic),,0,No,,0,0,0,0,,Verified,Verified,Verified,Verified,Verified,DEMO-ONLY/492/property_verification,DEMO-ONLY/492/claims_verification,DEMO-ONLY/492/hazard_verification,DEMO-ONLY/492/replacement_cost_verification,Synthetic evidence scenario,2026-09-15,,No,Yes,Yes,Yes,,DEMO-2026-00492,2,Demo portfolio,2026-07-30T12:00:00+00:00,0.0,A
Jordan Reed · Demo 493,,homeowner493@example.com,202-555-0100,HomeGuard Demo Agency,2026-09-15,Individual,,592 Example Lane,Sample City,ND,01492,Sample County,Owner-occupied,Yes,Detached single family,1,1950,3700,1,Frame,Basement,No,,No,8,No,No,,,18,Metal,Mixed,Fair,2008.0,1,No,DEMO-ONLY/493/roof_verification,Copper,Circuit breakers,,200,PEX / PVC / CPVC,,9,Garage,Heat pump,,No,No,No,,No,Yes,Yes,None,None,No,No,No,3.9,350,,No,No,No,No,No,No,,30,14,X,,No,No,No,,HO-5,1098623,1261000,126100,756600,252200,300000,5000,1000,2,No,No,No,No,In force,No,Example Mutual (synthetic),,0,No,,1,0,10000,1,"Synthetic loss-run example: 1 claim(s), 1 open; total paid $10,000. Not a real claims report.",Verified,Verified,Verified,Verified,Verified,DEMO-ONLY/493/property_verification,DEMO-ONLY/493/claims_verification,DEMO-ONLY/493/hazard_verification,DEMO-ONLY/493/replacement_cost_verification,Synthetic evidence scenario,2026-09-15,,No,Yes,Yes,Yes,,DEMO-2026-00493,2,Demo portfolio,2026-08-13T12:00:00+00:00,0.007930214115781126,F
Taylor Ellis · Demo 494,,homeowner494@example.com,202-555-0100,HomeGuard Demo Agency,2026-09-15,Individual,,593 Example Lane,Sample City,OH,01493,Sample County,Owner-occupied,Yes,Detached single family,1,1984,2400,1,Frame,Slab,No,,No,10,No,No,,,17,Architectural shingle,Mixed,Good,2009.0,1,No,DEMO-ONLY/494/roof_verification,Copper,Circuit breakers,,200,PEX / PVC / CPVC,,6,Garage,Heat pump,,No,No,No,,No,Yes,Yes,None,None,No,No,No,0.6,500,,No,No,No,No,No,No,,46,0,X,,No,No,No,,HO-5,277924,244000,24400,146400,48800,500000,5000,2500,2,No,No,No,No,In force,No,Example Mutual (synthetic),,0,No,,0,0,0,0,,Verified,Verified,Verified,Verified,Verified,DEMO-ONLY/494/property_verification,DEMO-ONLY/494/claims_verification,DEMO-ONLY/494/hazard_verification,DEMO-ONLY/494/replacement_cost_verification,Synthetic evidence scenario,2026-09-15,,No,Yes,Yes,Yes,,DEMO-2026-00494,2,Demo portfolio,2026-08-08T12:00:00+00:00,0.0,A
Jordan Hayes · Demo 495,,homeowner495@example.com,202-555-0100,HomeGuard Demo Agency,2026-09-15,Individual,,594 Example Lane,Sample City,OK,01494,Sample County,Owner-occupied,Yes,Detached single family,1,1999,1450,1,Masonry veneer,Slab,No,,No,4,No,No,,,2,Architectural shingle,Mixed,Fair,2024.0,1,No,DEMO-ONLY/495/roof_verification,Copper,Circuit breakers,,200,PEX / PVC / CPVC,,14,Garage,Central electric,,No,No,No,,No,Yes,Yes,None,None,No,No,No,4.8,500,,Yes,Yes,Yes,No,No,No,,27,17,X,,No,No,No,,HO-5,1220195,1216000,121600,729600,243200,500000,5000,5000,2,No,No,No,No,In force,No,Example Mutual (synthetic),,0,No,,0,0,0,0,,Verified,Verified,Verified,Verified,Verified,DEMO-ONLY/495/property_verification,DEMO-ONLY/495/claims_verification,DEMO-ONLY/495/hazard_verification,DEMO-ONLY/495/replacement_cost_verification,Synthetic evidence scenario,2026-09-15,,No,Yes,Yes,Yes,,DEMO-2026-00495,2,Demo portfolio,2026-08-15T12:00:00+00:00,0.0,B
Taylor Parker · Demo 496,,homeowner496@example.com,202-555-0100,HomeGuard Demo Agency,2026-09-15,Individual,,595 Example Lane,Sample City,OR,01495,Sample County,Owner-occupied,Yes,Detached single family,1,1951,1750,3,Frame,Crawl space,No,,No,4,No,No,,,8,Tile,Hip,Fair,2018.0,1,No,DEMO-ONLY/496/roof_verification,Copper,Circuit breakers,,200,Copper,,11,Garage,Central gas,,No,No,No,,No,Yes,Yes,None,None,No,No,No,2.0,650,,No,No,No,No,No,No,,28,23,X,,No,No,No,,HO-5,1008980,1034000,103400,620400,206800,500000,5000,1000,2,No,No,No,No,In force,No,Example Mutual (synthetic),,0,No,,5,0,619484,0,"Synthetic loss-run example: 5 claim(s), 0 open; total paid $619,484. Not a real claims report.",Verified,Verified,Verified,Verified,Verified,DEMO-ONLY/496/property_verification,DEMO-ONLY/496/claims_verification,DEMO-ONLY/496/hazard_verification,DEMO-ONLY/496/replacement_cost_verification,Synthetic evidence scenario,2026-09-15,,No,Yes,Yes,Yes,,DEMO-2026-00496,2,Demo portfolio,2026-07-28T12:00:00+00:00,0.5991141199226305,F
Morgan Brooks · Demo 497,,homeowner497@example.com,202-555-0100,HomeGuard Demo Agency,2026-09-15,Individual,,596 Example Lane,Sample City,PA,01496,Sample County,Owner-occupied,Yes,Detached single family,1,1957,3350,3,Masonry veneer,Slab,No,,No,0,No,No,,,7,Architectural shingle,Hip,Fair,2019.0,1,No,DEMO-ONLY/497/roof_verification,Copper,Circuit breakers,,200,Copper,,7,Garage,Central electric,,No,No,No,,No,Yes,Yes,None,None,No,No,No,0.9,500,,No,No,No,No,No,No,,40,1,X,,No,No,No,,HO-3,628205,569000,56900,341400,113800,300000,5000,2500,2,No,No,No,No,In force,No,Example Mutual (synthetic),,0,No,,1,0,54551,0,"Synthetic loss-run example: 1 claim(s), 0 open; total paid $54,551. Not a real claims report.",Verified,Verified,Verified,Verified,Verified,DEMO-ONLY/497/property_verification,DEMO-ONLY/497/claims_verification,DEMO-ONLY/497/hazard_verification,DEMO-ONLY/497/replacement_cost_verification,Synthetic evidence scenario,2026-09-15,,No,Yes,Yes,Yes,,DEMO-2026-00497,2,Demo portfolio,2026-08-29T12:00:00+00:00,0.09587170474516696,A
Morgan Brooks · Demo 498,,homeowner498@example.com,202-555-0100,HomeGuard Demo Agency,2026-09-15,Individual,,597 Example Lane,Sample City,RI,01497,Sample County,Owner-occupied,Yes,Detached single family,1,1974,2550,1,Masonry veneer,Basement,No,,No,14,No,No,,,9,Slate,Gable,Fair,2017.0,1,No,DEMO-ONLY/498/roof_verification,Copper,Circuit breakers,,200,Copper,,4,Garage,Heat pump,,No,No,No,,No,Yes,Yes,None,None,No,No,No,4.3,750,,Yes,Yes,No,No,No,No,,9,8,X,,No,No,No,,HO-3,1032416,1037000,103700,622200,207400,300000,5000,5000,2,No,No,No,No,In force,No,Example Mutual (synthetic),,0,No,,0,0,0,0,,Verified,Verified,Verified,Verified,Verified,DEMO-ONLY/498/property_verification,DEMO-ONLY/498/claims_verification,DEMO-ONLY/498/hazard_verification,DEMO-ONLY/498/replacement_cost_verification,Synthetic evidence scenario,2026-09-15,,No,Yes,Yes,Yes,,DEMO-2026-00498,2,Demo portfolio,2026-07-20T12:00:00+00:00,0.0,A
Taylor Brooks · Demo 499,,homeowner499@example.com,202-555-0100,HomeGuard Demo Agency,2026-09-15,Individual,,598 Example Lane,Sample City,SC,01498,Sample County,Owner-occupied,Yes,Detached single family,1,1971,2700,3,Masonry veneer,Crawl space,No,,No,13,No,No,,,16,Architectural shingle,Gable,Good,2010.0,1,No,DEMO-ONLY/499/roof_verification,Copper,Circuit breakers,,200,Copper,,6,Garage,Heat pump,,No,No,No,,No,Yes,Yes,None,None,No,No,No,1.8,800,,No,No,No,No,No,No,,35,5,X,,No,No,No,,HO-5,1245243,1279000,127900,767400,255800,100000,5000,2500,2,No,No,No,No,In force,No,Example Mutual (synthetic),,0,No,,0,0,0,0,,Verified,Verified,Verified,Verified,Verified,DEMO-ONLY/499/property_verification,DEMO-ONLY/499/claims_verification,DEMO-ONLY/499/hazard_verification,DEMO-ONLY/499/replacement_cost_verification,Synthetic evidence scenario,2026-09-15,,No,Yes,Yes,Yes,,DEMO-2026-00499,2,Demo portfolio,2026-09-05T12:00:00+00:00,0.0,A
Morgan Ellis · Demo 500,,homeowner500@example.com,202-555-0100,HomeGuard Demo Agency,2026-09-15,Individual,,599 Example Lane,Sample City,SD,01499,Sample County,Owner-occupied,Yes,Detached single family,1,1961,2900,2,Masonry veneer,Crawl space,No,,No,5,No,No,,,16,Architectural shingle,Gable,Good,2010.0,1,No,DEMO-ONLY/500/roof_verification,Copper,Circuit breakers,,200,Copper,,2,Garage,Central electric,,No,No,No,,No,Yes,Yes,None,None,No,No,No,1.4,650,,No,No,No,No,No,No,,27,68,X,,No,No,No,,HO-3,466983,468000,46800,280800,93600,500000,5000,2500,2,No,No,No,No,In force,No,Example Mutual (synthetic),,0,No,,0,0,0,0,,Verified,Verified,Verified,Verified,Verified,DEMO-ONLY/500/property_verification,DEMO-ONLY/500/claims_verification,DEMO-ONLY/500/hazard_verification,DEMO-ONLY/500/replacement_cost_verification,Synthetic evidence scenario,2026-09-15,,No,Yes,Yes,Yes,,DEMO-2026-00500,2,Demo portfolio,2026-09-11T12:00:00+00:00,0.0,B
Morgan Reed · Demo 501,,homeowner501@example.com,202-555-0100,HomeGuard Demo Agency,2026-09-15,Individual,,600 Example Lane,Sample City,TN,01500,Sample County,Owner-occupied,Yes,Detached single family,1,1964,2600,1,Frame,Crawl space,No,,No,12,No,No,,,13,Slate,Mixed,Good,2013.0,1,No,DEMO-ONLY/501/roof_verification,Copper,Circuit breakers,,200,Copper,,2,Garage,Central gas,,No,No,No,,No,Yes,Yes,None,None,No,No,No,2.0,850,,No,No,No,No,No,No,,33,14,X,,No,No,No,,HO-5,1277262,1136000,113600,681600,227200,500000,5000,1000,2,No,No,No,No,In force,No,Example Mutual (synthetic),,0,No,,1,0,192473,0,"Synthetic loss-run example: 1 claim(s), 0 open; total paid $192,473. Not a real claims report.",Verified,Verified,Verified,Not checked,Verified,DEMO-ONLY/501/property_verification,DEMO-ONLY/501/claims_verification,,DEMO-ONLY/501/replacement_cost_verification,Synthetic evidence scenario,2026-09-15,,No,Yes,Yes,Yes,,DEMO-2026-00501,2,Demo portfolio,2026-08-07T12:00:00+00:00,0.16943045774647889,B
Casey Ellis · Demo 502,,homeowner502@example.com,202-555-0100,HomeGuard Demo Agency,2026-09-15,Individual,,601 Example Lane,Sample City,TX,01501,Sample County,Owner-occupied,Yes,Detached single family,1,1974,4700,1,Masonry veneer,Slab,No,,No,0,No,No,,,13,Metal,Gable,Fair,2013.0,1,No,DEMO-ONLY/502/roof_verification,Copper,Circuit breakers,,200,Copper,,14,Garage,Heat pump,,No,No,No,,No,Yes,Yes,None,None,No,No,No,4.8,800,,No,No,No,No,No,No,,21,16,X,,No,No,No,,HO-3,1127475,1267000,126700,760200,253400,500000,5000,1000,2,No,No,No,No,In force,No,Example Mutual (synthetic),,0,No,,1,0,1035931,0,"Synthetic loss-run example: 1 claim(s), 0 open; total paid $1,035,931. Not a real claims report.",Verified,Verified,Verified,Verified,Verified,DEMO-ONLY/502/property_verification,DEMO-ONLY/502/claims_verification,DEMO-ONLY/502/hazard_verification,DEMO-ONLY/502/replacement_cost_verification,Synthetic evidence scenario,2026-09-15,,No,Yes,Yes,Yes,,DEMO-2026-00502,2,Demo portfolio,2026-08-29T12:00:00+00:00,0.8176250986582478,F
Casey Lane · Demo 503,,homeowner503@example.com,202-555-0100,HomeGuard Demo Agency,2026-09-15,Individual,,602 Example Lane,Sample City,UT,01502,Sample County,Owner-occupied,Yes,Detached single family,1,1985,2950,3,Frame,Basement,No,,No,11,No,No,,,9,Slate,Gable,Good,2017.0,1,No,DEMO-ONLY/503/roof_verification,Copper,Circuit breakers,,200,PEX / PVC / CPVC,,4,Garage,Central electric,,No,No,No,,No,Yes,Yes,None,None,No,No,No,1.0,450,,No,No,No,No,No,No,,39,6,VE,,No,No,No,,HO-5,591510,574000,57400,344400,114800,300000,5000,5000,2,No,No,No,No,In force,No,Example Mutual (synthetic),,0,No,,0,0,0,0,,Verified,Verified,Verified,Verified,Verified,DEMO-ONLY/503/property_verification,DEMO-ONLY/503/claims_verification,DEMO-ONLY/503/hazard_verification,DEMO-ONLY/503/replacement_cost_verification,Synthetic evidence scenario,2026-09-15,,No,Yes,Yes,Yes,,DEMO-2026-00503,2,Demo portfolio,2026-08-05T12:00:00+00:00,0.0,B
Morgan Reed · Demo 504,,homeowner504@example.com,202-555-0100,HomeGuard Demo Agency,2026-09-15,Individual,,603 Example Lane,Sample City,VT,01503,Sample County,Owner-occupied,Yes,Detached single family,1,1970,4850,2,Solid masonry,Crawl space,No,,No,13,No,No,,,7,Slate,Mixed,Fair,2019.0,1,No,DEMO-ONLY/504/roof_verification,Copper,Circuit breakers,,200,Copper,,9,Garage,Heat pump,,No,No,No,,No,Yes,Yes,None,None,No,No,No,2.3,700,,No,No,No,No,No,No,,11,0,X,,No,No,No,,HO-5,755558,682000,68200,409200,136400,300000,5000,5000,2,No,No,No,No,In force,No,Example Mutual (synthetic),,0,No,,0,0,0,0,,Verified,Verified,Verified,Verified,Verified,DEMO-ONLY/504/property_verification,DEMO-ONLY/504/claims_verification,DEMO-ONLY/504/hazard_verification,DEMO-ONLY/504/replacement_cost_verification,Synthetic evidence scenario,2026-09-15,,No,Yes,Yes,Yes,,DEMO-2026-00504,2,Demo portfolio,2026-08-10T12:00:00+00:00,0.0,A
Sam Brooks · Demo 505,,homeowner505@example.com,202-555-0100,HomeGuard Demo Agency,2026-09-15,Individual,,604 Example Lane,Sample City,VA,01504,Sample County,Owner-occupied,Yes,Detached single family,1,2006,4900,1,Solid masonry,Crawl space,No,,No,15,No,No,,,8,Architectural shingle,Mixed,Good,2018.0,1,No,DEMO-ONLY/505/roof_verification,Copper,Circuit breakers,,200,Copper,,12,Garage,Heat pump,,No,No,No,,No,Yes,Yes,None,None,No,No,No,1.5,150,,Yes,Yes,No,No,No,No,,9,14,X,,No,No,No,,HO-5,569451,605000,60500,363000,121000,500000,5000,1000,2,No,No,No,No,In force,No,Example Mutual (synthetic),,0,No,,1,0,877,0,"Synthetic loss-run example: 1 claim(s), 0 open; total paid $877. Not a real claims report.",Verified,Verified,Verified,Verified,Verified,DEMO-ONLY/505/property_verification,DEMO-ONLY/505/claims_verification,DEMO-ONLY/505/hazard_verification,DEMO-ONLY/505/replacement_cost_verification,Synthetic evidence scenario,2026-09-15,,No,Yes,Yes,Yes,,DEMO-2026-00505,2,Demo portfolio,2026-07-26T12:00:00+00:00,0.0014495867768595041,A
Casey Parker · Demo 506,,homeowner506@example.com,202-555-0100,HomeGuard Demo Agency,2026-09-15,Individual,,605 Example Lane,Sample City,WA,01505,Sample County,Owner-occupied,Yes,Detached single family,1,1958,2200,2,Solid masonry,Slab,No,,No,2,No,No,,,11,Slate,Mixed,Fair,2015.0,1,No,DEMO-ONLY/506/roof_verification,Copper,Circuit breakers,,200,Copper,,1,Garage,Heat pump,,No,No,No,,No,Yes,Yes,None,None,No,No,No,4.5,500,,No,No,No,No,No,No,,40,3,X,,No,No,No,,HO-5,573351,682000,68200,409200,136400,100000,5000,2500,2,No,No,No,No,In force,No,Example Mutual (synthetic),,0,No,,0,0,0,0,,Verified,Verified,Verified,Verified,Verified,DEMO-ONLY/506/property_verification,DEMO-ONLY/506/claims_verification,DEMO-ONLY/506/hazard_verification,DEMO-ONLY/506/replacement_cost_verification,Synthetic evidence scenario,2026-09-15,,No,Yes,Yes,Yes,,DEMO-2026-00506,2,Demo portfolio,2026-08-16T12:00:00+00:00,0.0,A
Jordan Hayes · Demo 507,,homeowner507@example.com,202-555-0100,HomeGuard Demo Agency,2026-09-15,Individual,,606 Example Lane,Sample City,WV,01506,Sample County,Owner-occupied,Yes,Detached single family,1,1966,4200,1,Solid masonry,Slab,No,,No,0,No,No,,,6,Architectural shingle,Gable,Good,2020.0,1,No,DEMO-ONLY/507/roof_verification,Copper,Circuit breakers,,200,Copper,,14,Garage,Central gas,,No,No,No,,No,Yes,Yes,None,None,No,No,No,1.6,450,,No,No,No,No,No,No,,42,24,X,,No,No,No,,HO-3,1028220,1247000,124700,748200,249400,100000,5000,5000,2,No,No,No,No,In force,No,Example Mutual (synthetic),,0,No,,0,0,0,0,,Verified,Verified,Verified,Verified,Verified,DEMO-ONLY/507/property_verification,DEMO-ONLY/507/claims_verification,DEMO-ONLY/507/hazard_verification,DEMO-ONLY/507/replacement_cost_verification,Synthetic evidence scenario,2026-09-15,,No,Yes,Yes,Yes,,DEMO-2026-00507,2,Demo portfolio,2026-07-28T12:00:00+00:00,0.0,A
Alex Brooks · Demo 508,,homeowner508@example.com,202-555-0100,HomeGuard Demo Agency,2026-09-15,Individual,,607 Example Lane,Sample City,WI,01507,Sample County,Owner-occupied,Yes,Detached single family,1,1968,3850,2,Solid masonry,Slab,No,,No,1,Yes,No,,,16,Tile,Gable,Good,2010.0,1,No,DEMO-ONLY/508/roof_verification,Copper,Circuit breakers,,200,PEX / PVC / CPVC,,4,Garage,Central gas,,No,No,No,,No,Yes,Yes,None,None,No,No,No,1.4,200,,No,No,No,No,No,No,,22,7,X,,No,No,No,,HO-5,764690,888000,88800,532800,177600,500000,5000,2500,2,No,No,No,No,In force,No,Example Mutual (synthetic),,0,No,,0,0,0,0,,Verified,Verified,Verified,Verified,Verified,DEMO-ONLY/508/property_verification,DEMO-ONLY/508/claims_verification,DEMO-ONLY/508/hazard_verification,DEMO-ONLY/508/replacement_cost_verification,Synthetic evidence scenario,2026-09-15,,No,Yes,Yes,Yes,,DEMO-2026-00508,2,Demo portfolio,2026-09-04T12:00:00+00:00,0.0,B
Alex Ellis · Demo 509,,homeowner509@example.com,202-555-0100,HomeGuard Demo Agency,2026-09-15,Individual,,608 Example Lane,Sample City,WY,01508,Sample County,Owner-occupied,Yes,Detached single family,1,1989,1100,3,Solid masonry,Slab,No,,No,3,No,No,,,1,Metal,Hip,Good,2025.0,1,No,DEMO-ONLY/509/roof_verification,Copper,Circuit breakers,,200,Copper,,4,Garage,Central gas,,No,No,No,,No,Yes,Yes,None,None,No,No,No,1.5,900,,No,No,No,No,No,No,,19,32,X,,No,No,No,,HO-5,613443,598000,59800,358800,119600,100000,5000,2500,2,No,No,No,No,In force,No,Example Mutual (synthetic),,0,No,,1,1,10000,0,"Synthetic loss-run example: 1 claim(s), 0 open; total paid $10,000. Not a real claims report.",Verified,Verified,Verified,Verified,Verified,DEMO-ONLY/509/property_verification,DEMO-ONLY/509/claims_verification,DEMO-ONLY/509/hazard_verification,DEMO-ONLY/509/replacement_cost_verification,Synthetic evidence scenario,2026-09-15,,No,Yes,Yes,Yes,,DEMO-2026-00509,2,Demo portfolio,2026-07-31T12:00:00+00:00,0.016722408026755852,B
Sam Parker · Demo 510,,homeowner510@example.com,202-555-0100,HomeGuard Demo Agency,2026-09-15,Individual,,609 Example Lane,Sample City,DC,01509,Sample County,Owner-occupied,Yes,Detached single family,1,1996,3750,2,Frame,Crawl space,No,,No,3,No,No,,,3,Metal,Gable,Fair,2023.0,1,No,DEMO-ONLY/510/roof_verification,Copper,Circuit breakers,,200,PEX / PVC / CPVC,,9,Garage,Heat pump,,No,No,No,,No,Yes,Yes,None,None,No,No,No,2.4,650,,No,No,No,No,No,No,,49,21,X,,No,No,No,,HO-3,942804,848000,84800,508800,169600,500000,5000,1000,2,No,No,No,No,In force,No,Example Mutual (synthetic),,0,No,,0,0,0,0,,Verified,Verified,Verified,Verified,Verified,DEMO-ONLY/510/property_verification,DEMO-ONLY/510/claims_verification,DEMO-ONLY/510/hazard_verification,DEMO-ONLY/510/replacement_cost_verification,Synthetic evidence scenario,2026-09-15,,No,Yes,Yes,Yes,,DEMO-2026-00510,2,Demo portfolio,2026-08-21T12:00:00+00:00,0.0,A
Jordan Hayes · Demo 511,,homeowner511@example.com,202-555-0100,HomeGuard Demo Agency,2026-09-15,Individual,,610 Example Lane,Sample City,AL,01510,Sample County,Owner-occupied,Yes,Detached single family,1,1965,3450,3,Frame,Slab,No,,No,9,No,No,,,4,Metal,Mixed,Good,2022.0,1,No,DEMO-ONLY/511/roof_verification,Copper,Circuit breakers,,200,PEX / PVC / CPVC,,7,Garage,Central electric,,No,No,No,,No,Yes,Yes,None,None,No,No,No,4.1,700,,No,No,No,No,No,No,,36,37,X,,No,No,No,,HO-3,1444064,1332000,133200,799200,266400,300000,5000,5000,2,No,No,No,No,In force,No,Example Mutual (synthetic),,0,No,,0,0,0,0,,Verified,Verified,Verified,Not checked,Verified,DEMO-ONLY/511/property_verification,DEMO-ONLY/511/claims_verification,,DEMO-ONLY/511/replacement_cost_verification,Synthetic evidence scenario,2026-09-15,,No,Yes,Yes,Yes,,DEMO-2026-00511,2,Demo portfolio,2026-07-24T12:00:00+00:00,0.0,B
Jordan Parker · Demo 512,,homeowner512@example.com,202-555-0100,HomeGuard Demo Agency,2026-09-15,Individual,,611 Example Lane,Sample City,AK,01511,Sample County,Owner-occupied,Yes,Detached single family,1,1954,3100,3,Masonry veneer,Basement,No,,No,7,No,No,,,13,Slate,Hip,Good,2013.0,1,No,DEMO-ONLY/512/roof_verification,Copper,Circuit breakers,,200,Copper,,11,Garage,Central electric,,No,No,No,,No,Yes,Yes,None,None,No,No,No,1.7,750,,Yes,Yes,No,No,No,No,,24,0,X,,No,No,No,,HO-5,1241585,1205000,120500,723000,241000,500000,5000,2500,2,No,No,No,No,In force,No,Example Mutual (synthetic),,0,No,,0,0,0,0,,Verified,Verified,Verified,Verified,Verified,DEMO-ONLY/512/property_verification,DEMO-ONLY/512/claims_verification,DEMO-ONLY/512/hazard_verification,DEMO-ONLY/512/replacement_cost_verification,Synthetic evidence scenario,2026-09-15,,No,Yes,Yes,Yes,,DEMO-2026-00512,2,Demo portfolio,2026-08-22T12:00:00+00:00,0.0,A
Casey Reed · Demo 513,,homeowner513@example.com,202-555-0100,HomeGuard Demo Agency,2026-09-15,Individual,,612 Example Lane,Sample City,AZ,01512,Sample County,Owner-occupied,Yes,Detached single family,1,1950,2000,2,Solid masonry,Crawl space,No,,No,18,No,No,,,11,Tile,Mixed,Fair,2015.0,1,No,DEMO-ONLY/513/roof_verification,Copper,Circuit breakers,,200,PEX / PVC / CPVC,,1,Garage,Central gas,,No,No,No,,No,Yes,Yes,None,None,No,No,No,3.9,950,,No,No,No,No,No,No,,35,43,X,,No,No,No,,HO-5,1330314,1386000,138600,831600,277200,500000,5000,1000,2,No,No,No,No,In force,No,Example Mutual (synthetic),,0,No,,1,0,118632,0,"Synthetic loss-run example: 1 claim(s), 0 open; total paid $118,632. Not a real claims report.",Verified,Verified,Verified,Verified,Verified,DEMO-ONLY/513/property_verification,DEMO-ONLY/513/claims_verification,DEMO-ONLY/513/hazard_verification,DEMO-ONLY/513/replacement_cost_verification,Synthetic evidence scenario,2026-09-15,,No,Yes,Yes,Yes,,DEMO-2026-00513,2,Demo portfolio,2026-07-27T12:00:00+00:00,0.0855930735930736,A
Jordan Ellis · Demo 514,,homeowner514@example.com,202-555-0100,HomeGuard Demo Agency,2026-09-15,Individual,,613 Example Lane,Sample City,AR,01513,Sample County,Owner-occupied,Yes,Detached single family,1,2011,2450,2,Solid masonry,Basement,No,,No,9,No,No,,,1,Slate,Mixed,Fair,2025.0,1,No,DEMO-ONLY/514/roof_verification,Copper,Circuit breakers,,200,PEX / PVC / CPVC,,2,Garage,Heat pump,,No,No,No,,No,Yes,Yes,None,None,No,No,No,3.4,150,,No,No,No,No,No,No,,12,45,X,,No,No,No,,HO-5,1114862,1153000,115300,691800,230600,500000,5000,2500,2,No,No,No,No,In force,No,Example Mutual (synthetic),,0,No,,0,0,0,0,,Verified,Verified,Verified,Verified,Verified,DEMO-ONLY/514/property_verification,DEMO-ONLY/514/claims_verification,DEMO-ONLY/514/hazard_verification,DEMO-ONLY/514/replacement_cost_verification,Synthetic evidence scenario,2026-09-15,,No,Yes,Yes,Yes,,DEMO-2026-00514,2,Demo portfolio,2026-07-25T12:00:00+00:00,0.0,A
Jordan Lane · Demo 515,,homeowner515@example.com,202-555-0100,HomeGuard Demo Agency,2026-09-15,Individual,,614 Example Lane,Sample City,CA,01514,Sample County,Owner-occupied,Yes,Detached single family,1,2000,5100,2,Solid masonry,Crawl space,No,,No,4,No,No,,,11,Architectural shingle,Mixed,Good,2015.0,1,No,DEMO-ONLY/515/roof_verification,Copper,Circuit breakers,,200,PEX / PVC / CPVC,,12,Garage,Central gas,,No,No,No,,No,Yes,Yes,None,None,No,No,No,2.6,350,,No,No,No,No,No,No,,22,6,X,,No,No,No,,HO-5,1427255,1399000,139900,839400,279800,300000,5000,2500,2,No,No,No,No,In force,No,Example Mutual (synthetic),,0,No,,0,0,0,0,,Verified,Verified,Verified,Verified,Verified,DEMO-ONLY/515/property_verification,DEMO-ONLY/515/claims_verification,DEMO-ONLY/515/hazard_verification,DEMO-ONLY/515/replacement_cost_verification,Synthetic evidence scenario,2026-09-15,,No,Yes,Yes,Yes,,DEMO-2026-00515,2,Demo portfolio,2026-09-08T12:00:00+00:00,0.0,A
Taylor Hayes · Demo 516,,homeowner516@example.com,202-555-0100,HomeGuard Demo Agency,2026-09-15,Individual,,615 Example Lane,Sample City,CO,01515,Sample County,Owner-occupied,Yes,Detached single family,1,1958,3000,1,Frame,Crawl space,No,,No,9,No,No,,,14,Metal,Mixed,Fair,2012.0,1,No,DEMO-ONLY/516/roof_verification,Copper,Circuit breakers,,200,Copper,,14,Garage,Heat pump,,No,No,No,,No,Yes,Yes,None,None,No,No,No,0.4,400,,No,No,No,No,No,No,,39,25,X,,No,No,No,,HO-5,1052085,1023000,102300,613800,204600,100000,5000,2500,2,No,No,No,No,In force,No,Example Mutual (synthetic),,0,No,,0,0,0,0,,Verified,Verified,Verified,Verified,Verified,DEMO-ONLY/516/property_verification,DEMO-ONLY/516/claims_verification,DEMO-ONLY/516/hazard_verification,DEMO-ONLY/516/replacement_cost_verification,Synthetic evidence scenario,2026-09-15,,No,Yes,Yes,Yes,,DEMO-2026-00516,2,Demo portfolio,2026-08-12T12:00:00+00:00,0.0,A
Casey Parker · Demo 517,,homeowner517@example.com,202-555-0100,HomeGuard Demo Agency,2026-09-15,Individual,,616 Example Lane,Sample City,CT,01516,Sample County,Owner-occupied,Yes,Detached single family,1,1970,4850,3,Frame,Basement,No,,No,20,No,No,,,10,Slate,Mixed,Fair,2016.0,1,No,DEMO-ONLY/517/roof_verification,Copper,Circuit breakers,,200,Copper,,13,Garage,Central gas,,No,No,No,,No,Yes,Yes,None,None,No,No,No,4.1,100,,No,No,No,No,No,No,,38,47,X,,No,No,Yes,,HO-3,351675,336000,33600,201600,67200,300000,5000,1000,2,No,No,No,No,In force,No,Example Mutual (synthetic),,0,No,,0,0,0,0,,Verified,Verified,Verified,Verified,Verified,DEMO-ONLY/517/property_verification,DEMO-ONLY/517/claims_verification,DEMO-ONLY/517/hazard_verification,DEMO-ONLY/517/replacement_cost_verification,Synthetic evidence scenario,2026-09-15,,No,Yes,Yes,Yes,,DEMO-2026-00517,2,Demo portfolio,2026-08-28T12:00:00+00:00,0.0,B
Jordan Brooks · Demo 518,,homeowner518@example.com,202-555-0100,HomeGuard Demo Agency,2026-09-15,Individual,,617 Example Lane,Sample City,DE,01517,Sample County,Owner-occupied,Yes,Detached single family,1,1953,2400,1,Masonry veneer,Basement,No,,No,20,No,No,,,3,Architectural shingle,Mixed,Good,2023.0,1,No,DEMO-ONLY/518/roof_verification,Copper,Circuit breakers,,200,PEX / PVC / CPVC,,9,Garage,Central gas,,No,No,No,,No,Yes,Yes,None,None,No,No,No,3.6,700,,No,No,No,No,No,No,,26,29,X,,No,No,No,,HO-5,414739,435000,43500,261000,87000,100000,5000,5000,2,No,No,No,No,In force,No,Example Mutual (synthetic),,0,Yes,,0,0,0,0,,Verified,Verified,Verified,Verified,Verified,DEMO-ONLY/518/property_verification,DEMO-ONLY/518/claims_verification,DEMO-ONLY/518/hazard_verification,DEMO-ONLY/518/replacement_cost_verification,Synthetic evidence scenario,2026-09-15,,No,Yes,Yes,Yes,,DEMO-2026-00518,2,Demo portfolio,2026-09-07T12:00:00+00:00,0.0,B
Taylor Hayes · Demo 519,,homeowner519@example.com,202-555-0100,HomeGuard Demo Agency,2026-09-15,Individual,,618 Example Lane,Sample City,FL,01518,Sample County,Owner-occupied,Yes,Detached single family,1,1987,1200,2,Frame,Slab,No,,No,1,No,No,,,1,Metal,Hip,Good,2025.0,1,No,DEMO-ONLY/519/roof_verification,Copper,Fuses,,200,Copper,,8,Garage,Heat pump,,No,No,No,,No,Yes,Yes,None,None,No,No,No,2.6,850,,No,No,No,No,No,No,,3,45,X,,No,No,No,,HO-5,328392,376000,37600,225600,75200,300000,5000,2500,2,No,No,No,No,In force,No,Example Mutual (synthetic),,0,No,,0,0,0,0,,Verified,Verified,Verified,Verified,Verified,DEMO-ONLY/519/property_verification,DEMO-ONLY/519/claims_verification,DEMO-ONLY/519/hazard_verification,DEMO-ONLY/519/replacement_cost_verification,Synthetic evidence scenario,2026-09-15,,No,Yes,Yes,Yes,,DEMO-2026-00519,2,Demo portfolio,2026-07-20T12:00:00+00:00,0.0,B
Taylor Hayes · Demo 520,,homeowner520@example.com,202-555-0100,HomeGuard Demo Agency,2026-09-15,Individual,,619 Example Lane,Sample City,GA,01519,Sample County,Owner-occupied,Yes,Detached single family,1,2023,1300,2,Solid masonry,Crawl space,No,,No,1,No,No,,,2,Architectural shingle,Gable,Good,2024.0,1,No,DEMO-ONLY/520/roof_verification,Copper,Circuit breakers,,200,Copper,,8,Garage,Central gas,,No,No,No,,No,Yes,Yes,None,None,No,No,No,1.0,300,,No,No,No,No,No,No,,12,32,X,,No,No,No,,HO-3,832521,765000,76500,459000,153000,100000,5000,5000,2,No,No,No,No,In force,No,Example Mutual (synthetic),,0,No,,0,0,0,0,,Verified,Verified,Verified,Verified,Verified,DEMO-ONLY/520/property_verification,DEMO-ONLY/520/claims_verification,DEMO-ONLY/520/hazard_verification,DEMO-ONLY/520/replacement_cost_verification,Synthetic evidence scenario,2026-09-15,,No,Yes,Yes,Yes,,DEMO-2026-00520,2,Demo portfolio,2026-09-06T12:00:00+00:00,0.0,A
Morgan Hayes · Demo 521,,homeowner521@example.com,202-555-0100,HomeGuard Demo Agency,2026-09-15,Individual,,620 Example Lane,Sample City,HI,01520,Sample County,Owner-occupied,Yes,Detached single family,1,2020,2900,3,Frame,Basement,No,,No,6,No,No,,,4,Metal,Hip,Good,2022.0,1,No,DEMO-ONLY/521/roof_verification,Copper,Circuit breakers,,200,PEX / PVC / CPVC,,9,Garage,Heat pump,,No,No,No,,No,Yes,Yes,None,None,No,No,No,3.3,700,,No,No,No,No,No,No,,10,28,X,,No,No,No,,HO-3,1288620,1222000,122200,733200,244400,300000,5000,1000,2,No,No,No,No,In force,No,Example Mutual (synthetic),,0,No,,1,0,72305,0,"Synthetic loss-run example: 1 claim(s), 0 open; total paid $72,305. Not a real claims report.",Verified,Verified,Verified,Not checked,Verified,DEMO-ONLY/521/property_verification,DEMO-ONLY/521/claims_verification,,DEMO-ONLY/521/replacement_cost_verification,Synthetic evidence scenario,2026-09-15,,No,Yes,Yes,Yes,,DEMO-2026-00521,2,Demo portfolio,2026-08-12T12:00:00+00:00,0.05916939443535188,B
Morgan Parker · Demo 522,,homeowner522@example.com,202-555-0100,HomeGuard Demo Agency,2026-09-15,Individual,,621 Example Lane,Sample City,ID,01521,Sample County,Owner-occupied,Yes,Detached single family,1,1981,1100,1,Solid masonry,Basement,No,,No,11,No,No,,,2,Architectural shingle,Hip,Fair,2024.0,1,No,DEMO-ONLY/522/roof_verification,Copper,Circuit breakers,,200,Copper,,3,Garage,Heat pump,,No,No,No,,No,Yes,Yes,None,None,No,No,No,1.4,250,,No,No,No,No,No,No,,6,34,X,,No,No,No,,HO-5,1046388,1105000,110500,663000,221000,500000,5000,5000,2,No,No,No,No,In force,No,Example Mutual (synthetic),,0,No,,0,0,0,0,,Verified,Verified,Verified,Verified,Verified,DEMO-ONLY/522/property_verification,DEMO-ONLY/522/claims_verification,DEMO-ONLY/522/hazard_verification,DEMO-ONLY/522/replacement_cost_verification,Synthetic evidence scenario,2026-09-15,,No,Yes,Yes,Yes,,DEMO-2026-00522,2,Demo portfolio,2026-09-02T12:00:00+00:00,0.0,A
Taylor Ellis · Demo 523,,homeowner523@example.com,202-555-0100,HomeGuard Demo Agency,2026-09-15,LLC / other entity,,622 Example Lane,Sample City,IL,01522,Sample County,Owner-occupied,Yes,Detached single family,1,2003,2350,3,Frame,Basement,No,,No,1,No,No,,,13,Tile,Mixed,Good,2013.0,1,No,DEMO-ONLY/523/roof_verification,Copper,Circuit breakers,,200,Copper,,9,Garage,Central gas,,No,No,No,,No,Yes,Yes,None,None,No,No,No,1.5,600,,No,No,No,No,No,No,,3,4,X,,No,No,No,,HO-5,1052576,1000000,100000,600000,200000,100000,5000,2500,2,No,No,No,No,In force,No,Example Mutual (synthetic),,0,No,,0,0,0,0,,Verified,Verified,Verified,Verified,Verified,DEMO-ONLY/523/property_verification,DEMO-ONLY/523/claims_verification,DEMO-ONLY/523/hazard_verification,DEMO-ONLY/523/replacement_cost_verification,Synthetic evidence scenario,2026-09-15,,No,Yes,Yes,Yes,,DEMO-2026-00523,2,Demo portfolio,2026-07-22T12:00:00+00:00,0.0,B
Sam Brooks · Demo 524,,homeowner524@example.com,202-555-0100,HomeGuard Demo Agency,2026-09-15,Individual,,623 Example Lane,Sample City,IN,01523,Sample County,Owner-occupied,Yes,Detached single family,1,1971,4100,2,Frame,Crawl space,No,,No,12,No,No,,,6,Tile,Gable,Good,2020.0,1,No,DEMO-ONLY/524/roof_verification,Copper,Circuit breakers,,200,Copper,,2,Garage,Central electric,,No,No,No,,No,Yes,Yes,None,None,No,No,No,3.0,500,,No,No,No,No,No,No,,8,0,X,,No,No,No,,HO-3,450756,475000,47500,285000,95000,300000,5000,2500,2,No,No,No,No,In force,No,Example Mutual (synthetic),,0,No,,0,0,0,0,,Verified,Verified,Verified,Verified,Verified,DEMO-ONLY/524/property_verification,DEMO-ONLY/524/claims_verification,DEMO-ONLY/524/hazard_verification,DEMO-ONLY/524/replacement_cost_verification,Synthetic evidence scenario,2026-09-15,,No,Yes,Yes,Yes,,DEMO-2026-00524,2,Demo portfolio,2026-08-15T12:00:00+00:00,0.0,A
Taylor Ellis · Demo 525,,homeowner525@example.com,202-555-0100,HomeGuard Demo Agency,2026-09-15,Individual,,624 Example Lane,Sample City,IA,01524,Sample County,Owner-occupied,Yes,Detached single family,1,2013,3700,1,Frame,Slab,No,,No,3,No,No,,,8,Slate,Mixed,Fair,2018.0,1,No,DEMO-ONLY/525/roof_verification,Copper,Circuit breakers,,200,PEX / PVC / CPVC,,11,Garage,Heat pump,,No,No,No,,No,Yes,Yes,None,None,No,No,No,4.4,450,,No,No,No,No,No,No,,100,45,X,,No,No,No,,HO-3,953333,837000,83700,502200,167400,500000,5000,2500,2,No,No,No,No,In force,No,Example Mutual (synthetic),,0,No,,0,0,0,0,,Verified,Verified,Verified,Verified,Verified,DEMO-ONLY/525/property_verification,DEMO-ONLY/525/claims_verification,DEMO-ONLY/525/hazard_verification,DEMO-ONLY/525/replacement_cost_verification,Synthetic evidence scenario,2026-09-15,,No,Yes,Yes,Yes,,DEMO-2026-00525,2,Demo portfolio,2026-08-05T12:00:00+00:00,0.0,F
Taylor Reed · Demo 526,,homeowner526@example.com,202-555-0100,HomeGuard Demo Agency,2026-09-15,Individual,,625 Example Lane,Sample City,KS,01525,Sample County,Owner-occupied,Yes,Detached single family,1,2007,4500,2,Solid masonry,Basement,No,,No,19,No,No,,,7,Tile,Gable,Fair,2019.0,1,No,DEMO-ONLY/526/roof_verification,Copper,Circuit breakers,,200,PEX / PVC / CPVC,,6,Garage,Heat pump,,No,No,No,,No,Yes,Yes,None,None,No,No,No,3.5,350,,No,No,No,No,No,No,,19,5,X,,No,No,No,,HO-3,1593474,1457000,145700,874200,291400,500000,5000,1000,2,No,No,No,No,In force,No,Example Mutual (synthetic),,0,No,,3,0,91825,0,"Synthetic loss-run example: 3 claim(s), 0 open; total paid $91,825. Not a real claims report.",Verified,Verified,Verified,Verified,Verified,DEMO-ONLY/526/property_verification,DEMO-ONLY/526/claims_verification,DEMO-ONLY/526/hazard_verification,DEMO-ONLY/526/replacement_cost_verification,Synthetic evidence scenario,2026-09-15,,No,Yes,Yes,Yes,,DEMO-2026-00526,2,Demo portfolio,2026-09-06T12:00:00+00:00,0.06302333562113933,F
Taylor Parker · Demo 527,,homeowner527@example.com,202-555-0100,HomeGuard Demo Agency,2026-09-15,Individual,,626 Example Lane,Sample City,KY,01526,Sample County,Owner-occupied,Yes,Detached single family,1,2007,3750,3,Solid masonry,Slab,No,,No,13,No,No,,,8,Tile,Mixed,Fair,2018.0,1,No,DEMO-ONLY/527/roof_verification,Copper,Circuit breakers,,200,PEX / PVC / CPVC,,8,Garage,Heat pump,,No,No,No,,No,Yes,Yes,None,None,No,No,No,0.7,350,,No,No,No,No,No,No,,2,18,X,,No,No,No,,HO-3,1083334,1247000,124700,748200,249400,300000,5000,2500,2,No,No,No,No,In force,No,Example Mutual (synthetic),,0,No,,0,0,0,0,,Verified,Verified,Verified,Verified,Verified,DEMO-ONLY/527/property_verification,DEMO-ONLY/527/claims_verification,DEMO-ONLY/527/hazard_verification,DEMO-ONLY/527/replacement_cost_verification,Synthetic evidence scenario,2026-09-15,,No,Yes,Yes,Yes,,DEMO-2026-00527,2,Demo portfolio,2026-08-05T12:00:00+00:00,0.0,A
Jordan Ellis · Demo 528,,homeowner528@example.com,202-555-0100,HomeGuard Demo Agency,2026-09-15,Individual,,627 Example Lane,Sample City,LA,01527,Sample County,Owner-occupied,Yes,Detached single family,1,2015,1500,2,Solid masonry,Crawl space,No,,No,13,No,No,,,10,Metal,Gable,Good,2016.0,1,No,DEMO-ONLY/528/roof_verification,Copper,Circuit breakers,,200,PEX / PVC / CPVC,,14,Garage,Heat pump,,No,No,No,,No,Yes,Yes,None,None,No,No,No,1.3,550,,No,No,No,No,No,No,,6,49,X,,No,No,No,,HO-3,757039,836000,83600,501600,167200,500000,5000,1000,2,No,No,No,No,In force,No,Example Mutual (synthetic),,0,No,,1,0,10000,1,"Synthetic loss-run example: 1 claim(s), 1 open; total paid $10,000. Not a real claims report.",Verified,Verified,Verified,Verified,Verified,DEMO-ONLY/528/property_verification,DEMO-ONLY/528/claims_verification,DEMO-ONLY/528/hazard_verification,DEMO-ONLY/528/replacement_cost_verification,Synthetic evidence scenario,2026-09-15,,No,Yes,Yes,Yes,,DEMO-2026-00528,2,Demo portfolio,2026-09-12T12:00:00+00:00,0.011961722488038277,F
Morgan Ellis · Demo 529,,homeowner529@example.com,202-555-0100,HomeGuard Demo Agency,2026-09-15,Individual,,628 Example Lane,Sample City,ME,01528,Sample County,Owner-occupied,Yes,Detached single family,1,2011,1850,2,Masonry veneer,Crawl space,No,,No,16,No,No,,,13,Tile,Mixed,Good,2013.0,1,No,DEMO-ONLY/529/roof_verification,Copper,Circuit breakers,,200,PEX / PVC / CPVC,,14,Garage,Central electric,,No,No,No,,No,Yes,Yes,None,None,No,No,No,0.3,100,,No,No,No,No,No,No,,39,13,X,,No,No,No,,HO-5,1498159,1411000,141100,846600,282200,300000,5000,5000,2,No,No,No,No,In force,No,Example Mutual (synthetic),,0,No,,1,0,81892,0,"Synthetic loss-run example: 1 claim(s), 0 open; total paid $81,892. Not a real claims report.",Verified,Verified,Verified,Verified,Verified,DEMO-ONLY/529/property_verification,DEMO-ONLY/529/claims_verification,DEMO-ONLY/529/hazard_verification,DEMO-ONLY/529/replacement_cost_verification,Synthetic evidence scenario,2026-09-15,,No,Yes,Yes,Yes,,DEMO-2026-00529,2,Demo portfolio,2026-09-11T12:00:00+00:00,0.05803827072997874,A
Jordan Reed · Demo 530,,homeowner530@example.com,202-555-0100,HomeGuard Demo Agency,2026-09-15,Individual,,629 Example Lane,Sample City,MD,01529,Sample County,Owner-occupied,Yes,Detached single family,1,1953,5400,3,Frame,Basement,No,,No,15,No,No,,,18,Architectural shingle,Gable,Fair,2008.0,1,No,DEMO-ONLY/530/roof_verification,Copper,Circuit breakers,,200,Copper,,9,Garage,Heat pump,,No,No,No,,No,Yes,Yes,None,None,No,No,No,1.8,300,,No,No,No,No,No,No,,30,42,X,,No,No,No,,HO-3,703356,659000,65900,395400,131800,100000,5000,2500,2,No,No,No,No,In force,No,Example Mutual (synthetic),,0,No,,0,0,0,0,,Verified,Verified,Verified,Verified,Verified,DEMO-ONLY/530/property_verification,DEMO-ONLY/530/claims_verification,DEMO-ONLY/530/hazard_verification,DEMO-ONLY/530/replacement_cost_verification,Synthetic evidence scenario,2026-09-15,,No,Yes,Yes,Yes,,DEMO-2026-00530,2,Demo portfolio,2026-08-26T12:00:00+00:00,0.0,A
Taylor Lane · Demo 531,,homeowner531@example.com,202-555-0100,HomeGuard Demo Agency,2026-09-15,Individual,,630 Example Lane,Sample City,MA,01530,Sample County,Owner-occupied,Yes,Detached single family,1,1960,1050,2,Frame,Crawl space,No,,No,7,No,No,,,9,Slate,Mixed,Good,2017.0,1,No,DEMO-ONLY/531/roof_verification,Copper,Circuit breakers,,200,PEX / PVC / CPVC,,3,Garage,Central electric,,No,No,No,,No,Yes,Yes,None,None,No,No,No,4.0,400,,No,No,No,No,No,No,,37,14,X,,No,No,No,,HO-5,677028,742000,74200,445200,148400,300000,5000,5000,2,No,No,No,No,In force,No,Example Mutual (synthetic),,0,No,,0,0,0,0,,Verified,Verified,Verified,Not checked,Verified,DEMO-ONLY/531/property_verification,DEMO-ONLY/531/claims_verification,,DEMO-ONLY/531/replacement_cost_verification,Synthetic evidence scenario,2026-09-15,,No,Yes,Yes,Yes,,DEMO-2026-00531,2,Demo portfolio,2026-08-22T12:00:00+00:00,0.0,B
Sam Brooks · Demo 532,,homeowner532@example.com,202-555-0100,HomeGuard Demo Agency,2026-09-15,Individual,,631 Example Lane,Sample City,MI,01531,Sample County,Owner-occupied,Yes,Detached single family,1,2020,5100,3,Solid masonry,Crawl space,No,,No,6,No,No,,,4,Tile,Gable,Good,2022.0,1,No,DEMO-ONLY/532/roof_verification,Copper,Circuit breakers,,200,PEX / PVC / CPVC,,1,Garage,Central gas,,No,No,No,,No,Yes,Yes,None,None,No,No,No,2.3,400,,No,No,No,No,No,No,,42,38,X,,No,No,No,,HO-5,1366647,1358000,135800,814800,271600,500000,5000,5000,2,No,No,No,No,In force,No,Example Mutual (synthetic),,0,No,,0,0,0,0,,Verified,Verified,Verified,Verified,Verified,DEMO-ONLY/532/property_verification,DEMO-ONLY/532/claims_verification,DEMO-ONLY/532/hazard_verification,DEMO-ONLY/532/replacement_cost_verification,Synthetic evidence scenario,2026-09-15,,No,Yes,Yes,Yes,,DEMO-2026-00532,2,Demo portfolio,2026-09-03T12:00:00+00:00,0.0,A
Morgan Reed · Demo 533,,homeowner533@example.com,202-555-0100,HomeGuard Demo Agency,2026-09-15,Individual,,632 Example Lane,Sample City,MN,01532,Sample County,Owner-occupied,Yes,Detached single family,1,1979,2600,1,Solid masonry,Slab,No,,No,4,No,No,,,11,Tile,Gable,Fair,2015.0,1,No,DEMO-ONLY/533/roof_verification,Copper,Circuit breakers,,200,Copper,,8,Garage,Central gas,,No,No,No,,No,Yes,Yes,None,None,No,No,No,2.3,200,,No,No,No,No,No,No,,11,17,X,,No,No,No,,HO-3,1436621,1275000,127500,765000,255000,500000,5000,2500,2,No,No,No,No,In force,No,Example Mutual (synthetic),,0,No,,1,0,10000,1,"Synthetic loss-run example: 1 claim(s), 1 open; total paid $10,000. Not a real claims report.",Verified,Verified,Verified,Verified,Verified,DEMO-ONLY/533/property_verification,DEMO-ONLY/533/claims_verification,DEMO-ONLY/533/hazard_verification,DEMO-ONLY/533/replacement_cost_verification,Synthetic evidence scenario,2026-09-15,,No,Yes,Yes,Yes,,DEMO-2026-00533,2,Demo portfolio,2026-08-27T12:00:00+00:00,0.00784313725490196,F
Taylor Ellis · Demo 534,,homeowner534@example.com,202-555-0100,HomeGuard Demo Agency,2026-09-15,Individual,,633 Example Lane,Sample City,MS,01533,Sample County,Owner-occupied,Yes,Detached single family,1,1999,4950,1,Frame,Basement,No,,No,18,No,No,,,17,Metal,Hip,Good,2009.0,1,No,DEMO-ONLY/534/roof_verification,Copper,Circuit breakers,,200,Copper,,8,Garage,Heat pump,,No,No,No,,No,Yes,Yes,None,None,No,No,No,0.9,200,,No,No,No,No,No,No,,39,19,A,,No,No,No,,HO-5,698395,609000,60900,365400,121800,100000,5000,5000,2,No,No,No,No,In force,No,Example Mutual (synthetic),,0,No,,0,0,0,0,,Verified,Verified,Verified,Verified,Verified,DEMO-ONLY/534/property_verification,DEMO-ONLY/534/claims_verification,DEMO-ONLY/534/hazard_verification,DEMO-ONLY/534/replacement_cost_verification,Synthetic evidence scenario,2026-09-15,,No,Yes,Yes,Yes,,DEMO-2026-00534,2,Demo portfolio,2026-08-09T12:00:00+00:00,0.0,B
Morgan Lane · Demo 535,,homeowner535@example.com,202-555-0100,HomeGuard Demo Agency,2026-09-15,Individual,,634 Example Lane,Sample City,MO,01534,Sample County,Owner-occupied,Yes,Detached single family,1,1976,3600,1,Masonry veneer,Slab,No,,No,1,No,No,,,18,Slate,Mixed,Fair,2008.0,1,No,DEMO-ONLY/535/roof_verification,Copper,Circuit breakers,,200,PEX / PVC / CPVC,,1,Garage,Central electric,,No,No,No,,No,Yes,Yes,None,None,No,No,No,4.1,200,,No,No,No,No,No,No,,42,33,X,,No,No,No,,HO-3,930080,961000,96100,576600,192200,100000,5000,1000,2,No,No,No,No,In force,No,Example Mutual (synthetic),,0,No,,0,0,0,0,,Verified,Verified,Verified,Verified,Verified,DEMO-ONLY/535/property_verification,DEMO-ONLY/535/claims_verification,DEMO-ONLY/535/hazard_verification,DEMO-ONLY/535/replacement_cost_verification,Synthetic evidence scenario,2026-09-15,,No,Yes,Yes,Yes,,DEMO-2026-00535,2,Demo portfolio,2026-08-13T12:00:00+00:00,0.0,A
Casey Lane · Demo 536,,homeowner536@example.com,202-555-0100,HomeGuard Demo Agency,2026-09-15,Individual,,635 Example Lane,Sample City,MT,01535,Sample County,Owner-occupied,Yes,Detached single family,1,2008,4250,3,Frame,Basement,No,,No,0,No,No,,,10,Metal,Gable,Fair,2016.0,1,No,DEMO-ONLY/536/roof_verification,Copper,Circuit breakers,,200,Copper,,13,Garage,Central gas,,No,No,No,,No,Yes,Yes,None,None,No,No,No,0.8,900,,No,No,No,No,No,No,,29,12,X,,No,No,No,,HO-5,757865,914000,91400,548400,182800,100000,5000,1000,2,No,No,No,No,In force,No,Example Mutual (synthetic),,0,No,,0,0,0,0,,Verified,Verified,Verified,Verified,Verified,DEMO-ONLY/536/property_verification,DEMO-ONLY/536/claims_verification,DEMO-ONLY/536/hazard_verification,DEMO-ONLY/536/replacement_cost_verification,Synthetic evidence scenario,2026-09-15,,No,Yes,Yes,Yes,,DEMO-2026-00536,2,Demo portfolio,2026-09-14T12:00:00+00:00,0.0,A
Casey Hayes · Demo 537,,homeowner537@example.com,202-555-0100,HomeGuard Demo Agency,2026-09-15,Individual,,636 Example Lane,Sample City,NE,01536,Sample County,Owner-occupied,Yes,Detached single family,1,2008,1000,1,Frame,Basement,No,,No,3,No,No,,,18,Tile,Hip,Good,2008.0,1,No,DEMO-ONLY/537/roof_verification,Aluminum,Circuit breakers,,200,PEX / PVC / CPVC,,7,Garage,Heat pump,,No,No,No,,No,Yes,Yes,None,None,No,No,No,3.4,300,,No,No,No,No,No,No,,20,43,X,,No,No,No,,HO-3,578863,560000,56000,336000,112000,500000,5000,5000,2,No,No,No,No,In force,No,Example Mutual (synthetic),,0,No,,0,0,0,0,,Verified,Verified,Verified,Verified,Verified,DEMO-ONLY/537/property_verification,DEMO-ONLY/537/claims_verification,DEMO-ONLY/537/hazard_verification,DEMO-ONLY/537/replacement_cost_verification,Synthetic evidence scenario,2026-09-15,,No,Yes,Yes,Yes,,DEMO-2026-00537,2,Demo portfolio,2026-07-20T12:00:00+00:00,0.0,B
Taylor Reed · Demo 538,,homeowner538@example.com,202-555-0100,HomeGuard Demo Agency,2026-09-15,Individual,,637 Example Lane,Sample City,NV,01537,Sample County,Owner-occupied,Yes,Detached single family,1,1961,4200,2,Masonry veneer,Slab,No,,No,16,No,No,,,17,Tile,Gable,Good,2009.0,1,No,DEMO-ONLY/538/roof_verification,Copper,Circuit breakers,,200,Galvanized,,11,Garage,Heat pump,,No,No,No,,No,Yes,Yes,None,None,No,No,No,2.2,150,,No,No,No,No,No,No,,17,0,X,,No,No,No,,HO-5,291268,319000,31900,191400,63800,300000,5000,2500,2,No,No,No,No,In force,No,Example Mutual (synthetic),,0,No,,0,0,0,0,,Verified,Verified,Verified,Verified,Verified,DEMO-ONLY/538/property_verification,DEMO-ONLY/538/claims_verification,DEMO-ONLY/538/hazard_verification,DEMO-ONLY/538/replacement_cost_verification,Synthetic evidence scenario,2026-09-15,,No,Yes,Yes,Yes,,DEMO-2026-00538,2,Demo portfolio,2026-09-10T12:00:00+00:00,0.0,B
Morgan Parker · Demo 539,,homeowner539@example.com,202-555-0100,HomeGuard Demo Agency,2026-09-15,Individual,,638 Example Lane,Sample City,NH,01538,Sample County,Owner-occupied,Yes,Detached single family,1,1955,1200,3,Frame,Slab,No,,No,16,No,No,,,4,Tile,Mixed,Good,2022.0,1,No,DEMO-ONLY/539/roof_verification,Copper,Circuit breakers,,200,PEX / PVC / CPVC,,11,Garage,Central electric,,No,No,No,,No,Yes,Yes,None,None,No,No,No,1.5,400,,No,No,No,No,No,No,,6,21,X,,No,No,No,,HO-3,356163,413000,41300,247800,82600,100000,5000,1000,2,No,No,No,No,In force,No,Example Mutual (synthetic),,0,No,,0,0,0,0,,Verified,Verified,Verified,Verified,Verified,DEMO-ONLY/539/property_verification,DEMO-ONLY/539/claims_verification,DEMO-ONLY/539/hazard_verification,DEMO-ONLY/539/replacement_cost_verification,Synthetic evidence scenario,2026-09-15,,No,Yes,Yes,Yes,,DEMO-2026-00539,2,Demo portfolio,2026-07-31T12:00:00+00:00,0.0,A
Taylor Brooks · Demo 540,,homeowner540@example.com,202-555-0100,HomeGuard Demo Agency,2026-09-15,Individual,,639 Example Lane,Sample City,NJ,01539,Sample County,Owner-occupied,Yes,Detached single family,1,1955,1450,1,Frame,Basement,No,,No,5,No,No,,,17,Slate,Mixed,Good,2009.0,1,No,DEMO-ONLY/540/roof_verification,Copper,Circuit breakers,,200,PEX / PVC / CPVC,,13,Garage,Central gas,,No,No,No,,No,Yes,Yes,None,None,No,No,No,3.8,750,,Yes,Yes,No,No,No,No,,11,10,X,,No,No,No,,HO-5,1200864,1294000,129400,776400,258800,500000,5000,1000,2,No,No,No,No,In force,No,Example Mutual (synthetic),,0,No,,0,0,0,0,,Verified,Verified,Verified,Verified,Verified,DEMO-ONLY/540/property_verification,DEMO-ONLY/540/claims_verification,DEMO-ONLY/540/hazard_verification,DEMO-ONLY/540/replacement_cost_verification,Synthetic evidence scenario,2026-09-15,,No,Yes,Yes,Yes,,DEMO-2026-00540,2,Demo portfolio,2026-09-08T12:00:00+00:00,0.0,A
Sam Parker · Demo 541,,homeowner541@example.com,202-555-0100,HomeGuard Demo Agency,2026-09-15,Individual,,640 Example Lane,Sample City,NM,01540,Sample County,Owner-occupied,Yes,Detached single family,1,2004,3150,1,Frame,Basement,No,,No,6,No,No,,,9,Architectural shingle,Gable,Good,2017.0,1,No,DEMO-ONLY/541/roof_verification,Copper,Circuit breakers,,200,PEX / PVC / CPVC,,2,Garage,Central electric,,No,No,No,,No,Yes,Yes,None,None,No,No,No,1.3,100,,No,No,No,No,No,No,,4,47,X,,No,No,No,,HO-5,1049961,923000,92300,553800,184600,500000,5000,2500,2,No,No,No,No,In force,No,Example Mutual (synthetic),,0,No,,1,0,126082,0,"Synthetic loss-run example: 1 claim(s), 0 open; total paid $126,082. Not a real claims report.",Verified,Verified,Verified,Not checked,Verified,DEMO-ONLY/541/property_verification,DEMO-ONLY/541/claims_verification,,DEMO-ONLY/541/replacement_cost_verification,Synthetic evidence scenario,2026-09-15,,No,Yes,Yes,Yes,,DEMO-2026-00541,2,Demo portfolio,2026-09-04T12:00:00+00:00,0.13660021668472372,B
Sam Ellis · Demo 542,,homeowner542@example.com,202-555-0100,HomeGuard Demo Agency,2026-09-15,Individual,,641 Example Lane,Sample City,NY,01541,Sample County,Owner-occupied,Yes,Detached single family,1,1963,1200,1,Masonry veneer,Crawl space,No,,No,2,No,No,,,11,Slate,Hip,Good,2015.0,1,No,DEMO-ONLY/542/roof_verification,Copper,Circuit breakers,,200,Copper,,6,Garage,Central gas,,No,No,No,,No,Yes,Yes,None,None,No,No,No,0.3,550,,No,No,No,No,No,No,,6,42,X,,No,No,No,,HO-5,952553,847000,84700,508200,169400,100000,5000,1000,2,No,No,No,No,In force,No,Example Mutual (synthetic),,0,No,,0,0,0,0,,Verified,Verified,Verified,Verified,Verified,DEMO-ONLY/542/property_verification,DEMO-ONLY/542/claims_verification,DEMO-ONLY/542/hazard_verification,DEMO-ONLY/542/replacement_cost_verification,Synthetic evidence scenario,2026-09-15,,No,Yes,Yes,Yes,,DEMO-2026-00542,2,Demo portfolio,2026-08-08T12:00:00+00:00,0.0,A
Sam Lane · Demo 543,,homeowner543@example.com,202-555-0100,HomeGuard Demo Agency,2026-09-15,Individual,,642 Example Lane,Sample City,NC,01542,Sample County,Owner-occupied,Yes,Detached single family,1,2013,3750,3,Solid masonry,Basement,No,,No,6,No,No,,,3,Architectural shingle,Mixed,Good,2023.0,1,No,DEMO-ONLY/543/roof_verification,Copper,Circuit breakers,,200,Copper,,9,Garage,Heat pump,,No,No,No,,No,Yes,Yes,None,None,No,No,No,2.6,350,,No,No,No,No,No,No,,9,5,X,,No,No,No,,HO-5,719482,633000,63300,379800,126600,300000,5000,2500,2,No,No,No,No,In force,No,Example Mutual (synthetic),,0,No,,0,0,0,0,,Verified,Verified,Verified,Verified,Verified,DEMO-ONLY/543/property_verification,DEMO-ONLY/543/claims_verification,DEMO-ONLY/543/hazard_verification,DEMO-ONLY/543/replacement_cost_verification,Synthetic evidence scenario,2026-09-15,,No,Yes,Yes,Yes,,DEMO-2026-00543,2,Demo portfolio,2026-08-24T12:00:00+00:00,0.0,A
Jordan Brooks · Demo 544,,homeowner544@example.com,202-555-0100,HomeGuard Demo Agency,2026-09-15,Individual,,643 Example Lane,Sample City,ND,01543,Sample County,Owner-occupied,Yes,Detached single family,1,1978,3450,3,Solid masonry,Slab,No,,No,17,No,No,,,16,Slate,Hip,Good,2010.0,1,No,DEMO-ONLY/544/roof_verification,Copper,Circuit breakers,,200,PEX / PVC / CPVC,,11,Garage,Central gas,,No,No,No,,No,Yes,Yes,None,None,No,No,No,2.5,750,,No,No,No,No,No,No,,22,37,X,,No,No,No,,HO-5,517117,452000,45200,271200,90400,500000,5000,5000,2,No,No,No,No,In force,No,Example Mutual (synthetic),,0,No,,0,0,0,0,,Verified,Verified,Verified,Verified,Verified,DEMO-ONLY/544/property_verification,DEMO-ONLY/544/claims_verification,DEMO-ONLY/544/hazard_verification,DEMO-ONLY/544/replacement_cost_verification,Synthetic evidence scenario,2026-09-15,,No,Yes,Yes,Yes,,DEMO-2026-00544,2,Demo portfolio,2026-08-20T12:00:00+00:00,0.0,A
Taylor Parker · Demo 545,,homeowner545@example.com,202-555-0100,HomeGuard Demo Agency,2026-09-15,Individual,,644 Example Lane,Sample City,OH,01544,Sample County,Owner-occupied,Yes,Detached single family,1,2010,4550,3,Frame,Crawl space,No,,No,12,No,No,,,16,Metal,Mixed,Fair,2010.0,1,No,DEMO-ONLY/545/roof_verification,Copper,Circuit breakers,,200,PEX / PVC / CPVC,,10,Garage,Central electric,,No,No,No,,No,Yes,Yes,None,None,No,No,No,0.5,700,,No,No,No,No,No,No,,17,93,X,,No,No,No,,HO-3,818245,714000,71400,428400,142800,100000,5000,1000,2,No,No,No,No,In force,No,Example Mutual (synthetic),,0,No,,0,0,0,0,,Verified,Verified,Verified,Verified,Verified,DEMO-ONLY/545/property_verification,DEMO-ONLY/545/claims_verification,DEMO-ONLY/545/hazard_verification,DEMO-ONLY/545/replacement_cost_verification,Synthetic evidence scenario,2026-09-15,,No,Yes,Yes,Yes,,DEMO-2026-00545,2,Demo portfolio,2026-08-19T12:00:00+00:00,0.0,F
Casey Brooks · Demo 546,,homeowner546@example.com,202-555-0100,HomeGuard Demo Agency,2026-09-15,Individual,,645 Example Lane,Sample City,OK,01545,Sample County,Owner-occupied,Yes,Detached single family,1,2008,2400,1,Frame,Slab,No,,Yes,15,No,No,,,18,Slate,Mixed,Fair,2008.0,1,No,DEMO-ONLY/546/roof_verification,Copper,Circuit breakers,,200,PEX / PVC / CPVC,,8,Garage,Central gas,,No,No,No,,No,Yes,Yes,None,None,No,No,No,4.4,650,,No,No,No,No,No,No,,44,4,X,,No,No,No,,HO-3,988047,1067000,106700,640200,213400,500000,5000,2500,2,No,No,No,No,In force,No,Example Mutual (synthetic),,0,No,,0,0,0,0,,Verified,Verified,Verified,Verified,Verified,DEMO-ONLY/546/property_verification,DEMO-ONLY/546/claims_verification,DEMO-ONLY/546/hazard_verification,DEMO-ONLY/546/replacement_cost_verification,Synthetic evidence scenario,2026-09-15,,No,Yes,Yes,Yes,,DEMO-2026-00546,2,Demo portfolio,2026-07-19T12:00:00+00:00,0.0,B
Taylor Brooks · Demo 547,,homeowner547@example.com,202-555-0100,HomeGuard Demo Agency,2026-09-15,Individual,,646 Example Lane,Sample City,OR,01546,Sample County,Owner-occupied,Yes,Detached single family,1,1963,1250,2,Masonry veneer,Basement,No,,No,5,No,No,,,7,Slate,Hip,Fair,2019.0,1,No,DEMO-ONLY/547/roof_verification,Copper,Circuit breakers,,200,PEX / PVC / CPVC,,6,Garage,Central gas,,No,No,No,,No,Yes,Yes,None,None,No,No,No,2.0,950,,No,No,No,Yes,No,No,,3,10,X,,No,No,No,,HO-3,350361,319000,31900,191400,63800,100000,5000,5000,2,No,No,No,No,In force,No,Example Mutual (synthetic),,0,No,,0,0,0,0,,Verified,Verified,Verified,Verified,Verified,DEMO-ONLY/547/property_verification,DEMO-ONLY/547/claims_verification,DEMO-ONLY/547/hazard_verification,DEMO-ONLY/547/replacement_cost_verification,Synthetic evidence scenario,2026-09-15,,No,Yes,Yes,Yes,,DEMO-2026-00547,2,Demo portfolio,2026-08-11T12:00:00+00:00,0.0,B
Jordan Ellis · Demo 548,,homeowner548@example.com,202-555-0100,HomeGuard Demo Agency,2026-09-15,Individual,,647 Example Lane,Sample City,PA,01547,Sample County,Owner-occupied,Yes,Detached single family,1,1952,4250,3,Solid masonry,Slab,No,,No,7,No,No,,,16,Metal,Hip,Good,2010.0,1,No,DEMO-ONLY/548/roof_verification,Copper,Circuit breakers,,200,PEX / PVC / CPVC,,12,Garage,Central gas,,No,No,No,,No,Yes,Yes,None,None,No,No,No,1.7,750,,No,No,No,No,No,No,,24,14,X,,No,No,Yes,,HO-3,970083,1123000,112300,673800,224600,300000,5000,2500,2,No,No,No,No,In force,No,Example Mutual (synthetic),,0,No,,0,0,0,0,,Verified,Verified,Verified,Verified,Verified,DEMO-ONLY/548/property_verification,DEMO-ONLY/548/claims_verification,DEMO-ONLY/548/hazard_verification,DEMO-ONLY/548/replacement_cost_verification,Synthetic evidence scenario,2026-09-15,,No,Yes,Yes,Yes,,DEMO-2026-00548,2,Demo portfolio,2026-08-01T12:00:00+00:00,0.0,B
Casey Lane · Demo 549,,homeowner549@example.com,202-555-0100,HomeGuard Demo Agency,2026-09-15,Individual,,648 Example Lane,Sample City,RI,01548,Sample County,Owner-occupied,Yes,Detached single family,1,2001,4450,2,Solid masonry,Crawl space,No,,No,9,No,No,,,1,Slate,Mixed,Good,2025.0,1,No,DEMO-ONLY/549/roof_verification,Copper,Circuit breakers,,200,PEX / PVC / CPVC,,3,Garage,Heat pump,,No,No,No,,No,Yes,Yes,None,None,No,No,No,4.7,900,,No,No,No,No,No,No,,15,45,X,,No,No,No,,HO-3,677649,717000,71700,430200,143400,300000,5000,5000,2,No,No,No,No,In force,No,Example Mutual (synthetic),,0,No,,1,0,138797,0,"Synthetic loss-run example: 1 claim(s), 0 open; total paid $138,797. Not a real claims report.",Verified,Verified,Verified,Verified,Verified,DEMO-ONLY/549/property_verification,DEMO-ONLY/549/claims_verification,DEMO-ONLY/549/hazard_verification,DEMO-ONLY/549/replacement_cost_verification,Synthetic evidence scenario,2026-09-15,,No,Yes,Yes,Yes,,DEMO-2026-00549,2,Demo portfolio,2026-09-04T12:00:00+00:00,0.19358019525801953,A
Alex Reed · Demo 550,,homeowner550@example.com,202-555-0100,HomeGuard Demo Agency,2026-09-15,Individual,,649 Example Lane,Sample City,SC,01549,Sample County,Owner-occupied,Yes,Detached single family,1,2003,3700,1,Frame,Crawl space,No,,No,7,No,No,,,9,Tile,Gable,Fair,2017.0,1,No,DEMO-ONLY/550/roof_verification,Copper,Circuit breakers,,200,PEX / PVC / CPVC,,1,Garage,Central electric,,No,No,No,,No,Yes,Yes,None,None,No,No,No,4.6,700,,No,No,No,No,No,No,,11,29,X,,No,No,No,,HO-5,223741,262000,26200,157200,52400,500000,5000,5000,2,No,No,No,No,In force,No,Example Mutual (synthetic),,0,No,,0,0,0,0,,Verified,Verified,Verified,Verified,Verified,DEMO-ONLY/550/property_verification,DEMO-ONLY/550/claims_verification,DEMO-ONLY/550/hazard_verification,DEMO-ONLY/550/replacement_cost_verification,Synthetic evidence scenario,2026-09-15,,No,Yes,Yes,Yes,,DEMO-2026-00550,2,Demo portfolio,2026-08-23T12:00:00+00:00,0.0,A
Casey Brooks · Demo 551,,homeowner551@example.com,202-555-0100,HomeGuard Demo Agency,2026-09-15,Individual,,650 Example Lane,Sample City,SD,01550,Sample County,Owner-occupied,Yes,Detached single family,1,1957,2200,2,Solid masonry,Basement,No,,No,10,No,No,,,1,Metal,Mixed,Fair,2025.0,1,No,DEMO-ONLY/551/roof_verification,Copper,Circuit breakers,,200,PEX / PVC / CPVC,,9,Garage,Central electric,,No,No,No,,No,Yes,Yes,None,None,No,No,No,2.5,600,,No,No,No,No,No,No,,2,13,X,,No,No,No,,HO-5,1072791,1101000,110100,660600,220200,300000,5000,2500,2,No,No,No,No,In force,No,Example Mutual (synthetic),,0,No,,3,0,273765,0,"Synthetic loss-run example: 3 claim(s), 0 open; total paid $273,765. Not a real claims report.",Verified,Verified,Verified,Not checked,Verified,DEMO-ONLY/551/property_verification,DEMO-ONLY/551/claims_verification,,DEMO-ONLY/551/replacement_cost_verification,Synthetic evidence scenario,2026-09-15,,No,Yes,Yes,Yes,,DEMO-2026-00551,2,Demo portfolio,2026-07-29T12:00:00+00:00,0.24865122615803814,B
Taylor Hayes · Demo 552,,homeowner552@example.com,202-555-0100,HomeGuard Demo Agency,2026-09-15,Individual,,651 Example Lane,Sample City,TN,01551,Sample County,Owner-occupied,Yes,Detached single family,1,2017,2250,3,Masonry veneer,Slab,No,,No,12,No,No,,,1,Metal,Hip,Fair,2025.0,1,No,DEMO-ONLY/552/roof_verification,Copper,Circuit breakers,,200,PEX / PVC / CPVC,,11,Garage,Central gas,,No,No,No,,No,Yes,Yes,None,None,No,No,No,4.2,200,,No,No,No,No,No,No,,8,21,X,,No,No,No,,HO-5,617022,697000,69700,418200,139400,100000,5000,2500,2,No,No,No,No,In force,No,Example Mutual (synthetic),,0,No,,0,0,0,0,,Verified,Verified,Verified,Verified,Verified,DEMO-ONLY/552/property_verification,DEMO-ONLY/552/claims_verification,DEMO-ONLY/552/hazard_verification,DEMO-ONLY/552/replacement_cost_verification,Synthetic evidence scenario,2026-09-15,,No,Yes,Yes,Yes,,DEMO-2026-00552,2,Demo portfolio,2026-08-21T12:00:00+00:00,0.0,A
Casey Hayes · Demo 553,,homeowner553@example.com,202-555-0100,HomeGuard Demo Agency,2026-09-15,Individual,,652 Example Lane,Sample City,TX,01552,Sample County,Owner-occupied,Yes,Detached single family,1,2002,3450,1,Frame,Slab,No,,No,11,No,No,,,17,Metal,Mixed,Fair,2009.0,1,No,DEMO-ONLY/553/roof_verification,Copper,Circuit breakers,,200,Copper,,4,Garage,Central gas,,No,No,No,,No,Yes,Yes,None,None,No,No,No,1.3,900,,No,No,No,No,No,No,,34,40,X,,No,No,No,,HO-3,1355091,1218000,121800,730800,243600,100000,5000,2500,2,No,No,No,No,In force,No,Example Mutual (synthetic),,0,No,,1,0,52989,0,"Synthetic loss-run example: 1 claim(s), 0 open; total paid $52,989. Not a real claims report.",Verified,Verified,Verified,Verified,Verified,DEMO-ONLY/553/property_verification,DEMO-ONLY/553/claims_verification,DEMO-ONLY/553/hazard_verification,DEMO-ONLY/553/replacement_cost_verification,Synthetic evidence scenario,2026-09-15,,No,Yes,Yes,Yes,,DEMO-2026-00553,2,Demo portfolio,2026-09-06T12:00:00+00:00,0.043504926108374385,A
Taylor Brooks · Demo 554,,homeowner554@example.com,202-555-0100,HomeGuard Demo Agency,2026-09-15,LLC / other entity,,653 Example Lane,Sample City,UT,01553,Sample County,Owner-occupied,Yes,Detached single family,1,1975,2700,3,Solid masonry,Slab,No,,No,18,No,No,,,8,Tile,Hip,Fair,2018.0,1,No,DEMO-ONLY/554/roof_verification,Copper,Circuit breakers,,200,PEX / PVC / CPVC,,6,Garage,Central gas,,No,No,No,,No,Yes,Yes,None,None,No,No,No,2.9,300,,No,No,No,No,No,No,,3,30,X,,No,No,No,,HO-3,1362447,1294000,129400,776400,258800,100000,5000,2500,2,No,No,No,No,In force,No,Example Mutual (synthetic),,0,No,,0,0,0,0,,Verified,Verified,Verified,Verified,Verified,DEMO-ONLY/554/property_verification,DEMO-ONLY/554/claims_verification,DEMO-ONLY/554/hazard_verification,DEMO-ONLY/554/replacement_cost_verification,Synthetic evidence scenario,2026-09-15,,No,Yes,Yes,Yes,,DEMO-2026-00554,2,Demo portfolio,2026-08-29T12:00:00+00:00,0.0,B
Jordan Parker · Demo 555,,homeowner555@example.com,202-555-0100,HomeGuard Demo Agency,2026-09-15,Individual,,654 Example Lane,Sample City,VT,01554,Sample County,Owner-occupied,Yes,Detached single family,1,1972,4100,2,Solid masonry,Basement,No,,No,8,No,No,,,7,Architectural shingle,Gable,Fair,2019.0,1,No,DEMO-ONLY/555/roof_verification,Copper,Circuit breakers,,200,Copper,,8,Garage,Central electric,,No,No,No,,No,Yes,Yes,None,None,No,No,No,2.2,850,,No,No,No,No,No,No,,28,6,X,,No,No,No,,HO-5,1145856,1312000,131200,787200,262400,300000,5000,1000,2,No,No,No,No,In force,No,Example Mutual (synthetic),,0,No,,0,0,0,0,,Verified,Verified,Verified,Verified,Verified,DEMO-ONLY/555/property_verification,DEMO-ONLY/555/claims_verification,DEMO-ONLY/555/hazard_verification,DEMO-ONLY/555/replacement_cost_verification,Synthetic evidence scenario,2026-09-15,,No,Yes,Yes,Yes,,DEMO-2026-00555,2,Demo portfolio,2026-07-24T12:00:00+00:00,0.0,A
Jordan Hayes · Demo 556,,homeowner556@example.com,202-555-0100,HomeGuard Demo Agency,2026-09-15,Individual,,655 Example Lane,Sample City,VA,01555,Sample County,Owner-occupied,Yes,Detached single family,1,1956,2350,2,Masonry veneer,Basement,No,,No,18,No,No,,,2,Tile,Gable,Good,2024.0,1,No,DEMO-ONLY/556/roof_verification,Copper,Circuit breakers,,200,Copper,,6,Garage,Heat pump,,No,No,No,,No,Yes,Yes,None,None,No,No,No,4.1,950,,No,No,No,No,No,No,,47,4,X,,No,No,No,,HO-5,1064888,1032000,103200,619200,206400,100000,5000,5000,2,No,No,No,No,In force,No,Example Mutual (synthetic),,0,No,,0,0,0,0,,Verified,Verified,Verified,Verified,Verified,DEMO-ONLY/556/property_verification,DEMO-ONLY/556/claims_verification,DEMO-ONLY/556/hazard_verification,DEMO-ONLY/556/replacement_cost_verification,Synthetic evidence scenario,2026-09-15,,No,Yes,Yes,Yes,,DEMO-2026-00556,2,Demo portfolio,2026-08-03T12:00:00+00:00,0.0,A
Jordan Lane · Demo 557,,homeowner557@example.com,202-555-0100,HomeGuard Demo Agency,2026-09-15,Individual,,656 Example Lane,Sample City,WA,01556,Sample County,Owner-occupied,Yes,Detached single family,1,1992,1050,2,Masonry veneer,Slab,No,,No,9,No,No,,,11,Metal,Mixed,Good,2015.0,1,No,DEMO-ONLY/557/roof_verification,Copper,Circuit breakers,,200,Copper,,5,Garage,Heat pump,,No,No,No,,No,Yes,Yes,None,None,No,No,No,0.6,100,,No,No,No,No,No,No,,0,36,X,,No,No,No,,HO-3,1325814,1270000,127000,762000,254000,100000,5000,5000,2,No,No,No,No,In force,No,Example Mutual (synthetic),,0,No,,1,0,250151,0,"Synthetic loss-run example: 1 claim(s), 0 open; total paid $250,151. Not a real claims report.",Verified,Verified,Verified,Verified,Verified,DEMO-ONLY/557/property_verification,DEMO-ONLY/557/claims_verification,DEMO-ONLY/557/hazard_verification,DEMO-ONLY/557/replacement_cost_verification,Synthetic evidence scenario,2026-09-15,,No,Yes,Yes,Yes,,DEMO-2026-00557,2,Demo portfolio,2026-07-22T12:00:00+00:00,0.19696929133858268,A
Sam Brooks · Demo 558,,homeowner558@example.com,202-555-0100,HomeGuard Demo Agency,2026-09-15,Individual,,657 Example Lane,Sample City,WV,01557,Sample County,Owner-occupied,Yes,Detached single family,1,1974,5450,1,Masonry veneer,Slab,No,,No,0,No,No,,,5,Metal,Mixed,Fair,2021.0,1,No,DEMO-ONLY/558/roof_verification,Copper,Circuit breakers,,200,PEX / PVC / CPVC,,14,Garage,Central gas,,No,No,No,,No,Yes,Yes,None,None,No,No,No,0.9,500,,No,No,No,No,No,No,,35,15,X,,No,No,No,,HO-5,707526,731000,73100,438600,146200,100000,5000,1000,2,No,No,No,No,In force,No,Example Mutual (synthetic),,0,No,,0,0,0,0,,Verified,Verified,Verified,Verified,Verified,DEMO-ONLY/558/property_verification,DEMO-ONLY/558/claims_verification,DEMO-ONLY/558/hazard_verification,DEMO-ONLY/558/replacement_cost_verification,Synthetic evidence scenario,2026-09-15,,No,Yes,Yes,Yes,,DEMO-2026-00558,2,Demo portfolio,2026-08-14T12:00:00+00:00,0.0,A
Jordan Reed · Demo 559,,homeowner559@example.com,202-555-0100,HomeGuard Demo Agency,2026-09-15,Individual,,658 Example Lane,Sample City,WI,01558,Sample County,Owner-occupied,Yes,Detached single family,1,1969,2700,3,Frame,Basement,No,,No,18,No,No,,,12,Tile,Gable,Good,2014.0,1,No,DEMO-ONLY/559/roof_verification,Copper,Circuit breakers,,200,Copper,,6,Garage,Heat pump,,No,No,No,,No,Yes,Yes,None,None,No,No,No,2.0,950,,No,No,No,No,No,No,,32,34,X,,No,No,No,,HO-5,678733,748000,74800,448800,149600,300000,5000,1000,2,No,No,No,No,In force,No,Example Mutual (synthetic),,0,No,,0,0,0,0,,Verified,Verified,Verified,Verified,Verified,DEMO-ONLY/559/property_verification,DEMO-ONLY/559/claims_verification,DEMO-ONLY/559/hazard_verification,DEMO-ONLY/559/replacement_cost_verification,Synthetic evidence scenario,2026-09-15,,No,Yes,Yes,Yes,,DEMO-2026-00559,2,Demo portfolio,2026-09-05T12:00:00+00:00,0.0,A
Alex Lane · Demo 560,,homeowner560@example.com,202-555-0100,HomeGuard Demo Agency,2026-09-15,Individual,,659 Example Lane,Sample City,WY,01559,Sample County,Owner-occupied,Yes,Detached single family,1,2006,3800,1,Frame,Slab,No,,No,3,No,No,,,13,Architectural shingle,Hip,Fair,2013.0,1,No,DEMO-ONLY/560/roof_verification,Copper,Circuit breakers,,200,PEX / PVC / CPVC,,10,Garage,Central electric,,No,No,No,,No,Yes,Yes,None,None,No,No,No,3.7,850,,No,No,No,No,No,No,,37,44,X,,No,No,No,,HO-5,678236,663000,66300,397800,132600,300000,5000,2500,2,No,No,No,No,In force,No,Example Mutual (synthetic),,0,No,,0,0,0,0,,Verified,Verified,Verified,Verified,Verified,DEMO-ONLY/560/property_verification,DEMO-ONLY/560/claims_verification,DEMO-ONLY/560/hazard_verification,DEMO-ONLY/560/replacement_cost_verification,Synthetic evidence scenario,2026-09-15,,No,Yes,Yes,Yes,,DEMO-2026-00560,2,Demo portfolio,2026-09-08T12:00:00+00:00,0.0,A
Jordan Reed · Demo 561,,homeowner561@example.com,202-555-0100,HomeGuard Demo Agency,2026-09-15,Individual,,660 Example Lane,Sample City,DC,01560,Sample County,Owner-occupied,Yes,Detached single family,1,2012,3850,3,Masonry veneer,Basement,No,,No,10,No,No,,,3,Slate,Hip,Good,2023.0,1,No,DEMO-ONLY/561/roof_verification,Copper,Circuit breakers,,200,PEX / PVC / CPVC,,1,Garage,Heat pump,,No,No,No,,No,Yes,Yes,None,None,No,No,No,2.9,350,,No,No,No,No,No,No,,49,6,X,,No,No,No,,HO-3,1016722,1116000,111600,669600,223200,300000,5000,2500,2,No,No,No,No,In force,No,Example Mutual (synthetic),,0,No,,1,0,429628,0,"Synthetic loss-run example: 1 claim(s), 0 open; total paid $429,628. Not a real claims report.",Verified,Verified,Verified,Not checked,Verified,DEMO-ONLY/561/property_verification,DEMO-ONLY/561/claims_verification,,DEMO-ONLY/561/replacement_cost_verification,Synthetic evidence scenario,2026-09-15,,No,Yes,Yes,Yes,,DEMO-2026-00561,2,Demo portfolio,2026-09-10T12:00:00+00:00,0.38497132616487456,B
Morgan Lane · Demo 562,,homeowner562@example.com,202-555-0100,HomeGuard Demo Agency,2026-09-15,Individual,,661 Example Lane,Sample City,AL,01561,Sample County,Owner-occupied,Yes,Detached single family,1,1986,4300,2,Solid masonry,Basement,No,,No,8,No,No,,,10,Tile,Mixed,Fair,2016.0,1,No,DEMO-ONLY/562/roof_verification,Copper,Circuit breakers,,200,Copper,,12,Garage,Central electric,,No,No,No,,No,Yes,Yes,None,None,No,No,No,2.0,800,,No,No,No,No,No,No,,9,0,X,,No,No,No,,HO-5,1094034,972000,97200,583200,194400,100000,5000,5000,2,No,No,No,No,In force,No,Example Mutual (synthetic),,0,No,,0,0,0,0,,Verified,Verified,Verified,Verified,Verified,DEMO-ONLY/562/property_verification,DEMO-ONLY/562/claims_verification,DEMO-ONLY/562/hazard_verification,DEMO-ONLY/562/replacement_cost_verification,Synthetic evidence scenario,2026-09-15,,No,Yes,Yes,Yes,,DEMO-2026-00562,2,Demo portfolio,2026-09-05T12:00:00+00:00,0.0,A
Casey Lane · Demo 563,,homeowner563@example.com,202-555-0100,HomeGuard Demo Agency,2026-09-15,Individual,,662 Example Lane,Sample City,AK,01562,Sample County,Owner-occupied,Yes,Detached single family,1,1959,3700,3,Frame,Slab,No,,No,13,No,No,,,13,Slate,Hip,Fair,2013.0,1,No,DEMO-ONLY/563/roof_verification,Copper,Circuit breakers,,200,Copper,,8,Garage,Heat pump,,No,No,No,,No,Yes,Yes,None,None,No,No,No,3.4,150,,No,No,No,No,No,No,,84,7,X,,No,No,No,,HO-3,297435,262000,26200,157200,52400,300000,5000,5000,2,No,No,No,No,In force,No,Example Mutual (synthetic),,0,No,,0,0,0,0,,Verified,Verified,Verified,Verified,Verified,DEMO-ONLY/563/property_verification,DEMO-ONLY/563/claims_verification,DEMO-ONLY/563/hazard_verification,DEMO-ONLY/563/replacement_cost_verification,Synthetic evidence scenario,2026-09-15,,No,Yes,Yes,Yes,,DEMO-2026-00563,2,Demo portfolio,2026-08-28T12:00:00+00:00,0.0,B
Morgan Hayes · Demo 564,,homeowner564@example.com,202-555-0100,HomeGuard Demo Agency,2026-09-15,Individual,,663 Example Lane,Sample City,AZ,01563,Sample County,Owner-occupied,Yes,Detached single family,1,1960,4450,2,Solid masonry,Basement,No,,No,12,No,No,,,40,Slate,Hip,Poor,,1,No,DEMO-ONLY/564/roof_verification,Copper,Circuit breakers,,200,PEX / PVC / CPVC,,14,Garage,Heat pump,,No,No,No,,No,Yes,Yes,None,None,No,No,No,4.5,800,,No,No,No,No,No,No,,10,14,X,,No,No,No,,HO-3,712702,839000,83900,503400,167800,300000,5000,5000,2,No,No,No,No,In force,No,Example Mutual (synthetic),,0,No,,0,0,0,0,,Verified,Verified,Verified,Verified,Verified,DEMO-ONLY/564/property_verification,DEMO-ONLY/564/claims_verification,DEMO-ONLY/564/hazard_verification,DEMO-ONLY/564/replacement_cost_verification,Synthetic evidence scenario,2026-09-15,,No,Yes,Yes,Yes,,DEMO-2026-00564,2,Demo portfolio,2026-08-07T12:00:00+00:00,0.0,F
Alex Ellis · Demo 565,,homeowner565@example.com,202-555-0100,HomeGuard Demo Agency,2026-09-15,Individual,,664 Example Lane,Sample City,AR,01564,Sample County,Owner-occupied,Yes,Detached single family,1,1979,3050,3,Frame,Basement,No,,No,2,No,No,,,12,Slate,Mixed,Fair,2014.0,1,No,DEMO-ONLY/565/roof_verification,Copper,Circuit breakers,,200,PEX / PVC / CPVC,,9,Garage,Central gas,,No,No,No,,No,Yes,Yes,None,None,No,No,No,4.0,150,,No,No,No,No,No,No,,15,38,X,,No,No,No,,HO-5,945319,886000,88600,531600,177200,100000,5000,1000,2,No,No,No,No,In force,No,Example Mutual (synthetic),,0,No,,1,0,43313,0,"Synthetic loss-run example: 1 claim(s), 0 open; total paid $43,313. Not a real claims report.",Verified,Verified,Verified,Verified,Verified,DEMO-ONLY/565/property_verification,DEMO-ONLY/565/claims_verification,DEMO-ONLY/565/hazard_verification,DEMO-ONLY/565/replacement_cost_verification,Synthetic evidence scenario,2026-09-15,,No,Yes,Yes,Yes,,DEMO-2026-00565,2,Demo portfolio,2026-09-10T12:00:00+00:00,0.04888600451467268,A
Jordan Ellis · Demo 566,,homeowner566@example.com,202-555-0100,HomeGuard Demo Agency,2026-09-15,Individual,,665 Example Lane,Sample City,CA,01565,Sample County,Owner-occupied,Yes,Detached single family,1,1978,3150,1,Frame,Slab,No,,No,1,No,No,,,12,Architectural shingle,Gable,Fair,2014.0,1,No,DEMO-ONLY/566/roof_verification,Copper,Circuit breakers,,200,Copper,,10,Garage,Central gas,,No,No,No,,No,Yes,Yes,None,None,No,No,No,2.3,450,,No,No,No,No,No,No,,33,30,X,,No,No,No,,HO-5,839925,957000,95700,574200,191400,500000,5000,1000,2,No,No,No,No,In force,No,Example Mutual (synthetic),,0,No,,0,0,0,0,,Verified,Verified,Verified,Verified,Verified,DEMO-ONLY/566/property_verification,DEMO-ONLY/566/claims_verification,DEMO-ONLY/566/hazard_verification,DEMO-ONLY/566/replacement_cost_verification,Synthetic evidence scenario,2026-09-15,,No,Yes,Yes,Yes,,DEMO-2026-00566,2,Demo portfolio,2026-09-03T12:00:00+00:00,0.0,A
Alex Ellis · Demo 567,,homeowner567@example.com,202-555-0100,HomeGuard Demo Agency,2026-09-15,Individual,,666 Example Lane,Sample City,CO,01566,Sample County,Owner-occupied,Yes,Detached single family,1,1966,3050,3,Masonry veneer,Basement,No,,No,16,No,No,,,14,Metal,Mixed,Good,2012.0,1,No,DEMO-ONLY/567/roof_verification,Copper,Circuit breakers,,200,Copper,,6,Garage,Heat pump,,No,No,No,,No,Yes,Yes,None,None,No,No,No,4.0,550,,No,No,No,No,No,No,,11,49,X,,No,No,No,,HO-3,454960,523000,52300,313800,104600,300000,5000,5000,2,No,No,No,No,In force,No,Example Mutual (synthetic),,0,No,,0,0,0,0,,Verified,Verified,Verified,Verified,Verified,DEMO-ONLY/567/property_verification,DEMO-ONLY/567/claims_verification,DEMO-ONLY/567/hazard_verification,DEMO-ONLY/567/replacement_cost_verification,Synthetic evidence scenario,2026-09-15,,No,Yes,Yes,Yes,,DEMO-2026-00567,2,Demo portfolio,2026-09-09T12:00:00+00:00,0.0,A
Alex Lane · Demo 568,,homeowner568@example.com,202-555-0100,HomeGuard Demo Agency,2026-09-15,Individual,,667 Example Lane,Sample City,CT,01567,Sample County,Owner-occupied,Yes,Detached single family,1,1956,4100,3,Frame,Basement,No,,No,5,No,No,,,18,Metal,Hip,Fair,2008.0,1,No,DEMO-ONLY/568/roof_verification,Copper,Circuit breakers,,200,Copper,,5,Garage,Heat pump,,No,No,No,,No,Yes,Yes,None,None,No,No,No,0.5,850,,Yes,Yes,No,No,No,No,,44,11,X,,No,No,No,,HO-5,1260135,1139000,113900,683400,227800,300000,5000,5000,2,No,No,No,No,In force,No,Example Mutual (synthetic),,0,No,,0,0,0,0,,Verified,Verified,Verified,Verified,Verified,DEMO-ONLY/568/property_verification,DEMO-ONLY/568/claims_verification,DEMO-ONLY/568/hazard_verification,DEMO-ONLY/568/replacement_cost_verification,Synthetic evidence scenario,2026-09-15,,No,Yes,Yes,Yes,,DEMO-2026-00568,2,Demo portfolio,2026-09-15T12:00:00+00:00,0.0,A
Alex Hayes · Demo 569,,homeowner569@example.com,202-555-0100,HomeGuard Demo Agency,2026-09-15,Individual,,668 Example Lane,Sample City,DE,01568,Sample County,Owner-occupied,Yes,Detached single family,1,2020,4300,1,Frame,Slab,No,,No,7,No,No,,,6,Slate,Hip,Good,2020.0,1,No,DEMO-ONLY/569/roof_verification,Copper,Circuit breakers,,200,PEX / PVC / CPVC,,3,Garage,Central gas,,No,No,No,,No,Yes,Yes,None,None,No,No,No,1.2,850,,No,No,No,No,No,No,,7,31,X,,No,No,No,,HO-5,1376059,1497000,149700,898200,299400,300000,5000,2500,2,No,No,No,No,In force,No,Example Mutual (synthetic),,0,No,,1,0,61927,0,"Synthetic loss-run example: 1 claim(s), 0 open; total paid $61,927. Not a real claims report.",Verified,Verified,Verified,Verified,Verified,DEMO-ONLY/569/property_verification,DEMO-ONLY/569/claims_verification,DEMO-ONLY/569/hazard_verification,DEMO-ONLY/569/replacement_cost_verification,Synthetic evidence scenario,2026-09-15,,No,Yes,Yes,Yes,,DEMO-2026-00569,2,Demo portfolio,2026-07-23T12:00:00+00:00,0.04136740146960588,A
Taylor Lane · Demo 570,,homeowner570@example.com,202-555-0100,HomeGuard Demo Agency,2026-09-15,Individual,,669 Example Lane,Sample City,FL,01569,Sample County,Owner-occupied,Yes,Detached single family,1,1955,1350,1,Solid masonry,Crawl space,No,,No,13,No,No,,,6,Metal,Mixed,Fair,2020.0,1,No,DEMO-ONLY/570/roof_verification,Copper,Circuit breakers,,200,PEX / PVC / CPVC,,8,Garage,Heat pump,,No,No,No,,No,Yes,Yes,None,None,No,No,No,4.8,300,,No,No,No,No,No,No,,9,24,X,,No,No,No,,HO-3,386953,338000,33800,202800,67600,300000,5000,5000,2,No,No,No,No,In force,No,Example Mutual (synthetic),,0,No,,0,0,0,0,,Verified,Verified,Verified,Verified,Verified,DEMO-ONLY/570/property_verification,DEMO-ONLY/570/claims_verification,DEMO-ONLY/570/hazard_verification,DEMO-ONLY/570/replacement_cost_verification,Synthetic evidence scenario,2026-09-15,,No,Yes,Yes,Yes,,DEMO-2026-00570,2,Demo portfolio,2026-08-16T12:00:00+00:00,0.0,A
Morgan Brooks · Demo 571,,homeowner571@example.com,202-555-0100,HomeGuard Demo Agency,2026-09-15,Individual,,670 Example Lane,Sample City,GA,01570,Sample County,Owner-occupied,Yes,Detached single family,1,2007,3900,1,Solid masonry,Basement,No,,No,9,No,No,,,4,Architectural shingle,Hip,Good,2022.0,1,No,DEMO-ONLY/571/roof_verification,Copper,Circuit breakers,,200,PEX / PVC / CPVC,,9,Garage,Heat pump,,No,No,No,,No,Yes,Yes,None,None,No,No,No,3.5,750,,No,No,No,No,No,No,,23,26,X,,No,No,No,,HO-5,1316115,1231000,123100,738600,246200,500000,5000,2500,2,No,No,No,No,In force,No,Example Mutual (synthetic),,0,No,,0,0,0,0,,Verified,Verified,Verified,Not checked,Verified,DEMO-ONLY/571/property_verification,DEMO-ONLY/571/claims_verification,,DEMO-ONLY/571/replacement_cost_verification,Synthetic evidence scenario,2026-09-15,,No,Yes,Yes,Yes,,DEMO-2026-00571,2,Demo portfolio,2026-07-18T12:00:00+00:00,0.0,B
Morgan Parker · Demo 572,,homeowner572@example.com,202-555-0100,HomeGuard Demo Agency,2026-09-15,Individual,,671 Example Lane,Sample City,HI,01571,Sample County,Owner-occupied,Yes,Detached single family,1,1988,3850,2,Frame,Slab,No,,No,1,No,No,,,14,Metal,Gable,Fair,2012.0,1,No,DEMO-ONLY/572/roof_verification,Copper,Circuit breakers,,200,Copper,,17,Garage,Central electric,,No,No,No,,No,Yes,Yes,None,None,No,No,No,2.3,900,,No,No,No,No,No,No,,17,35,X,,No,No,No,,HO-3,642015,627000,62700,376200,125400,100000,5000,1000,2,No,No,No,No,In force,No,Example Mutual (synthetic),,0,No,,0,0,0,0,,Verified,Verified,Verified,Verified,Verified,DEMO-ONLY/572/property_verification,DEMO-ONLY/572/claims_verification,DEMO-ONLY/572/hazard_verification,DEMO-ONLY/572/replacement_cost_verification,Synthetic evidence scenario,2026-09-15,,No,Yes,Yes,Yes,,DEMO-2026-00572,2,Demo portfolio,2026-08-08T12:00:00+00:00,0.0,B
Jordan Ellis · Demo 573,,homeowner573@example.com,202-555-0100,HomeGuard Demo Agency,2026-09-15,Individual,,672 Example Lane,Sample City,ID,01572,Sample County,Owner-occupied,Yes,Detached single family,1,1983,3500,3,Solid masonry,Basement,No,,No,13,No,No,,,4,Slate,Mixed,Good,2022.0,1,No,DEMO-ONLY/573/roof_verification,Copper,Circuit breakers,,200,Copper,,9,Garage,Central gas,,No,No,No,,No,Yes,Yes,None,None,No,No,No,4.2,600,,No,No,No,No,No,No,,30,9,X,,No,No,No,,HO-3,1160307,1109000,110900,665400,221800,300000,5000,1000,2,No,No,No,No,In force,No,Example Mutual (synthetic),,0,No,,1,0,35747,0,"Synthetic loss-run example: 1 claim(s), 0 open; total paid $35,747. Not a real claims report.",Verified,Verified,Verified,Verified,Verified,DEMO-ONLY/573/property_verification,DEMO-ONLY/573/claims_verification,DEMO-ONLY/573/hazard_verification,DEMO-ONLY/573/replacement_cost_verification,Synthetic evidence scenario,2026-09-15,,No,Yes,Yes,Yes,,DEMO-2026-00573,2,Demo portfolio,2026-08-02T12:00:00+00:00,0.032233543733092875,A
Jordan Parker · Demo 574,,homeowner574@example.com,202-555-0100,HomeGuard Demo Agency,2026-09-15,Individual,,673 Example Lane,Sample City,IL,01573,Sample County,Owner-occupied,Yes,Detached single family,1,2008,1200,1,Masonry veneer,Slab,No,,No,5,No,No,,,9,Architectural shingle,Gable,Fair,2017.0,1,No,DEMO-ONLY/574/roof_verification,Copper,Circuit breakers,,200,Copper,,7,Garage,Heat pump,,No,No,No,,No,Yes,Yes,None,None,No,No,No,2.1,350,,No,No,No,No,No,No,,37,1,X,,No,No,No,,HO-3,924012,805000,80500,483000,161000,500000,5000,1000,2,No,No,No,No,In force,No,Example Mutual (synthetic),,0,No,,0,0,0,0,,Verified,Verified,Verified,Verified,Verified,DEMO-ONLY/574/property_verification,DEMO-ONLY/574/claims_verification,DEMO-ONLY/574/hazard_verification,DEMO-ONLY/574/replacement_cost_verification,Synthetic evidence scenario,2026-09-15,,No,Yes,Yes,Yes,,DEMO-2026-00574,2,Demo portfolio,2026-08-03T12:00:00+00:00,0.0,A
Morgan Hayes · Demo 575,,homeowner575@example.com,202-555-0100,HomeGuard Demo Agency,2026-09-15,Individual,,674 Example Lane,Sample City,IN,01574,Sample County,Owner-occupied,Yes,Detached single family,1,1966,4900,3,Frame,Crawl space,No,,No,8,No,No,,,14,Slate,Mixed,Fair,2012.0,1,No,DEMO-ONLY/575/roof_verification,Copper,Circuit breakers,,200,PEX / PVC / CPVC,,1,Garage,Central electric,,No,No,No,,No,Yes,Yes,None,None,No,No,No,2.3,850,,Yes,Yes,No,No,No,No,,47,44,X,,No,No,No,,HO-5,853319,1003000,100300,601800,200600,500000,5000,1000,2,No,No,No,No,In force,No,Example Mutual (synthetic),,0,No,,0,0,0,0,,Verified,Verified,Verified,Verified,Verified,DEMO-ONLY/575/property_verification,DEMO-ONLY/575/claims_verification,DEMO-ONLY/575/hazard_verification,DEMO-ONLY/575/replacement_cost_verification,Synthetic evidence scenario,2026-09-15,,No,Yes,Yes,Yes,,DEMO-2026-00575,2,Demo portfolio,2026-08-26T12:00:00+00:00,0.0,A
Taylor Parker · Demo 576,,homeowner576@example.com,202-555-0100,HomeGuard Demo Agency,2026-09-15,Individual,,675 Example Lane,Sample City,IA,01575,Sample County,Owner-occupied,Yes,Detached single family,1,2015,3150,2,Masonry veneer,Slab,No,,No,10,No,No,,,5,Metal,Mixed,Good,2021.0,1,No,DEMO-ONLY/576/roof_verification,Copper,Circuit breakers,,200,Copper,,9,Garage,Heat pump,,No,No,No,,No,Yes,Yes,None,None,No,No,No,1.5,550,,No,No,No,No,No,No,,2,35,X,,No,No,No,,HO-5,1150633,1047000,104700,628200,209400,100000,5000,1000,2,No,No,No,No,In force,No,Example Mutual (synthetic),,0,No,,0,0,0,0,,Verified,Verified,Verified,Verified,Verified,DEMO-ONLY/576/property_verification,DEMO-ONLY/576/claims_verification,DEMO-ONLY/576/hazard_verification,DEMO-ONLY/576/replacement_cost_verification,Synthetic evidence scenario,2026-09-15,,No,Yes,Yes,Yes,,DEMO-2026-00576,2,Demo portfolio,2026-08-09T12:00:00+00:00,0.0,A
Taylor Hayes · Demo 577,,homeowner577@example.com,202-555-0100,HomeGuard Demo Agency,2026-09-15,Individual,,676 Example Lane,Sample City,KS,01576,Sample County,Owner-occupied,Yes,Detached single family,1,1979,1800,3,Solid masonry,Basement,No,,No,1,No,No,,,18,Slate,Gable,Good,2008.0,1,No,DEMO-ONLY/577/roof_verification,Copper,Circuit breakers,,200,PEX / PVC / CPVC,,11,Garage,Heat pump,,No,No,No,,No,Yes,Yes,None,None,No,No,No,3.0,900,,No,No,No,No,No,No,,11,19,X,,No,No,No,,HO-3,262920,282000,28200,169200,56400,300000,5000,5000,2,No,No,No,No,In force,No,Example Mutual (synthetic),,0,No,,1,0,39900,0,"Synthetic loss-run example: 1 claim(s), 0 open; total paid $39,900. Not a real claims report.",Verified,Verified,Verified,Verified,Verified,DEMO-ONLY/577/property_verification,DEMO-ONLY/577/claims_verification,DEMO-ONLY/577/hazard_verification,DEMO-ONLY/577/replacement_cost_verification,Synthetic evidence scenario,2026-09-15,,No,Yes,Yes,Yes,,DEMO-2026-00577,2,Demo portfolio,2026-09-02T12:00:00+00:00,0.14148936170212767,A
Sam Brooks · Demo 578,,homeowner578@example.com,202-555-0100,HomeGuard Demo Agency,2026-09-15,Individual,,677 Example Lane,Sample City,KY,01577,Sample County,Owner-occupied,Yes,Detached single family,1,2016,2750,1,Solid masonry,Basement,No,,No,15,No,No,,,5,Tile,Gable,Good,2021.0,1,No,DEMO-ONLY/578/roof_verification,Copper,Circuit breakers,,200,Copper,,8,Garage,Heat pump,,No,No,No,,No,Yes,Yes,None,None,No,No,No,2.7,150,,No,No,No,No,No,Yes,,23,26,X,,No,No,No,,HO-5,602732,571000,57100,342600,114200,300000,5000,1000,2,No,No,No,No,In force,No,Example Mutual (synthetic),,0,No,,0,0,0,0,,Verified,Verified,Verified,Verified,Verified,DEMO-ONLY/578/property_verification,DEMO-ONLY/578/claims_verification,DEMO-ONLY/578/hazard_verification,DEMO-ONLY/578/replacement_cost_verification,Synthetic evidence scenario,2026-09-15,,No,Yes,Yes,Yes,,DEMO-2026-00578,2,Demo portfolio,2026-08-11T12:00:00+00:00,0.0,B
Morgan Hayes · Demo 579,,homeowner579@example.com,202-555-0100,HomeGuard Demo Agency,2026-09-15,Individual,,678 Example Lane,Sample City,LA,01578,Sample County,Owner-occupied,Yes,Detached single family,1,2022,2750,1,Frame,Basement,No,,No,8,No,No,,,1,Architectural shingle,Mixed,Fair,2025.0,1,No,DEMO-ONLY/579/roof_verification,Copper,Circuit breakers,,200,Copper,,6,Garage,Heat pump,,No,No,No,,No,Yes,Yes,None,None,No,No,No,4.4,700,,No,No,No,No,No,No,,46,5,X,,No,No,No,,HO-5,1096118,1023000,102300,613800,204600,100000,5000,5000,2,No,No,No,No,In force,No,Example Mutual (synthetic),,0,No,,0,0,0,0,,Verified,Verified,Verified,Verified,Verified,DEMO-ONLY/579/property_verification,DEMO-ONLY/579/claims_verification,DEMO-ONLY/579/hazard_verification,DEMO-ONLY/579/replacement_cost_verification,Synthetic evidence scenario,2026-09-15,,No,Yes,Yes,Yes,,DEMO-2026-00579,2,Demo portfolio,2026-07-25T12:00:00+00:00,0.0,A
Casey Reed · Demo 580,,homeowner580@example.com,202-555-0100,HomeGuard Demo Agency,2026-09-15,Individual,,679 Example Lane,Sample City,ME,01579,Sample County,Owner-occupied,Yes,Detached single family,1,1969,3500,2,Masonry veneer,Slab,No,,No,16,No,No,,,9,Metal,Mixed,Good,2017.0,1,No,DEMO-ONLY/580/roof_verification,Copper,Circuit breakers,,200,Copper,,3,Garage,Central electric,,No,No,No,,No,Yes,Yes,None,None,No,No,No,4.7,150,,No,No,No,No,No,No,,4,14,X,,No,No,No,,HO-3,447853,510000,51000,306000,102000,500000,5000,5000,2,No,No,No,No,In force,No,Example Mutual (synthetic),,0,No,,0,0,0,0,,Verified,Verified,Verified,Verified,Verified,DEMO-ONLY/580/property_verification,DEMO-ONLY/580/claims_verification,DEMO-ONLY/580/hazard_verification,DEMO-ONLY/580/replacement_cost_verification,Synthetic evidence scenario,2026-09-15,,No,Yes,Yes,Yes,,DEMO-2026-00580,2,Demo portfolio,2026-09-05T12:00:00+00:00,0.0,A
Taylor Reed · Demo 581,,homeowner581@example.com,202-555-0100,HomeGuard Demo Agency,2026-09-15,Individual,,680 Example Lane,Sample City,MD,01580,Sample County,Owner-occupied,Yes,Detached single family,1,2012,2150,2,Frame,Crawl space,No,,No,20,No,No,,,11,Tile,Gable,Good,2015.0,1,No,DEMO-ONLY/581/roof_verification,Copper,Circuit breakers,,200,Copper,,4,Garage,Heat pump,,No,No,No,,No,Yes,Yes,None,None,No,No,No,0.7,750,,No,No,No,No,No,No,,5,6,X,,No,No,No,,HO-3,1223420,1441000,144100,864600,288200,500000,5000,5000,2,No,No,No,No,In force,No,Example Mutual (synthetic),,0,No,,1,0,37892,0,"Synthetic loss-run example: 1 claim(s), 0 open; total paid $37,892. Not a real claims report.",Verified,Verified,Verified,Not checked,Verified,DEMO-ONLY/581/property_verification,DEMO-ONLY/581/claims_verification,,DEMO-ONLY/581/replacement_cost_verification,Synthetic evidence scenario,2026-09-15,,No,Yes,Yes,Yes,,DEMO-2026-00581,2,Demo portfolio,2026-08-05T12:00:00+00:00,0.026295628036086052,B
Sam Brooks · Demo 582,,homeowner582@example.com,202-555-0100,HomeGuard Demo Agency,2026-09-15,Individual,,681 Example Lane,Sample City,MA,01581,Sample County,Owner-occupied,Yes,Detached single family,1,1958,2400,2,Frame,Basement,No,,No,8,No,No,,,6,Tile,Hip,Fair,2020.0,1,No,DEMO-ONLY/582/roof_verification,Copper,Circuit breakers,,200,Copper,,4,Garage,Central electric,,No,No,No,,No,Yes,Yes,None,None,No,No,No,3.4,550,,Yes,Yes,No,No,No,No,,26,4,X,,No,No,No,,HO-3,942843,1079000,107900,647400,215800,500000,5000,1000,2,No,No,No,No,In force,No,Example Mutual (synthetic),,0,No,,0,0,0,0,,Verified,Verified,Verified,Verified,Verified,DEMO-ONLY/582/property_verification,DEMO-ONLY/582/claims_verification,DEMO-ONLY/582/hazard_verification,DEMO-ONLY/582/replacement_cost_verification,Synthetic evidence scenario,2026-09-15,,No,Yes,Yes,Yes,,DEMO-2026-00582,2,Demo portfolio,2026-08-09T12:00:00+00:00,0.0,A
Taylor Reed · Demo 583,,homeowner583@example.com,202-555-0100,HomeGuard Demo Agency,2026-09-15,Individual,,682 Example Lane,Sample City,MI,01582,Sample County,Owner-occupied,Yes,Detached single family,1,1992,2400,3,Masonry veneer,Basement,No,,No,5,No,No,,,18,Tile,Gable,Fair,2008.0,1,No,DEMO-ONLY/583/roof_verification,Copper,Circuit breakers,,200,PEX / PVC / CPVC,,4,Garage,Heat pump,,No,No,No,,No,Yes,Yes,None,None,No,No,No,1.8,150,,No,No,No,No,No,No,,40,25,X,,No,No,No,,HO-3,735991,683000,68300,409800,136600,100000,5000,2500,2,No,No,No,No,In force,No,Example Mutual (synthetic),,0,No,,0,0,0,0,,Verified,Verified,Verified,Verified,Verified,DEMO-ONLY/583/property_verification,DEMO-ONLY/583/claims_verification,DEMO-ONLY/583/hazard_verification,DEMO-ONLY/583/replacement_cost_verification,Synthetic evidence scenario,2026-09-15,,No,Yes,Yes,Yes,,DEMO-2026-00583,2,Demo portfolio,2026-07-22T12:00:00+00:00,0.0,A
Alex Brooks · Demo 584,,homeowner584@example.com,202-555-0100,HomeGuard Demo Agency,2026-09-15,Individual,,683 Example Lane,Sample City,MN,01583,Sample County,Owner-occupied,Yes,Detached single family,1,1986,1800,3,Masonry veneer,Basement,No,,No,5,No,No,,,7,Tile,Mixed,Fair,2019.0,1,No,DEMO-ONLY/584/roof_verification,Copper,Circuit breakers,,200,Copper,,11,Garage,Heat pump,,No,No,No,,No,Yes,Yes,None,None,No,No,No,2.3,100,,No,No,No,No,No,No,,4,7,X,,No,No,No,,HO-3,322009,359000,35900,215400,71800,300000,5000,2500,2,No,No,No,No,In force,No,Example Mutual (synthetic),,0,No,,0,0,0,0,,Verified,Verified,Verified,Verified,Verified,DEMO-ONLY/584/property_verification,DEMO-ONLY/584/claims_verification,DEMO-ONLY/584/hazard_verification,DEMO-ONLY/584/replacement_cost_verification,Synthetic evidence scenario,2026-09-15,,No,Yes,Yes,Yes,,DEMO-2026-00584,2,Demo portfolio,2026-09-10T12:00:00+00:00,0.0,A
Morgan Lane · Demo 585,,homeowner585@example.com,202-555-0100,HomeGuard Demo Agency,2026-09-15,LLC / other entity,,684 Example Lane,Sample City,MS,01584,Sample County,Owner-occupied,Yes,Detached single family,1,2002,1150,1,Masonry veneer,Basement,No,,No,14,No,No,,,12,Slate,Hip,Good,2014.0,1,No,DEMO-ONLY/585/roof_verification,Copper,Circuit breakers,,200,PEX / PVC / CPVC,,3,Garage,Central electric,,No,No,No,,No,Yes,Yes,None,None,No,No,No,0.9,500,,No,No,No,No,No,No,,15,24,X,,No,No,No,,HO-5,941211,900000,90000,540000,180000,500000,5000,1000,2,No,No,No,No,In force,No,Example Mutual (synthetic),,0,No,,0,0,0,0,,Verified,Verified,Verified,Verified,Verified,DEMO-ONLY/585/property_verification,DEMO-ONLY/585/claims_verification,DEMO-ONLY/585/hazard_verification,DEMO-ONLY/585/replacement_cost_verification,Synthetic evidence scenario,2026-09-15,,No,Yes,Yes,Yes,,DEMO-2026-00585,2,Demo portfolio,2026-09-03T12:00:00+00:00,0.0,B
Sam Brooks · Demo 586,,homeowner586@example.com,202-555-0100,HomeGuard Demo Agency,2026-09-15,Individual,,685 Example Lane,Sample City,MO,01585,Sample County,Owner-occupied,Yes,Detached single family,1,1950,1400,2,Frame,Slab,No,,No,10,No,No,,,1,Slate,Hip,Good,2025.0,1,No,DEMO-ONLY/586/roof_verification,Copper,Circuit breakers,,200,Copper,,2,Garage,Central gas,,No,No,No,,No,Yes,Yes,None,None,No,No,No,2.9,150,,No,No,No,No,No,No,,41,32,X,,No,No,No,,HO-5,925345,1103000,110300,661800,220600,100000,5000,2500,2,No,No,No,No,In force,No,Example Mutual (synthetic),,0,No,,5,0,331909,0,"Synthetic loss-run example: 5 claim(s), 0 open; total paid $331,909. Not a real claims report.",Verified,Verified,Verified,Verified,Verified,DEMO-ONLY/586/property_verification,DEMO-ONLY/586/claims_verification,DEMO-ONLY/586/hazard_verification,DEMO-ONLY/586/replacement_cost_verification,Synthetic evidence scenario,2026-09-15,,No,Yes,Yes,Yes,,DEMO-2026-00586,2,Demo portfolio,2026-08-10T12:00:00+00:00,0.3009147778785132,F
Taylor Brooks · Demo 587,,homeowner587@example.com,202-555-0100,HomeGuard Demo Agency,2026-09-15,Individual,,686 Example Lane,Sample City,MT,01586,Sample County,Owner-occupied,Yes,Detached single family,1,1971,1000,3,Masonry veneer,Slab,No,,No,3,No,No,,,15,Tile,Gable,Good,2011.0,1,No,DEMO-ONLY/587/roof_verification,Copper,Circuit breakers,,200,Copper,,11,Garage,Heat pump,,No,No,No,,No,Yes,Yes,None,None,No,No,No,4.6,400,,No,No,No,No,No,No,,4,10,X,,No,No,No,,HO-3,805179,886000,88600,531600,177200,100000,5000,1000,2,No,No,No,No,In force,No,Example Mutual (synthetic),,65,No,,0,0,0,0,,Verified,Verified,Verified,Verified,Verified,DEMO-ONLY/587/property_verification,DEMO-ONLY/587/claims_verification,DEMO-ONLY/587/hazard_verification,DEMO-ONLY/587/replacement_cost_verification,Synthetic evidence scenario,2026-09-15,,No,Yes,Yes,Yes,,DEMO-2026-00587,2,Demo portfolio,2026-07-25T12:00:00+00:00,0.0,B
Jordan Brooks · Demo 588,,homeowner588@example.com,202-555-0100,HomeGuard Demo Agency,2026-09-15,Individual,,687 Example Lane,Sample City,NE,01587,Sample County,Owner-occupied,Yes,Detached single family,1,2003,4000,1,Frame,Basement,No,,No,3,No,No,,,12,Tile,Mixed,Fair,2014.0,1,No,DEMO-ONLY/588/roof_verification,Copper,Circuit breakers,,200,Copper,,2,Garage,Central electric,,No,No,No,,No,Yes,Yes,None,None,No,No,No,2.5,500,,No,No,No,No,No,No,,41,29,X,,No,No,No,,HO-5,1144801,1252000,125200,751200,250400,100000,5000,5000,2,No,No,No,No,In force,No,Example Mutual (synthetic),,0,No,,0,0,0,0,,Verified,Verified,Verified,Verified,Verified,DEMO-ONLY/588/property_verification,DEMO-ONLY/588/claims_verification,DEMO-ONLY/588/hazard_verification,DEMO-ONLY/588/replacement_cost_verification,Synthetic evidence scenario,2026-09-15,,No,Yes,Yes,Yes,,DEMO-2026-00588,2,Demo portfolio,2026-09-07T12:00:00+00:00,0.0,A
Alex Ellis · Demo 589,,homeowner589@example.com,202-555-0100,HomeGuard Demo Agency,2026-09-15,Individual,,688 Example Lane,Sample City,NV,01588,Sample County,Owner-occupied,Yes,Detached single family,1,1997,2050,2,Solid masonry,Crawl space,No,,No,18,No,No,,,10,Architectural shingle,Mixed,Poor,2016.0,1,No,DEMO-ONLY/589/roof_verification,Copper,Circuit breakers,,200,Copper,,10,Garage,Central electric,,No,No,No,,No,Yes,Yes,None,None,No,No,No,1.1,550,,No,No,No,No,No,No,,0,20,X,,No,No,No,,HO-3,1374608,1420000,142000,852000,284000,500000,5000,1000,2,No,No,No,No,In force,No,Example Mutual (synthetic),,0,No,,0,0,0,0,,Verified,Verified,Verified,Verified,Verified,DEMO-ONLY/589/property_verification,DEMO-ONLY/589/claims_verification,DEMO-ONLY/589/hazard_verification,DEMO-ONLY/589/replacement_cost_verification,Synthetic evidence scenario,2026-09-15,,No,Yes,Yes,Yes,,DEMO-2026-00589,2,Demo portfolio,2026-07-20T12:00:00+00:00,0.0,B
Taylor Brooks · Demo 590,,homeowner590@example.com,202-555-0100,HomeGuard Demo Agency,2026-09-15,Individual,,689 Example Lane,Sample City,NH,01589,Sample County,Owner-occupied,Yes,Detached single family,1,1995,2250,3,Masonry veneer,Basement,No,,No,19,No,No,,,5,Slate,Gable,Good,2021.0,1,No,DEMO-ONLY/590/roof_verification,Copper,Circuit breakers,,200,PEX / PVC / CPVC,,12,Garage,Central electric,,No,No,No,,No,Yes,Yes,None,None,No,No,No,4.0,550,,No,No,No,No,No,No,,36,9,X,,No,No,No,,HO-3,1038029,1150000,115000,690000,230000,500000,5000,2500,2,No,No,No,No,In force,No,Example Mutual (synthetic),,0,No,,0,0,0,0,,Verified,Verified,Verified,Verified,Verified,DEMO-ONLY/590/property_verification,DEMO-ONLY/590/claims_verification,DEMO-ONLY/590/hazard_verification,DEMO-ONLY/590/replacement_cost_verification,Synthetic evidence scenario,2026-09-15,,No,Yes,Yes,Yes,,DEMO-2026-00590,2,Demo portfolio,2026-08-29T12:00:00+00:00,0.0,A
Casey Hayes · Demo 591,,homeowner591@example.com,202-555-0100,HomeGuard Demo Agency,2026-09-15,Individual,,690 Example Lane,Sample City,NJ,01590,Sample County,Owner-occupied,Yes,Detached single family,1,1976,3100,1,Frame,Slab,No,,No,8,No,No,,,6,Metal,Gable,Good,2020.0,1,No,DEMO-ONLY/591/roof_verification,Copper,Circuit breakers,,200,PEX / PVC / CPVC,,8,Garage,Central electric,,No,No,No,,No,Yes,Yes,None,None,No,No,No,0.8,600,,No,No,No,No,No,No,,43,38,X,,No,No,No,,HO-5,197619,210000,21000,126000,42000,300000,5000,2500,2,No,No,No,No,In force,No,Example Mutual (synthetic),,0,No,,0,0,0,0,,Verified,Verified,Verified,Not checked,Verified,DEMO-ONLY/591/property_verification,DEMO-ONLY/591/claims_verification,,DEMO-ONLY/591/replacement_cost_verification,Synthetic evidence scenario,2026-09-15,,No,Yes,Yes,Yes,,DEMO-2026-00591,2,Demo portfolio,2026-09-13T12:00:00+00:00,0.0,B
Taylor Reed · Demo 592,,homeowner592@example.com,202-555-0100,HomeGuard Demo Agency,2026-09-15,Individual,,691 Example Lane,Sample City,NM,01591,Sample County,Owner-occupied,Yes,Detached single family,1,1996,4850,3,Masonry veneer,Basement,No,,No,7,No,No,,,5,Architectural shingle,Hip,Good,2021.0,1,No,DEMO-ONLY/592/roof_verification,Copper,Circuit breakers,,200,Copper,,12,Garage,Central gas,,No,No,No,,No,Yes,Yes,None,None,No,No,No,0.7,350,,No,No,No,No,No,No,,38,18,X,,No,No,No,,HO-5,418839,498000,49800,298800,99600,100000,5000,2500,2,No,No,No,No,In force,No,Example Mutual (synthetic),,0,No,,0,0,0,0,,Verified,Verified,Verified,Verified,Verified,DEMO-ONLY/592/property_verification,DEMO-ONLY/592/claims_verification,DEMO-ONLY/592/hazard_verification,DEMO-ONLY/592/replacement_cost_verification,Synthetic evidence scenario,2026-09-15,,No,Yes,Yes,Yes,,DEMO-2026-00592,2,Demo portfolio,2026-08-27T12:00:00+00:00,0.0,A
Morgan Ellis · Demo 593,,homeowner593@example.com,202-555-0100,HomeGuard Demo Agency,2026-09-15,Individual,,692 Example Lane,Sample City,NY,01592,Sample County,Owner-occupied,Yes,Detached single family,1,1981,5400,2,Frame,Crawl space,No,,No,17,No,No,,,16,Architectural shingle,Gable,Fair,2010.0,1,No,DEMO-ONLY/593/roof_verification,Copper,Circuit breakers,,200,Copper,,5,Garage,Central electric,,No,No,No,,No,Yes,Yes,None,None,No,No,No,1.9,450,,No,No,No,No,No,No,,47,15,X,,No,No,No,,HO-5,487546,588000,58800,352800,117600,300000,5000,5000,2,No,No,No,No,In force,No,Example Mutual (synthetic),,0,No,,1,0,65956,0,"Synthetic loss-run example: 1 claim(s), 0 open; total paid $65,956. Not a real claims report.",Verified,Verified,Verified,Verified,Verified,DEMO-ONLY/593/property_verification,DEMO-ONLY/593/claims_verification,DEMO-ONLY/593/hazard_verification,DEMO-ONLY/593/replacement_cost_verification,Synthetic evidence scenario,2026-09-15,,No,Yes,Yes,Yes,,DEMO-2026-00593,2,Demo portfolio,2026-08-25T12:00:00+00:00,0.11217006802721088,A
Casey Ellis · Demo 594,,homeowner594@example.com,202-555-0100,HomeGuard Demo Agency,2026-09-15,Individual,,693 Example Lane,Sample City,NC,01593,Sample County,Owner-occupied,Yes,Detached single family,1,2012,2850,2,Solid masonry,Basement,No,,No,14,No,No,,,12,Slate,Hip,Fair,2014.0,1,No,DEMO-ONLY/594/roof_verification,Copper,Circuit breakers,,200,PEX / PVC / CPVC,,14,Garage,Central gas,,No,No,No,,No,Yes,Yes,None,None,No,No,No,1.3,400,,No,No,No,No,No,No,,27,14,X,,No,No,No,,HO-3,777708,895000,89500,537000,179000,500000,5000,2500,2,No,No,No,No,In force,No,Example Mutual (synthetic),,0,No,,0,0,0,0,,Verified,Verified,Verified,Verified,Verified,DEMO-ONLY/594/property_verification,DEMO-ONLY/594/claims_verification,DEMO-ONLY/594/hazard_verification,DEMO-ONLY/594/replacement_cost_verification,Synthetic evidence scenario,2026-09-15,,No,Yes,Yes,Yes,,DEMO-2026-00594,2,Demo portfolio,2026-09-05T12:00:00+00:00,0.0,A
Casey Hayes · Demo 595,,homeowner595@example.com,202-555-0100,HomeGuard Demo Agency,2026-09-15,Individual,,694 Example Lane,Sample City,ND,01594,Sample County,Owner-occupied,Yes,Detached single family,1,2003,1250,2,Masonry veneer,Slab,No,,No,3,No,No,,,9,Architectural shingle,Hip,Good,2017.0,1,No,DEMO-ONLY/595/roof_verification,Copper,Circuit breakers,,200,PEX / PVC / CPVC,,5,Garage,Heat pump,,No,No,No,,No,Yes,Yes,None,None,No,No,No,3.9,300,,No,No,No,No,No,No,,19,33,X,,No,No,No,,HO-3,782939,682000,68200,409200,136400,500000,5000,5000,2,No,No,No,No,In force,No,Example Mutual (synthetic),,0,No,,0,0,0,0,,Verified,Verified,Verified,Verified,Verified,DEMO-ONLY/595/property_verification,DEMO-ONLY/595/claims_verification,DEMO-ONLY/595/hazard_verification,DEMO-ONLY/595/replacement_cost_verification,Synthetic evidence scenario,2026-09-15,,No,Yes,Yes,Yes,,DEMO-2026-00595,2,Demo portfolio,2026-09-02T12:00:00+00:00,0.0,A
Sam Parker · Demo 596,,homeowner596@example.com,202-555-0100,HomeGuard Demo Agency,2026-09-15,Individual,,695 Example Lane,Sample City,OH,01595,Sample County,Owner-occupied,Yes,Detached single family,1,1990,2350,2,Frame,Slab,No,,No,2,No,No,,,9,Architectural shingle,Mixed,Fair,2017.0,1,No,DEMO-ONLY/596/roof_verification,Copper,Circuit breakers,,200,Copper,,12,Garage,Central gas,,No,No,No,,No,Yes,Yes,None,None,No,No,No,2.3,100,,Yes,Yes,No,No,No,No,,32,7,X,,No,No,No,,HO-3,1293158,1388000,138800,832800,277600,300000,5000,1000,2,No,No,No,No,In force,No,Example Mutual (synthetic),,0,No,,0,0,0,0,,Verified,Verified,Verified,Verified,Verified,DEMO-ONLY/596/property_verification,DEMO-ONLY/596/claims_verification,DEMO-ONLY/596/hazard_verification,DEMO-ONLY/596/replacement_cost_verification,Synthetic evidence scenario,2026-09-15,,No,Yes,Yes,Yes,,DEMO-2026-00596,2,Demo portfolio,2026-08-16T12:00:00+00:00,0.0,A
Jordan Hayes · Demo 597,,homeowner597@example.com,202-555-0100,HomeGuard Demo Agency,2026-09-15,Individual,,696 Example Lane,Sample City,OK,01596,Sample County,Owner-occupied,Yes,Detached single family,1,1968,4200,1,Frame,Slab,No,,No,2,No,No,,,18,Slate,Gable,Good,2008.0,1,No,DEMO-ONLY/597/roof_verification,Copper,Circuit breakers,,200,Copper,,5,Garage,Heat pump,,No,No,No,,No,Yes,Yes,None,None,No,No,No,4.4,400,,No,No,No,No,No,No,,20,12,X,,No,No,No,,HO-5,1253617,1370000,137000,822000,274000,300000,5000,5000,2,No,No,No,No,In force,No,Example Mutual (synthetic),,0,No,,1,0,150687,0,"Synthetic loss-run example: 1 claim(s), 0 open; total paid $150,687. Not a real claims report.",Verified,Verified,Verified,Verified,Verified,DEMO-ONLY/597/property_verification,DEMO-ONLY/597/claims_verification,DEMO-ONLY/597/hazard_verification,DEMO-ONLY/597/replacement_cost_verification,Synthetic evidence scenario,2026-09-15,,No,Yes,Yes,Yes,,DEMO-2026-00597,2,Demo portfolio,2026-08-31T12:00:00+00:00,0.1099905109489051,A
Casey Reed · Demo 598,,homeowner598@example.com,202-555-0100,HomeGuard Demo Agency,2026-09-15,Individual,,697 Example Lane,Sample City,OR,01597,Sample County,Owner-occupied,Yes,Detached single family,1,2005,2700,1,Solid masonry,Basement,No,,No,0,No,No,,,14,Architectural shingle,Gable,Fair,2012.0,1,No,DEMO-ONLY/598/roof_verification,Copper,Circuit breakers,,200,PEX / PVC / CPVC,,12,Garage,Central gas,,No,No,No,,No,Yes,Yes,None,None,No,No,No,4.6,250,,No,No,No,No,No,No,,40,30,X,,No,No,No,,HO-3,231882,209000,20900,125400,41800,500000,5000,5000,2,No,No,No,No,In force,No,Example Mutual (synthetic),,0,No,,0,0,0,0,,Verified,Verified,Verified,Verified,Verified,DEMO-ONLY/598/property_verification,DEMO-ONLY/598/claims_verification,DEMO-ONLY/598/hazard_verification,DEMO-ONLY/598/replacement_cost_verification,Synthetic evidence scenario,2026-09-15,,No,Yes,Yes,Yes,,DEMO-2026-00598,2,Demo portfolio,2026-07-30T12:00:00+00:00,0.0,A
Sam Lane · Demo 599,,homeowner599@example.com,202-555-0100,HomeGuard Demo Agency,2026-09-15,Individual,,698 Example Lane,Sample City,PA,01598,Sample County,Owner-occupied,Yes,Detached single family,1,2010,1000,2,Masonry veneer,Crawl space,No,,No,12,No,No,,,4,Metal,Gable,Fair,2022.0,1,No,DEMO-ONLY/599/roof_verification,Copper,Circuit breakers,,200,Copper,,11,Garage,Heat pump,,No,No,No,,No,Yes,Yes,None,None,No,No,No,0.9,400,,No,No,No,No,No,No,,23,16,X,,No,No,No,,HO-5,811380,859000,85900,515400,171800,100000,5000,2500,2,No,No,No,No,In force,No,Example Mutual (synthetic),,0,No,,0,0,0,0,,Verified,Verified,Verified,Verified,Verified,DEMO-ONLY/599/property_verification,DEMO-ONLY/599/claims_verification,DEMO-ONLY/599/hazard_verification,DEMO-ONLY/599/replacement_cost_verification,Synthetic evidence scenario,2026-09-15,,No,Yes,Yes,Yes,,DEMO-2026-00599,2,Demo portfolio,2026-09-03T12:00:00+00:00,0.0,A
Taylor Hayes · Demo 600,,homeowner600@example.com,202-555-0100,HomeGuard Demo Agency,2026-09-15,Individual,,699 Example Lane,Sample City,RI,01599,Sample County,Owner-occupied,Yes,Detached single family,1,1984,4300,1,Masonry veneer,Basement,No,,No,10,No,No,,,11,Tile,Hip,Good,2015.0,1,No,DEMO-ONLY/600/roof_verification,Copper,Circuit breakers,,200,PEX / PVC / CPVC,,10,Garage,Heat pump,,No,No,No,,No,Yes,Yes,None,None,No,No,No,0.6,500,,No,No,No,No,No,No,,16,23,X,,No,No,No,,HO-3,1530204,1344000,134400,806400,268800,500000,5000,5000,2,No,No,No,No,In force,No,Example Mutual (synthetic),,0,No,,0,0,0,0,,Verified,Verified,Verified,Verified,Verified,DEMO-ONLY/600/property_verification,DEMO-ONLY/600/claims_verification,DEMO-ONLY/600/hazard_verification,DEMO-ONLY/600/replacement_cost_verification,Synthetic evidence scenario,2026-09-15,,No,Yes,Yes,Yes,,DEMO-2026-00600,2,Demo portfolio,2026-07-20T12:00:00+00:00,0.0,A
Casey Ellis · Demo 601,,homeowner601@example.com,202-555-0100,HomeGuard Demo Agency,2026-09-15,Individual,,700 Example Lane,Sample City,SC,01600,Sample County,Owner-occupied,Yes,Detached single family,1,1959,5000,1,Frame,Slab,No,,No,8,Yes,No,,,6,Slate,Mixed,Good,2020.0,1,No,DEMO-ONLY/601/roof_verification,Copper,Circuit breakers,,200,PEX / PVC / CPVC,,14,Garage,Heat pump,,No,No,No,,No,Yes,Yes,None,None,No,No,No,1.2,400,,No,No,No,No,No,No,,1,29,X,,No,No,No,,HO-5,239252,223000,22300,133800,44600,500000,5000,1000,2,No,No,No,No,In force,No,Example Mutual (synthetic),,0,No,,0,0,0,0,,Verified,Verified,Verified,Not checked,Verified,DEMO-ONLY/601/property_verification,DEMO-ONLY/601/claims_verification,,DEMO-ONLY/601/replacement_cost_verification,Synthetic evidence scenario,2026-09-15,,No,Yes,Yes,Yes,,DEMO-2026-00601,2,Demo portfolio,2026-09-15T12:00:00+00:00,0.0,B
Sam Hayes · Demo 602,,homeowner602@example.com,202-555-0100,HomeGuard Demo Agency,2026-09-15,Individual,,701 Example Lane,Sample City,SD,01601,Sample County,Owner-occupied,Yes,Detached single family,1,1994,3950,1,Frame,Basement,No,,No,8,No,No,,,18,Tile,Mixed,Good,2008.0,1,No,DEMO-ONLY/602/roof_verification,Copper,Circuit breakers,,200,PEX / PVC / CPVC,,3,Garage,Central gas,,No,No,No,,No,Yes,Yes,None,None,No,No,No,3.0,100,,No,No,No,No,No,No,,39,41,X,,No,No,No,,HO-5,202249,207000,20700,124200,41400,300000,5000,1000,2,No,No,No,No,In force,No,Example Mutual (synthetic),,0,No,,0,0,0,0,,Verified,Verified,Verified,Verified,Verified,DEMO-ONLY/602/property_verification,DEMO-ONLY/602/claims_verification,DEMO-ONLY/602/hazard_verification,DEMO-ONLY/602/replacement_cost_verification,Synthetic evidence scenario,2026-09-15,,No,Yes,Yes,Yes,,DEMO-2026-00602,2,Demo portfolio,2026-08-07T12:00:00+00:00,0.0,A
Sam Parker · Demo 603,,homeowner603@example.com,202-555-0100,HomeGuard Demo Agency,2026-09-15,Individual,,702 Example Lane,Sample City,TN,01602,Sample County,Owner-occupied,Yes,Detached single family,1,1994,4950,1,Masonry veneer,Slab,No,,No,9,No,No,,,18,Architectural shingle,Gable,Good,2008.0,1,No,DEMO-ONLY/603/roof_verification,Copper,Circuit breakers,,200,PEX / PVC / CPVC,,2,Garage,Central electric,,No,No,No,,No,Yes,Yes,None,None,No,No,No,1.0,800,,Yes,Yes,No,No,No,No,,12,39,X,,No,No,No,,HO-5,1486563,1415000,141500,849000,283000,100000,5000,1000,2,No,No,No,No,In force,No,Example Mutual (synthetic),,0,No,,0,0,0,0,,Verified,Verified,Verified,Verified,Verified,DEMO-ONLY/603/property_verification,DEMO-ONLY/603/claims_verification,DEMO-ONLY/603/hazard_verification,DEMO-ONLY/603/replacement_cost_verification,Synthetic evidence scenario,2026-09-15,,No,Yes,Yes,Yes,,DEMO-2026-00603,2,Demo portfolio,2026-07-20T12:00:00+00:00,0.0,A
Jordan Reed · Demo 604,,homeowner604@example.com,202-555-0100,HomeGuard Demo Agency,2026-09-15,Individual,,703 Example Lane,Sample City,TX,01603,Sample County,Owner-occupied,Yes,Detached single family,1,1959,1200,1,Masonry veneer,Crawl space,No,,No,2,No,No,,,3,Architectural shingle,Mixed,Fair,2023.0,1,No,DEMO-ONLY/604/roof_verification,Copper,Circuit breakers,,200,Copper,,9,Garage,Central electric,,No,No,No,,No,Yes,Yes,None,None,No,No,No,3.6,900,,No,No,No,No,No,No,,13,32,X,,No,No,No,,HO-3,1332579,1285000,128500,771000,257000,300000,5000,5000,2,No,No,No,No,In force,No,Example Mutual (synthetic),,0,No,,0,0,0,0,,Verified,Verified,Verified,Verified,Verified,DEMO-ONLY/604/property_verification,DEMO-ONLY/604/claims_verification,DEMO-ONLY/604/hazard_verification,DEMO-ONLY/604/replacement_cost_verification,Synthetic evidence scenario,2026-09-15,,No,Yes,Yes,Yes,,DEMO-2026-00604,2,Demo portfolio,2026-09-01T12:00:00+00:00,0.0,A
Morgan Ellis · Demo 605,,homeowner605@example.com,202-555-0100,HomeGuard Demo Agency,2026-09-15,Individual,,704 Example Lane,Sample City,UT,01604,Sample County,Owner-occupied,Yes,Detached single family,1,2002,5150,3,Masonry veneer,Crawl space,No,,No,10,No,No,,,13,Architectural shingle,Mixed,Fair,2013.0,1,No,DEMO-ONLY/605/roof_verification,Copper,Circuit breakers,,200,PEX / PVC / CPVC,,11,Garage,Central gas,,No,No,No,,No,Yes,Yes,None,None,No,No,No,0.4,950,,No,No,No,No,No,No,,16,29,X,,No,No,No,,HO-3,1381466,1239000,123900,743400,247800,500000,5000,2500,2,No,No,No,No,In force,No,Example Mutual (synthetic),,0,No,,1,0,216641,0,"Synthetic loss-run example: 1 claim(s), 0 open; total paid $216,641. Not a real claims report.",Verified,Verified,Verified,Verified,Verified,DEMO-ONLY/605/property_verification,DEMO-ONLY/605/claims_verification,DEMO-ONLY/605/hazard_verification,DEMO-ONLY/605/replacement_cost_verification,Synthetic evidence scenario,2026-09-15,,No,Yes,Yes,Yes,,DEMO-2026-00605,2,Demo portfolio,2026-08-18T12:00:00+00:00,0.17485149313962872,A
Jordan Brooks · Demo 606,,homeowner606@example.com,202-555-0100,HomeGuard Demo Agency,2026-09-15,Individual,,705 Example Lane,Sample City,VT,01605,Sample County,Owner-occupied,Yes,Detached single family,1,2003,2100,3,Solid masonry,Slab,No,,No,9,No,No,,,2,Metal,Gable,Good,2024.0,1,No,DEMO-ONLY/606/roof_verification,Copper,Circuit breakers,,200,Copper,,14,Garage,Heat pump,,No,No,No,,No,Yes,Yes,None,None,No,No,No,0.6,550,,No,No,No,No,No,No,,15,11,X,,No,No,No,,HO-3,1613343,1423000,142300,853800,284600,500000,5000,1000,2,No,No,No,No,In force,No,Example Mutual (synthetic),,0,No,,0,0,0,0,,Verified,Verified,Verified,Verified,Verified,DEMO-ONLY/606/property_verification,DEMO-ONLY/606/claims_verification,DEMO-ONLY/606/hazard_verification,DEMO-ONLY/606/replacement_cost_verification,Synthetic evidence scenario,2026-09-15,,No,Yes,Yes,Yes,,DEMO-2026-00606,2,Demo portfolio,2026-08-10T12:00:00+00:00,0.0,A
Alex Ellis · Demo 607,,homeowner607@example.com,202-555-0100,HomeGuard Demo Agency,2026-09-15,Individual,,706 Example Lane,Sample City,VA,01606,Sample County,Owner-occupied,Yes,Detached single family,1,1963,2050,1,Frame,Crawl space,No,,No,14,No,No,,,6,Tile,Gable,Fair,2020.0,1,No,DEMO-ONLY/607/roof_verification,Copper,Circuit breakers,,200,Copper,,7,Garage,Central electric,,No,No,No,,No,Yes,Yes,None,None,No,No,No,4.9,600,,No,No,No,No,No,No,,25,20,X,,No,No,No,,HO-3,325924,298000,29800,178800,59600,100000,5000,1000,2,No,No,No,No,In force,No,Example Mutual (synthetic),,0,No,,0,0,0,0,,Verified,Verified,Verified,Verified,Verified,DEMO-ONLY/607/property_verification,DEMO-ONLY/607/claims_verification,DEMO-ONLY/607/hazard_verification,DEMO-ONLY/607/replacement_cost_verification,Synthetic evidence scenario,2026-09-15,,No,Yes,Yes,Yes,,DEMO-2026-00607,2,Demo portfolio,2026-07-18T12:00:00+00:00,0.0,A
Casey Brooks · Demo 608,,homeowner608@example.com,202-555-0100,HomeGuard Demo Agency,2026-09-15,Individual,,707 Example Lane,Sample City,WA,01607,Sample County,Owner-occupied,Yes,Detached single family,1,1978,2850,3,Frame,Slab,No,,No,1,No,No,,,11,Slate,Gable,Fair,2015.0,1,No,DEMO-ONLY/608/roof_verification,Copper,Circuit breakers,,200,PEX / PVC / CPVC,,11,Garage,Heat pump,,No,No,No,,No,Yes,Yes,None,None,No,No,No,3.4,650,,No,No,No,No,No,No,,37,48,X,,No,No,No,,HO-5,1504539,1317000,131700,790200,263400,500000,5000,2500,2,No,No,No,No,In force,No,Example Mutual (synthetic),,0,No,,0,0,0,0,,Verified,Verified,Verified,Verified,Verified,DEMO-ONLY/608/property_verification,DEMO-ONLY/608/claims_verification,DEMO-ONLY/608/hazard_verification,DEMO-ONLY/608/replacement_cost_verification,Synthetic evidence scenario,2026-09-15,,No,Yes,Yes,Yes,,DEMO-2026-00608,2,Demo portfolio,2026-09-13T12:00:00+00:00,0.0,A
Morgan Reed · Demo 609,,homeowner609@example.com,202-555-0100,HomeGuard Demo Agency,2026-09-15,Individual,,708 Example Lane,Sample City,WV,01608,Sample County,Owner-occupied,Yes,Detached single family,1,1970,2700,2,Masonry veneer,Slab,No,,No,15,No,No,,,15,Slate,Hip,Good,2011.0,1,No,DEMO-ONLY/609/roof_verification,Copper,Circuit breakers,,200,Copper,,6,Garage,Central electric,,No,No,No,,No,Yes,Yes,None,None,No,No,No,2.6,300,,No,No,No,No,No,Yes,,33,16,X,,No,No,No,,HO-3,919490,845000,84500,507000,169000,300000,5000,5000,2,No,No,No,No,In force,No,Example Mutual (synthetic),,0,No,,0,0,0,0,,Verified,Verified,Verified,Verified,Verified,DEMO-ONLY/609/property_verification,DEMO-ONLY/609/claims_verification,DEMO-ONLY/609/hazard_verification,DEMO-ONLY/609/replacement_cost_verification,Synthetic evidence scenario,2026-09-15,,No,Yes,Yes,Yes,,DEMO-2026-00609,2,Demo portfolio,2026-08-04T12:00:00+00:00,0.0,B
Casey Hayes · Demo 610,,homeowner610@example.com,202-555-0100,HomeGuard Demo Agency,2026-09-15,Individual,,709 Example Lane,Sample City,WI,01609,Sample County,Owner-occupied,Yes,Detached single family,1,2014,2550,2,Frame,Crawl space,No,,No,13,No,No,,,9,Tile,Gable,Good,2017.0,1,No,DEMO-ONLY/610/roof_verification,Copper,Circuit breakers,,200,Copper,,14,Garage,Heat pump,,No,No,No,,No,Yes,Yes,None,None,No,No,No,0.4,350,,Yes,Yes,No,No,No,No,,24,15,X,,No,No,No,,HO-3,802767,858000,85800,514800,171600,500000,5000,5000,2,No,No,No,No,In force,No,Example Mutual (synthetic),,0,No,,0,0,0,0,,Verified,Verified,Verified,Verified,Verified,DEMO-ONLY/610/property_verification,DEMO-ONLY/610/claims_verification,DEMO-ONLY/610/hazard_verification,DEMO-ONLY/610/replacement_cost_verification,Synthetic evidence scenario,2026-09-15,,No,Yes,Yes,Yes,,DEMO-2026-00610,2,Demo portfolio,2026-08-26T12:00:00+00:00,0.0,A
Taylor Reed · Demo 611,,homeowner611@example.com,202-555-0100,HomeGuard Demo Agency,2026-09-15,Individual,,710 Example Lane,Sample City,WY,01610,Sample County,Owner-occupied,Yes,Detached single family,1,1998,2800,1,Masonry veneer,Slab,No,,No,14,No,No,,,14,Metal,Mixed,Fair,2012.0,1,No,DEMO-ONLY/611/roof_verification,Copper,Circuit breakers,,200,Copper,,6,Garage,Heat pump,,No,No,No,,No,Yes,Yes,None,None,No,No,No,3.8,400,,No,No,No,No,No,No,,10,47,X,,No,No,No,,HO-5,1234938,1154000,115400,692400,230800,500000,5000,2500,2,No,No,No,No,In force,No,Example Mutual (synthetic),,0,Yes,,0,0,0,0,,Verified,Verified,Verified,Not checked,Verified,DEMO-ONLY/611/property_verification,DEMO-ONLY/611/claims_verification,,DEMO-ONLY/611/replacement_cost_verification,Synthetic evidence scenario,2026-09-15,,No,Yes,Yes,Yes,,DEMO-2026-00611,2,Demo portfolio,2026-08-22T12:00:00+00:00,0.0,B
Morgan Brooks · Demo 612,,homeowner612@example.com,202-555-0100,HomeGuard Demo Agency,2026-09-15,Individual,,711 Example Lane,Sample City,DC,01611,Sample County,Owner-occupied,Yes,Detached single family,1,2005,2950,2,Frame,Slab,No,,No,2,No,No,,,12,Architectural shingle,Gable,Good,2014.0,1,No,DEMO-ONLY/612/roof_verification,Copper,Circuit breakers,,200,Copper,,6,Garage,Central gas,,No,No,No,,No,Yes,Yes,None,None,No,No,No,3.7,650,,No,No,No,No,No,No,,42,41,X,,No,No,No,,HO-3,1045054,1173000,117300,703800,234600,300000,5000,2500,2,No,No,No,No,In force,No,Example Mutual (synthetic),,0,No,,1,0,1021376,0,"Synthetic loss-run example: 1 claim(s), 0 open; total paid $1,021,376. Not a real claims report.",Verified,Verified,Verified,Verified,Verified,DEMO-ONLY/612/property_verification,DEMO-ONLY/612/claims_verification,DEMO-ONLY/612/hazard_verification,DEMO-ONLY/612/replacement_cost_verification,Synthetic evidence scenario,2026-09-15,,No,Yes,Yes,Yes,,DEMO-2026-00612,2,Demo portfolio,2026-09-10T12:00:00+00:00,0.8707382779198636,F
Sam Brooks · Demo 613,,homeowner613@example.com,202-555-0100,HomeGuard Demo Agency,2026-09-15,Individual,,712 Example Lane,Sample City,AL,01612,Sample County,Owner-occupied,Yes,Detached single family,1,1968,2950,3,Solid masonry,Crawl space,No,,No,17,No,No,,,10,Tile,Gable,Fair,2016.0,1,No,DEMO-ONLY/613/roof_verification,Copper,Circuit breakers,,200,Copper,,14,Garage,Central electric,,No,No,No,,No,Yes,Yes,None,None,No,No,No,4.7,900,,No,No,No,No,No,No,,37,42,X,,No,No,No,,HO-3,429197,475000,47500,285000,95000,100000,5000,2500,2,No,No,No,No,In force,No,Example Mutual (synthetic),,0,No,,1,0,85798,0,"Synthetic loss-run example: 1 claim(s), 0 open; total paid $85,798. Not a real claims report.",Verified,Verified,Verified,Verified,Verified,DEMO-ONLY/613/property_verification,DEMO-ONLY/613/claims_verification,DEMO-ONLY/613/hazard_verification,DEMO-ONLY/613/replacement_cost_verification,Synthetic evidence scenario,2026-09-15,,No,Yes,Yes,Yes,,DEMO-2026-00613,2,Demo portfolio,2026-09-14T12:00:00+00:00,0.18062736842105262,A
Jordan Hayes · Demo 614,,homeowner614@example.com,202-555-0100,HomeGuard Demo Agency,2026-09-15,Individual,,713 Example Lane,Sample City,AK,01613,Sample County,Owner-occupied,Yes,Detached single family,1,2009,3800,2,Frame,Basement,No,,No,11,No,No,,,14,Metal,Mixed,Good,2012.0,1,No,DEMO-ONLY/614/roof_verification,Copper,Circuit breakers,,200,PEX / PVC / CPVC,,12,Garage,Central gas,,No,No,No,,No,Yes,Yes,None,None,No,No,No,2.9,200,,No,No,No,No,No,No,,45,47,X,,No,No,No,,HO-5,1246750,1130000,113000,678000,226000,500000,5000,1000,2,No,No,No,No,In force,No,Example Mutual (synthetic),,0,No,,0,0,0,0,,Verified,Verified,Verified,Verified,Verified,DEMO-ONLY/614/property_verification,DEMO-ONLY/614/claims_verification,DEMO-ONLY/614/hazard_verification,DEMO-ONLY/614/replacement_cost_verification,Synthetic evidence scenario,2026-09-15,,No,Yes,Yes,Yes,,DEMO-2026-00614,2,Demo portfolio,2026-09-14T12:00:00+00:00,0.0,A
Morgan Brooks · Demo 615,,homeowner615@example.com,202-555-0100,HomeGuard Demo Agency,2026-09-15,Individual,,714 Example Lane,Sample City,AZ,01614,Sample County,Owner-occupied,Yes,Detached single family,1,1999,1400,1,Masonry veneer,Crawl space,No,,No,2,No,No,,,17,Tile,Gable,Fair,2009.0,1,No,DEMO-ONLY/615/roof_verification,Copper,Circuit breakers,,200,Copper,,1,Garage,Central electric,,No,No,No,,No,Yes,Yes,None,None,No,No,No,3.7,900,,No,No,No,No,No,No,,26,13,X,,No,No,No,,HO-3,544740,520000,52000,312000,104000,500000,5000,2500,2,No,No,No,No,In force,No,Example Mutual (synthetic),,0,No,,0,0,0,0,,Verified,Verified,Verified,Verified,Verified,DEMO-ONLY/615/property_verification,DEMO-ONLY/615/claims_verification,DEMO-ONLY/615/hazard_verification,DEMO-ONLY/615/replacement_cost_verification,Synthetic evidence scenario,2026-09-15,,No,Yes,Yes,Yes,,DEMO-2026-00615,2,Demo portfolio,2026-07-28T12:00:00+00:00,0.0,A
Sam Reed · Demo 616,,homeowner616@example.com,202-555-0100,HomeGuard Demo Agency,2026-09-15,Individual,,715 Example Lane,Sample City,AR,01615,Sample County,Owner-occupied,Yes,Detached single family,1,1971,2100,3,Masonry veneer,Slab,No,,No,7,No,No,,,9,Slate,Mixed,Fair,2017.0,1,No,DEMO-ONLY/616/roof_verification,Copper,Circuit breakers,,200,PEX / PVC / CPVC,,14,Garage,Central gas,,No,No,No,,No,Yes,Yes,None,None,No,No,No,1.7,600,,No,No,No,No,No,No,,14,37,X,,No,No,No,,HO-5,326255,358000,35800,214800,71600,300000,5000,1000,2,No,No,No,No,In force,No,Example Mutual (synthetic),,0,No,,0,0,0,0,,Verified,Verified,Verified,Verified,Verified,DEMO-ONLY/616/property_verification,DEMO-ONLY/616/claims_verification,DEMO-ONLY/616/hazard_verification,DEMO-ONLY/616/replacement_cost_verification,Synthetic evidence scenario,2026-09-15,,No,Yes,Yes,Yes,,DEMO-2026-00616,2,Demo portfolio,2026-08-31T12:00:00+00:00,0.0,A
Taylor Brooks · Demo 617,,homeowner617@example.com,202-555-0100,HomeGuard Demo Agency,2026-09-15,Individual,,716 Example Lane,Sample City,CA,01616,Sample County,Owner-occupied,Yes,Detached single family,1,1989,1650,1,Masonry veneer,Slab,No,,No,11,No,No,,,4,Tile,Mixed,Good,2022.0,1,No,DEMO-ONLY/617/roof_verification,Copper,Circuit breakers,,200,Copper,,1,Garage,Central electric,,No,No,No,,No,Yes,Yes,None,None,No,No,No,4.7,250,,Yes,Yes,No,No,No,No,,9,37,X,,No,No,No,,HO-5,808521,917000,91700,550200,183400,500000,5000,5000,2,No,No,No,No,In force,No,Example Mutual (synthetic),,0,No,,1,0,136303,0,"Synthetic loss-run example: 1 claim(s), 0 open; total paid $136,303. Not a real claims report.",Verified,Verified,Verified,Verified,Verified,DEMO-ONLY/617/property_verification,DEMO-ONLY/617/claims_verification,DEMO-ONLY/617/hazard_verification,DEMO-ONLY/617/replacement_cost_verification,Synthetic evidence scenario,2026-09-15,,No,Yes,Yes,Yes,,DEMO-2026-00617,2,Demo portfolio,2026-07-20T12:00:00+00:00,0.1486401308615049,A
Jordan Lane · Demo 618,,homeowner618@example.com,202-555-0100,HomeGuard Demo Agency,2026-09-15,Individual,,717 Example Lane,Sample City,CO,01617,Sample County,Owner-occupied,Yes,Detached single family,1,1990,2750,1,Masonry veneer,Crawl space,No,,No,9,No,No,,,11,Slate,Gable,Good,2015.0,1,No,DEMO-ONLY/618/roof_verification,Copper,Circuit breakers,,200,PEX / PVC / CPVC,,7,Garage,Central electric,,No,No,No,,No,Yes,Yes,None,None,No,No,No,0.6,200,,No,No,No,No,No,No,,29,32,X,,No,No,No,,HO-3,1142940,1106000,110600,663600,221200,500000,5000,1000,2,No,No,No,No,In force,No,Example Mutual (synthetic),,0,No,,0,0,0,0,,Verified,Verified,Verified,Verified,Verified,DEMO-ONLY/618/property_verification,DEMO-ONLY/618/claims_verification,DEMO-ONLY/618/hazard_verification,DEMO-ONLY/618/replacement_cost_verification,Synthetic evidence scenario,2026-09-15,,No,Yes,Yes,Yes,,DEMO-2026-00618,2,Demo portfolio,2026-08-23T12:00:00+00:00,0.0,A
Casey Parker · Demo 619,,homeowner619@example.com,202-555-0100,HomeGuard Demo Agency,2026-09-15,Individual,,718 Example Lane,Sample City,CT,01618,Sample County,Owner-occupied,Yes,Detached single family,1,2010,4800,3,Solid masonry,Basement,No,,No,8,No,No,,,14,Metal,Hip,Fair,2012.0,1,No,DEMO-ONLY/619/roof_verification,Copper,Circuit breakers,,200,Copper,,11,Garage,Central gas,,No,No,No,,No,Yes,Yes,None,None,No,No,No,3.0,550,,Yes,Yes,Yes,No,No,No,,8,47,X,,No,No,No,,HO-5,619984,737000,73700,442200,147400,100000,5000,1000,2,No,No,No,No,In force,No,Example Mutual (synthetic),,0,No,,0,0,0,0,,Verified,Verified,Verified,Verified,Verified,DEMO-ONLY/619/property_verification,DEMO-ONLY/619/claims_verification,DEMO-ONLY/619/hazard_verification,DEMO-ONLY/619/replacement_cost_verification,Synthetic evidence scenario,2026-09-15,,No,Yes,Yes,Yes,,DEMO-2026-00619,2,Demo portfolio,2026-09-03T12:00:00+00:00,0.0,B
Sam Parker · Demo 620,,homeowner620@example.com,202-555-0100,HomeGuard Demo Agency,2026-09-15,Individual,,719 Example Lane,Sample City,DE,01619,Sample County,Owner-occupied,Yes,Detached single family,1,1957,5400,2,Masonry veneer,Basement,No,,No,20,No,No,,,13,Slate,Hip,Fair,2013.0,1,No,DEMO-ONLY/620/roof_verification,Copper,Circuit breakers,,200,PEX / PVC / CPVC,,10,Garage,Central electric,,No,No,No,,No,Yes,Yes,None,None,No,No,No,1.2,650,,No,No,No,No,No,No,,42,94,X,,No,No,No,,HO-3,931359,1011000,101100,606600,202200,100000,5000,2500,2,No,No,No,No,In force,No,Example Mutual (synthetic),,0,No,,0,0,0,0,,Verified,Verified,Verified,Verified,Verified,DEMO-ONLY/620/property_verification,DEMO-ONLY/620/claims_verification,DEMO-ONLY/620/hazard_verification,DEMO-ONLY/620/replacement_cost_verification,Synthetic evidence scenario,2026-09-15,,No,Yes,Yes,Yes,,DEMO-2026-00620,2,Demo portfolio,2026-08-22T12:00:00+00:00,0.0,F
Sam Ellis · Demo 621,,homeowner621@example.com,202-555-0100,HomeGuard Demo Agency,2026-09-15,Individual,,720 Example Lane,Sample City,FL,01620,Sample County,Owner-occupied,Yes,Detached single family,1,1987,1350,3,Frame,Basement,No,,No,17,No,No,,,10,Slate,Gable,Fair,2016.0,1,No,DEMO-ONLY/621/roof_verification,Copper,Circuit breakers,,200,Copper,,7,Garage,Central electric,,No,No,No,,No,Yes,Yes,None,None,No,No,No,0.2,150,,No,No,No,No,No,No,,47,44,X,,No,No,No,,HO-3,223891,235000,23500,141000,47000,500000,5000,1000,2,No,No,No,No,In force,No,Example Mutual (synthetic),,0,No,,1,0,1601,0,"Synthetic loss-run example: 1 claim(s), 0 open; total paid $1,601. Not a real claims report.",Verified,Verified,Verified,Not checked,Verified,DEMO-ONLY/621/property_verification,DEMO-ONLY/621/claims_verification,,DEMO-ONLY/621/replacement_cost_verification,Synthetic evidence scenario,2026-09-15,,No,Yes,Yes,Yes,,DEMO-2026-00621,2,Demo portfolio,2026-09-06T12:00:00+00:00,0.006812765957446809,B
Sam Reed · Demo 622,,homeowner622@example.com,202-555-0100,HomeGuard Demo Agency,2026-09-15,Individual,,721 Example Lane,Sample City,GA,01621,Sample County,Owner-occupied,Yes,Detached single family,1,2010,4650,1,Frame,Crawl space,No,,No,8,No,No,,,14,Slate,Hip,Fair,2012.0,1,No,DEMO-ONLY/622/roof_verification,Copper,Circuit breakers,,200,PEX / PVC / CPVC,,10,Garage,Central electric,,No,No,No,,No,Yes,Yes,None,None,No,No,No,2.8,350,,No,No,No,No,No,No,,1,12,X,,No,No,No,,HO-5,894621,1073000,107300,643800,214600,300000,5000,5000,2,No,No,No,No,In force,No,Example Mutual (synthetic),,0,No,,1,0,891097,0,"Synthetic loss-run example: 1 claim(s), 0 open; total paid $891,097. Not a real claims report.",Verified,Verified,Verified,Verified,Verified,DEMO-ONLY/622/property_verification,DEMO-ONLY/622/claims_verification,DEMO-ONLY/622/hazard_verification,DEMO-ONLY/622/replacement_cost_verification,Synthetic evidence scenario,2026-09-15,,No,Yes,Yes,Yes,,DEMO-2026-00622,2,Demo portfolio,2026-07-31T12:00:00+00:00,0.8304725069897484,F
Jordan Parker · Demo 623,,homeowner623@example.com,202-555-0100,HomeGuard Demo Agency,2026-09-15,Individual,,722 Example Lane,Sample City,HI,01622,Sample County,Owner-occupied,Yes,Detached single family,1,1989,1150,3,Solid masonry,Slab,No,,No,11,No,No,,,17,Architectural shingle,Mixed,Fair,2009.0,1,No,DEMO-ONLY/623/roof_verification,Copper,Circuit breakers,,200,Copper,,6,Garage,Heat pump,,No,No,No,,No,Yes,Yes,None,None,No,No,No,3.9,800,,No,No,No,No,No,No,,24,33,X,,No,No,No,,HO-3,1147646,1389000,138900,833400,277800,300000,5000,1000,2,No,No,No,No,In force,No,Example Mutual (synthetic),,0,No,,1,0,10000,1,"Synthetic loss-run example: 1 claim(s), 1 open; total paid $10,000. Not a real claims report.",Verified,Verified,Verified,Verified,Verified,DEMO-ONLY/623/property_verification,DEMO-ONLY/623/claims_verification,DEMO-ONLY/623/hazard_verification,DEMO-ONLY/623/replacement_cost_verification,Synthetic evidence scenario,2026-09-15,,No,Yes,Yes,Yes,,DEMO-2026-00623,2,Demo portfolio,2026-09-10T12:00:00+00:00,0.007199424046076314,F
Taylor Hayes · Demo 624,,homeowner624@example.com,202-555-0100,HomeGuard Demo Agency,2026-09-15,Individual,,723 Example Lane,Sample City,ID,01623,Sample County,Owner-occupied,Yes,Detached single family,1,2008,3500,1,Frame,Slab,No,,No,9,No,No,,,1,Slate,Gable,Fair,2025.0,1,No,DEMO-ONLY/624/roof_verification,Copper,Circuit breakers,,200,Copper,,12,Garage,Central electric,,No,No,No,,No,Yes,Yes,None,None,No,No,No,3.0,100,,Yes,Yes,No,No,No,No,,25,48,X,,No,No,No,,HO-3,1385516,1429000,142900,857400,285800,300000,5000,5000,2,No,No,No,No,In force,No,Example Mutual (synthetic),,0,No,,0,0,0,0,,Verified,Verified,Verified,Verified,Verified,DEMO-ONLY/624/property_verification,DEMO-ONLY/624/claims_verification,DEMO-ONLY/624/hazard_verification,DEMO-ONLY/624/replacement_cost_verification,Synthetic evidence scenario,2026-09-15,,No,Yes,Yes,Yes,,DEMO-2026-00624,2,Demo portfolio,2026-08-26T12:00:00+00:00,0.0,A
Sam Parker · Demo 625,,homeowner625@example.com,202-555-0100,HomeGuard Demo Agency,2026-09-15,Individual,,724 Example Lane,Sample City,IL,01624,Sample County,Owner-occupied,Yes,Detached single family,1,1959,3950,3,Masonry veneer,Basement,No,,No,2,No,No,,,11,Slate,Gable,Fair,2015.0,1,No,DEMO-ONLY/625/roof_verification,Copper,Circuit breakers,,200,Copper,,12,Garage,Heat pump,,No,No,No,,No,Yes,Yes,None,None,No,No,No,3.4,900,,No,No,No,No,No,No,,0,1,X,,No,No,No,,HO-5,958387,1013000,101300,607800,202600,100000,5000,1000,2,No,No,No,No,In force,No,Example Mutual (synthetic),,0,No,,1,0,159875,0,"Synthetic loss-run example: 1 claim(s), 0 open; total paid $159,875. Not a real claims report.",Verified,Verified,Verified,Verified,Verified,DEMO-ONLY/625/property_verification,DEMO-ONLY/625/claims_verification,DEMO-ONLY/625/hazard_verification,DEMO-ONLY/625/replacement_cost_verification,Synthetic evidence scenario,2026-09-15,,No,Yes,Yes,Yes,,DEMO-2026-00625,2,Demo portfolio,2026-07-22T12:00:00+00:00,0.15782329713721618,A
Taylor Parker · Demo 626,,homeowner626@example.com,202-555-0100,HomeGuard Demo Agency,2026-09-15,Individual,,725 Example Lane,Sample City,IN,01625,Sample County,Owner-occupied,Yes,Detached single family,1,2020,4300,2,Solid masonry,Slab,No,,No,11,No,No,,,2,Metal,Mixed,Good,2024.0,1,No,DEMO-ONLY/626/roof_verification,Copper,Circuit breakers,,200,PEX / PVC / CPVC,,10,Garage,Heat pump,,No,No,No,,No,Yes,Yes,None,None,No,No,No,2.3,450,,No,No,No,No,No,No,,22,17,X,,No,No,No,,HO-5,383014,369000,36900,221400,73800,300000,5000,1000,2,No,No,No,No,In force,No,Example Mutual (synthetic),,0,No,,0,0,0,0,,Verified,Verified,Verified,Verified,Verified,DEMO-ONLY/626/property_verification,DEMO-ONLY/626/claims_verification,DEMO-ONLY/626/hazard_verification,DEMO-ONLY/626/replacement_cost_verification,Synthetic evidence scenario,2026-09-15,,No,Yes,Yes,Yes,,DEMO-2026-00626,2,Demo portfolio,2026-08-31T12:00:00+00:00,0.0,A
Morgan Reed · Demo 627,,homeowner627@example.com,202-555-0100,HomeGuard Demo Agency,2026-09-15,Individual,,726 Example Lane,Sample City,IA,01626,Sample County,Owner-occupied,Yes,Detached single family,1,1957,5250,3,Frame,Basement,No,,No,17,No,No,,,15,Tile,Mixed,Fair,2011.0,1,No,DEMO-ONLY/627/roof_verification,Copper,Circuit breakers,,200,Copper,,1,Garage,Central gas,,No,No,No,,No,Yes,Yes,None,None,No,No,No,0.6,250,,No,No,No,No,No,No,,49,44,X,,No,No,No,,HO-3,1524749,1412000,141200,847200,282400,500000,5000,1000,2,No,No,No,No,In force,No,Example Mutual (synthetic),,0,No,,0,0,0,0,,Verified,Verified,Verified,Verified,Verified,DEMO-ONLY/627/property_verification,DEMO-ONLY/627/claims_verification,DEMO-ONLY/627/hazard_verification,DEMO-ONLY/627/replacement_cost_verification,Synthetic evidence scenario,2026-09-15,,No,Yes,Yes,Yes,,DEMO-2026-00627,2,Demo portfolio,2026-07-27T12:00:00+00:00,0.0,A
Sam Hayes · Demo 628,,homeowner628@example.com,202-555-0100,HomeGuard Demo Agency,2026-09-15,Individual,,727 Example Lane,Sample City,KS,01627,Sample County,Owner-occupied,Yes,Detached single family,1,1951,1350,1,Masonry veneer,Slab,No,,No,19,No,No,,,14,Tile,Mixed,Fair,2012.0,1,No,DEMO-ONLY/628/roof_verification,Copper,Circuit breakers,,200,PEX / PVC / CPVC,,9,Garage,Heat pump,,No,No,No,,No,Yes,Yes,None,None,No,No,No,1.7,200,,No,No,No,No,No,No,,2,6,X,,No,No,No,,HO-3,578130,864000,86400,518400,172800,500000,5000,2500,2,No,No,No,No,In force,No,Example Mutual (synthetic),,0,No,,0,0,0,0,,Verified,Verified,Verified,Verified,Verified,DEMO-ONLY/628/property_verification,DEMO-ONLY/628/claims_verification,DEMO-ONLY/628/hazard_verification,DEMO-ONLY/628/replacement_cost_verification,Synthetic evidence scenario,2026-09-15,,No,Yes,Yes,Yes,,DEMO-2026-00628,2,Demo portfolio,2026-08-21T12:00:00+00:00,0.0,B
Alex Lane · Demo 629,,homeowner629@example.com,202-555-0100,HomeGuard Demo Agency,2026-09-15,Individual,,728 Example Lane,Sample City,KY,01628,Sample County,Owner-occupied,Yes,Detached single family,1,1965,4700,2,Frame,Basement,No,,No,12,No,No,,,6,Architectural shingle,Gable,Good,2020.0,1,No,DEMO-ONLY/629/roof_verification,Copper,Circuit breakers,,200,PEX / PVC / CPVC,,7,Garage,Central electric,,No,No,No,,No,Yes,Yes,None,None,No,No,No,3.4,100,,No,No,No,No,No,No,,38,29,X,,No,No,No,,HO-5,1167391,1320000,132000,792000,264000,500000,5000,2500,2,No,No,No,No,In force,No,Example Mutual (synthetic),,0,No,,1,0,135790,0,"Synthetic loss-run example: 1 claim(s), 0 open; total paid $135,790. Not a real claims report.",Verified,Verified,Verified,Verified,Verified,DEMO-ONLY/629/property_verification,DEMO-ONLY/629/claims_verification,DEMO-ONLY/629/hazard_verification,DEMO-ONLY/629/replacement_cost_verification,Synthetic evidence scenario,2026-09-15,,No,Yes,Yes,Yes,,DEMO-2026-00629,2,Demo portfolio,2026-08-24T12:00:00+00:00,0.10287121212121213,A
Jordan Lane · Demo 630,,homeowner630@example.com,202-555-0100,HomeGuard Demo Agency,2026-09-15,Individual,,729 Example Lane,Sample City,LA,01629,Sample County,Owner-occupied,Yes,Detached single family,1,1995,1300,3,Masonry veneer,Slab,No,,No,10,No,No,,,7,Metal,Gable,Good,2019.0,1,No,DEMO-ONLY/630/roof_verification,Copper,Circuit breakers,,200,PEX / PVC / CPVC,,14,Garage,Central electric,,No,No,No,,No,Yes,Yes,None,None,No,No,No,0.2,900,,No,No,No,No,No,No,,4,24,X,,No,No,No,,HO-5,246383,262000,26200,157200,52400,300000,5000,1000,2,No,No,No,No,In force,No,Example Mutual (synthetic),,0,No,,0,0,0,0,,Verified,Verified,Verified,Verified,Verified,DEMO-ONLY/630/property_verification,DEMO-ONLY/630/claims_verification,DEMO-ONLY/630/hazard_verification,DEMO-ONLY/630/replacement_cost_verification,Synthetic evidence scenario,2026-09-15,,No,Yes,Yes,Yes,,DEMO-2026-00630,2,Demo portfolio,2026-08-24T12:00:00+00:00,0.0,A
Taylor Lane · Demo 631,,homeowner631@example.com,202-555-0100,HomeGuard Demo Agency,2026-09-15,Individual,,730 Example Lane,Sample City,ME,01630,Sample County,Owner-occupied,Yes,Detached single family,1,1970,3050,3,Solid masonry,Basement,No,,No,1,No,No,,,11,Architectural shingle,Hip,Good,2015.0,1,No,DEMO-ONLY/631/roof_verification,Copper,Circuit breakers,,200,Galvanized,,6,Garage,Heat pump,,No,No,No,,No,Yes,Yes,None,None,No,No,No,1.1,550,,No,No,No,No,No,No,,5,46,X,,No,No,No,,HO-3,1603902,1442000,144200,865200,288400,100000,5000,5000,2,No,No,No,No,In force,No,Example Mutual (synthetic),,0,No,,0,0,0,0,,Verified,Verified,Verified,Not checked,Verified,DEMO-ONLY/631/property_verification,DEMO-ONLY/631/claims_verification,,DEMO-ONLY/631/replacement_cost_verification,Synthetic evidence scenario,2026-09-15,,No,Yes,Yes,Yes,,DEMO-2026-00631,2,Demo portfolio,2026-08-21T12:00:00+00:00,0.0,B
Jordan Reed · Demo 632,,homeowner632@example.com,202-555-0100,HomeGuard Demo Agency,2026-09-15,Individual,,731 Example Lane,Sample City,MD,01631,Sample County,Owner-occupied,Yes,Detached single family,1,1973,5000,2,Solid masonry,Crawl space,No,,No,2,No,No,,,18,Tile,Hip,Good,2008.0,1,No,DEMO-ONLY/632/roof_verification,Copper,Circuit breakers,,200,Copper,,8,Garage,Central gas,,No,No,No,,No,Yes,Yes,None,None,No,No,No,1.7,150,,No,No,No,No,No,No,,20,4,X,,No,No,No,,HO-3,342389,331000,33100,198600,66200,100000,5000,5000,2,No,No,No,No,In force,No,Example Mutual (synthetic),,0,No,,0,0,0,0,,Verified,Verified,Verified,Verified,Verified,DEMO-ONLY/632/property_verification,DEMO-ONLY/632/claims_verification,DEMO-ONLY/632/hazard_verification,DEMO-ONLY/632/replacement_cost_verification,Synthetic evidence scenario,2026-09-15,,No,Yes,Yes,Yes,,DEMO-2026-00632,2,Demo portfolio,2026-09-13T12:00:00+00:00,0.0,A
Morgan Hayes · Demo 633,,homeowner633@example.com,202-555-0100,HomeGuard Demo Agency,2026-09-15,Individual,,732 Example Lane,Sample City,MA,01632,Sample County,Owner-occupied,Yes,Detached single family,1,1986,4900,2,Solid masonry,Basement,No,,No,1,No,No,,,15,Slate,Gable,Good,2011.0,1,No,DEMO-ONLY/633/roof_verification,Copper,Circuit breakers,,200,PEX / PVC / CPVC,,12,Garage,Central gas,,No,No,No,,No,Yes,Yes,None,None,No,No,No,3.5,900,,No,No,No,No,No,No,,43,38,X,,No,No,No,,HO-5,847862,990000,99000,594000,198000,300000,5000,1000,2,No,No,No,No,In force,No,Example Mutual (synthetic),,0,No,,1,0,66394,0,"Synthetic loss-run example: 1 claim(s), 0 open; total paid $66,394. Not a real claims report.",Verified,Verified,Verified,Verified,Verified,DEMO-ONLY/633/property_verification,DEMO-ONLY/633/claims_verification,DEMO-ONLY/633/hazard_verification,DEMO-ONLY/633/replacement_cost_verification,Synthetic evidence scenario,2026-09-15,,No,Yes,Yes,Yes,,DEMO-2026-00633,2,Demo portfolio,2026-07-18T12:00:00+00:00,0.06706464646464647,A
Casey Lane · Demo 634,,homeowner634@example.com,202-555-0100,HomeGuard Demo Agency,2026-09-15,Individual,,733 Example Lane,Sample City,MI,01633,Sample County,Owner-occupied,Yes,Detached single family,1,1978,1050,2,Frame,Crawl space,No,,No,3,No,No,,,15,Architectural shingle,Mixed,Good,2011.0,1,No,DEMO-ONLY/634/roof_verification,Copper,Circuit breakers,,200,Copper,,7,Garage,Central electric,,No,No,No,,No,Yes,Yes,None,None,No,No,No,2.1,900,,No,No,No,No,No,No,,43,46,X,,No,No,No,,HO-3,821085,917000,91700,550200,183400,300000,5000,1000,2,No,No,No,No,In force,No,Example Mutual (synthetic),,0,No,,0,0,0,0,,Verified,Verified,Verified,Verified,Verified,DEMO-ONLY/634/property_verification,DEMO-ONLY/634/claims_verification,DEMO-ONLY/634/hazard_verification,DEMO-ONLY/634/replacement_cost_verification,Synthetic evidence scenario,2026-09-15,,No,Yes,Yes,Yes,,DEMO-2026-00634,2,Demo portfolio,2026-09-01T12:00:00+00:00,0.0,A
Alex Lane · Demo 635,,homeowner635@example.com,202-555-0100,HomeGuard Demo Agency,2026-09-15,Individual,,734 Example Lane,Sample City,MN,01634,Sample County,Owner-occupied,Yes,Detached single family,1,1969,2250,3,Frame,Crawl space,No,,No,4,No,No,,,18,Architectural shingle,Mixed,Good,2008.0,1,No,DEMO-ONLY/635/roof_verification,Copper,Circuit breakers,,200,PEX / PVC / CPVC,,4,Garage,Central electric,,No,No,No,,No,Yes,Yes,None,None,No,No,No,7.2,350,,No,No,No,No,No,No,,26,21,X,,No,No,No,,HO-3,928604,828000,82800,496800,165600,300000,5000,5000,2,No,No,No,No,In force,No,Example Mutual (synthetic),,0,No,,0,0,0,0,,Verified,Verified,Verified,Verified,Verified,DEMO-ONLY/635/property_verification,DEMO-ONLY/635/claims_verification,DEMO-ONLY/635/hazard_verification,DEMO-ONLY/635/replacement_cost_verification,Synthetic evidence scenario,2026-09-15,,No,Yes,Yes,Yes,,DEMO-2026-00635,2,Demo portfolio,2026-08-02T12:00:00+00:00,0.0,B
Casey Parker · Demo 636,,homeowner636@example.com,202-555-0100,HomeGuard Demo Agency,2026-09-15,Individual,,735 Example Lane,Sample City,MS,01635,Sample County,Owner-occupied,Yes,Detached single family,1,1964,5200,2,Frame,Crawl space,No,,No,2,No,No,,,4,Slate,Gable,Good,2022.0,1,No,DEMO-ONLY/636/roof_verification,Copper,Circuit breakers,,200,PEX / PVC / CPVC,,2,Garage,Central electric,,No,No,No,,No,Yes,Yes,None,None,No,No,No,2.9,100,,No,No,No,No,No,No,,38,35,X,,No,No,No,,HO-3,236815,209000,20900,125400,41800,100000,5000,1000,2,No,No,No,No,In force,No,Example Mutual (synthetic),,0,No,,3,0,12790,0,"Synthetic loss-run example: 3 claim(s), 0 open; total paid $12,790. Not a real claims report.",Verified,Verified,Verified,Verified,Verified,DEMO-ONLY/636/property_verification,DEMO-ONLY/636/claims_verification,DEMO-ONLY/636/hazard_verification,DEMO-ONLY/636/replacement_cost_verification,Synthetic evidence scenario,2026-09-15,,No,Yes,Yes,Yes,,DEMO-2026-00636,2,Demo portfolio,2026-08-12T12:00:00+00:00,0.061196172248803825,F
Casey Brooks · Demo 637,,homeowner637@example.com,202-555-0100,HomeGuard Demo Agency,2026-09-15,Individual,,736 Example Lane,Sample City,MO,01636,Sample County,Owner-occupied,Yes,Detached single family,1,1976,5200,3,Solid masonry,Basement,No,,No,5,No,No,,,16,Slate,Mixed,Fair,2010.0,1,No,DEMO-ONLY/637/roof_verification,Copper,Circuit breakers,,200,Copper,,1,Garage,Central gas,,No,No,No,,No,Yes,Yes,None,None,No,No,No,1.0,250,,No,No,No,No,No,No,,45,2,X,,No,No,No,,HO-5,486146,563000,56300,337800,112600,500000,5000,2500,2,No,No,No,No,In force,No,Example Mutual (synthetic),,0,No,,1,0,49899,0,"Synthetic loss-run example: 1 claim(s), 0 open; total paid $49,899. Not a real claims report.",Verified,Verified,Verified,Verified,Verified,DEMO-ONLY/637/property_verification,DEMO-ONLY/637/claims_verification,DEMO-ONLY/637/hazard_verification,DEMO-ONLY/637/replacement_cost_verification,Synthetic evidence scenario,2026-09-15,,No,Yes,Yes,Yes,,DEMO-2026-00637,2,Demo portfolio,2026-09-07T12:00:00+00:00,0.08863055062166962,A
Morgan Reed · Demo 638,,homeowner638@example.com,202-555-0100,HomeGuard Demo Agency,2026-09-15,Individual,,737 Example Lane,Sample City,MT,01637,Sample County,Owner-occupied,Yes,Detached single family,1,1995,5300,1,Masonry veneer,Crawl space,No,,No,3,No,Yes,,,6,Architectural shingle,Gable,Good,2020.0,1,No,DEMO-ONLY/638/roof_verification,Copper,Circuit breakers,,200,PEX / PVC / CPVC,,3,Garage,Central gas,,No,No,No,,No,Yes,Yes,None,None,No,No,No,2.1,100,,No,No,No,No,No,No,,9,28,X,,No,No,No,,HO-5,250926,240000,24000,144000,48000,500000,5000,2500,2,No,No,No,No,In force,No,Example Mutual (synthetic),,0,No,,0,0,0,0,,Verified,Verified,Verified,Verified,Verified,DEMO-ONLY/638/property_verification,DEMO-ONLY/638/claims_verification,DEMO-ONLY/638/hazard_verification,DEMO-ONLY/638/replacement_cost_verification,Synthetic evidence scenario,2026-09-15,,No,Yes,Yes,Yes,,DEMO-2026-00638,2,Demo portfolio,2026-07-29T12:00:00+00:00,0.0,B
Morgan Reed · Demo 639,,homeowner639@example.com,202-555-0100,HomeGuard Demo Agency,2026-09-15,Individual,,738 Example Lane,Sample City,NE,01638,Sample County,Owner-occupied,Yes,Detached single family,1,1990,2250,2,Frame,Basement,No,,No,10,No,No,,,17,Tile,Gable,Good,2009.0,1,No,DEMO-ONLY/639/roof_verification,Copper,Circuit breakers,,200,Copper,,8,Garage,Central electric,,No,No,No,,No,Yes,Yes,None,None,No,No,No,3.1,350,,No,No,No,No,No,No,,11,36,X,,No,No,No,,HO-3,1513514,1326000,132600,795600,265200,500000,5000,5000,2,No,No,No,No,In force,No,Example Mutual (synthetic),,0,No,,0,0,0,0,,Verified,Verified,Verified,Verified,Verified,DEMO-ONLY/639/property_verification,DEMO-ONLY/639/claims_verification,DEMO-ONLY/639/hazard_verification,DEMO-ONLY/639/replacement_cost_verification,Synthetic evidence scenario,2026-09-15,,No,Yes,Yes,Yes,,DEMO-2026-00639,2,Demo portfolio,2026-08-10T12:00:00+00:00,0.0,A
Taylor Brooks · Demo 640,,homeowner640@example.com,202-555-0100,HomeGuard Demo Agency,2026-09-15,Individual,,739 Example Lane,Sample City,NV,01639,Sample County,Owner-occupied,Yes,Detached single family,1,1951,2550,3,Masonry veneer,Basement,No,,No,2,No,No,,,18,Slate,Mixed,Fair,2008.0,1,No,DEMO-ONLY/640/roof_verification,Copper,Circuit breakers,,200,Copper,,7,Garage,Central electric,,No,No,No,,No,Yes,Yes,None,None,No,No,No,2.3,250,,No,No,No,No,No,Yes,,25,8,X,,No,No,No,,HO-5,1098186,1334000,133400,800400,266800,500000,5000,5000,2,No,No,No,No,In force,No,Example Mutual (synthetic),,0,No,,0,0,0,0,,Verified,Verified,Verified,Verified,Verified,DEMO-ONLY/640/property_verification,DEMO-ONLY/640/claims_verification,DEMO-ONLY/640/hazard_verification,DEMO-ONLY/640/replacement_cost_verification,Synthetic evidence scenario,2026-09-15,,No,Yes,Yes,Yes,,DEMO-2026-00640,2,Demo portfolio,2026-09-09T12:00:00+00:00,0.0,B
Jordan Brooks · Demo 641,,homeowner641@example.com,202-555-0100,HomeGuard Demo Agency,2026-09-15,Individual,,740 Example Lane,Sample City,NH,01640,Sample County,Owner-occupied,Yes,Detached single family,1,1958,3500,3,Frame,Slab,No,,No,20,No,No,,,3,Architectural shingle,Gable,Fair,2023.0,1,No,DEMO-ONLY/641/roof_verification,Copper,Circuit breakers,,200,Copper,,7,Garage,Heat pump,,No,No,No,,No,Yes,Yes,None,None,No,No,No,2.3,250,,No,No,No,No,No,No,,5,45,X,,No,No,No,,HO-3,477374,561000,56100,336600,112200,100000,5000,1000,2,No,No,No,No,In force,No,Example Mutual (synthetic),,0,No,,1,0,53574,0,"Synthetic loss-run example: 1 claim(s), 0 open; total paid $53,574. Not a real claims report.",Verified,Verified,Verified,Not checked,Verified,DEMO-ONLY/641/property_verification,DEMO-ONLY/641/claims_verification,,DEMO-ONLY/641/replacement_cost_verification,Synthetic evidence scenario,2026-09-15,,No,Yes,Yes,Yes,,DEMO-2026-00641,2,Demo portfolio,2026-08-27T12:00:00+00:00,0.09549732620320855,B
Casey Ellis · Demo 642,,homeowner642@example.com,202-555-0100,HomeGuard Demo Agency,2026-09-15,Individual,,741 Example Lane,Sample City,NJ,01641,Sample County,Owner-occupied,Yes,Detached single family,1,1978,5300,2,Masonry veneer,Slab,No,,No,20,No,No,,,17,Architectural shingle,Hip,Good,2009.0,1,No,DEMO-ONLY/642/roof_verification,Copper,Circuit breakers,,200,Copper,,9,Garage,Heat pump,,No,No,No,,No,Yes,Yes,None,None,No,No,No,3.8,100,,No,No,No,No,No,No,,4,0,X,,No,No,No,,HO-3,265788,258000,25800,154800,51600,100000,5000,5000,2,No,No,No,No,In force,No,Example Mutual (synthetic),,0,No,,1,0,303949,0,"Synthetic loss-run example: 1 claim(s), 0 open; total paid $303,949. Not a real claims report.",Verified,Verified,Verified,Verified,Verified,DEMO-ONLY/642/property_verification,DEMO-ONLY/642/claims_verification,DEMO-ONLY/642/hazard_verification,DEMO-ONLY/642/replacement_cost_verification,Synthetic evidence scenario,2026-09-15,,No,Yes,Yes,Yes,,DEMO-2026-00642,2,Demo portfolio,2026-08-03T12:00:00+00:00,1.1780968992248062,F
Alex Ellis · Demo 643,,homeowner643@example.com,202-555-0100,HomeGuard Demo Agency,2026-09-15,Individual,,742 Example Lane,Sample City,NM,01642,Sample County,Owner-occupied,Yes,Detached single family,1,1981,1650,2,Solid masonry,Basement,No,,No,9,No,No,,,4,Architectural shingle,Mixed,Good,2022.0,1,No,DEMO-ONLY/643/roof_verification,Copper,Circuit breakers,,200,Copper,,8,Garage,Heat pump,,No,No,No,,No,Yes,Yes,None,None,No,No,No,0.2,900,,No,No,No,No,No,No,,32,42,X,,No,No,No,,HO-3,914136,930000,93000,558000,186000,500000,5000,1000,2,No,No,No,No,In force,No,Example Mutual (synthetic),,0,No,,0,0,0,0,,Verified,Verified,Verified,Verified,Verified,DEMO-ONLY/643/property_verification,DEMO-ONLY/643/claims_verification,DEMO-ONLY/643/hazard_verification,DEMO-ONLY/643/replacement_cost_verification,Synthetic evidence scenario,2026-09-15,,No,Yes,Yes,Yes,,DEMO-2026-00643,2,Demo portfolio,2026-08-18T12:00:00+00:00,0.0,A
Morgan Lane · Demo 644,,homeowner644@example.com,202-555-0100,HomeGuard Demo Agency,2026-09-15,Individual,,743 Example Lane,Sample City,NY,01643,Sample County,Owner-occupied,Yes,Detached single family,1,2012,1900,2,Frame,Basement,No,,No,20,No,No,,,1,Architectural shingle,Hip,Fair,2025.0,1,No,DEMO-ONLY/644/roof_verification,Copper,Circuit breakers,,200,Copper,,13,Garage,Central gas,,No,No,No,,No,No,Yes,None,None,No,No,No,4.1,400,,No,No,No,No,No,No,,20,3,X,,No,No,No,,HO-5,427972,435000,43500,261000,87000,500000,5000,5000,2,No,No,No,No,In force,No,Example Mutual (synthetic),,0,No,,0,0,0,0,,Verified,Verified,Verified,Verified,Verified,DEMO-ONLY/644/property_verification,DEMO-ONLY/644/claims_verification,DEMO-ONLY/644/hazard_verification,DEMO-ONLY/644/replacement_cost_verification,Synthetic evidence scenario,2026-09-15,,No,Yes,Yes,Yes,,DEMO-2026-00644,2,Demo portfolio,2026-08-11T12:00:00+00:00,0.0,B
Jordan Parker · Demo 645,,homeowner645@example.com,202-555-0100,HomeGuard Demo Agency,2026-09-15,Individual,,744 Example Lane,Sample City,NC,01644,Sample County,Owner-occupied,Yes,Detached single family,1,1991,1450,3,Frame,Basement,No,,No,19,No,No,,,18,Metal,Mixed,Good,2008.0,1,No,DEMO-ONLY/645/roof_verification,Copper,Circuit breakers,,200,PEX / PVC / CPVC,,12,Garage,Central electric,,No,No,No,,No,Yes,Yes,None,None,No,No,No,3.1,700,,Yes,Yes,No,No,No,No,,12,3,X,,No,No,No,,HO-5,1025929,1044000,104400,626400,208800,300000,5000,1000,2,No,No,No,No,In force,No,Example Mutual (synthetic),,0,No,,1,0,38044,0,"Synthetic loss-run example: 1 claim(s), 0 open; total paid $38,044. Not a real claims report.",Verified,Verified,Verified,Verified,Verified,DEMO-ONLY/645/property_verification,DEMO-ONLY/645/claims_verification,DEMO-ONLY/645/hazard_verification,DEMO-ONLY/645/replacement_cost_verification,Synthetic evidence scenario,2026-09-15,,No,Yes,Yes,Yes,,DEMO-2026-00645,2,Demo portfolio,2026-08-14T12:00:00+00:00,0.036440613026819925,A
Jordan Ellis · Demo 646,,homeowner646@example.com,202-555-0100,HomeGuard Demo Agency,2026-09-15,Individual,,745 Example Lane,Sample City,ND,01645,Sample County,Owner-occupied,Yes,Detached single family,1,1961,2900,1,Solid masonry,Basement,No,,No,15,No,No,,,12,Metal,Gable,Fair,2014.0,1,No,DEMO-ONLY/646/roof_verification,Copper,Circuit breakers,,200,PEX / PVC / CPVC,,5,Garage,Central electric,,No,No,No,,No,Yes,Yes,None,None,No,No,No,4.2,500,,No,No,No,No,No,No,,39,10,X,,No,No,No,,HO-5,1158281,1239000,123900,743400,247800,300000,5000,5000,2,No,No,No,No,In force,No,Example Mutual (synthetic),,0,No,,0,0,0,0,,Verified,Verified,Verified,Verified,Verified,DEMO-ONLY/646/property_verification,DEMO-ONLY/646/claims_verification,DEMO-ONLY/646/hazard_verification,DEMO-ONLY/646/replacement_cost_verification,Synthetic evidence scenario,2026-09-15,,No,Yes,Yes,Yes,,DEMO-2026-00646,2,Demo portfolio,2026-09-13T12:00:00+00:00,0.0,A
Taylor Reed · Demo 647,,homeowner647@example.com,202-555-0100,HomeGuard Demo Agency,2026-09-15,Individual,,746 Example Lane,Sample City,OH,01646,Sample County,Owner-occupied,Yes,Detached single family,1,1963,4400,3,Masonry veneer,Crawl space,No,,No,8,No,No,,,14,Tile,Mixed,Good,2012.0,1,No,DEMO-ONLY/647/roof_verification,Copper,Circuit breakers,,200,Copper,,7,Garage,Central gas,,No,No,No,,No,Yes,Yes,None,None,No,No,No,4.4,300,,No,No,No,No,No,No,,1,6,X,,No,No,No,,HO-5,760974,823000,82300,493800,164600,300000,5000,5000,2,No,No,No,No,In force,No,Example Mutual (synthetic),,0,No,,0,0,0,0,,Verified,Verified,Verified,Verified,Verified,DEMO-ONLY/647/property_verification,DEMO-ONLY/647/claims_verification,DEMO-ONLY/647/hazard_verification,DEMO-ONLY/647/replacement_cost_verification,Synthetic evidence scenario,2026-09-15,,No,Yes,Yes,Yes,,DEMO-2026-00647,2,Demo portfolio,2026-07-25T12:00:00+00:00,0.0,A
Morgan Lane · Demo 648,,homeowner648@example.com,202-555-0100,HomeGuard Demo Agency,2026-09-15,Individual,,747 Example Lane,Sample City,OK,01647,Sample County,Owner-occupied,Yes,Detached single family,1,1965,2350,2,Solid masonry,Basement,No,,No,0,No,No,,,18,Metal,Mixed,Fair,2008.0,1,No,DEMO-ONLY/648/roof_verification,Copper,Circuit breakers,,200,PEX / PVC / CPVC,,11,Garage,Central gas,,No,No,No,,No,Yes,Yes,None,None,No,No,No,2.2,700,,No,No,No,No,No,No,,20,17,X,,No,No,No,,HO-3,561497,562000,56200,337200,112400,500000,5000,5000,2,No,No,No,No,In force,No,Example Mutual (synthetic),,0,No,,1,0,10000,1,"Synthetic loss-run example: 1 claim(s), 1 open; total paid $10,000. Not a real claims report.",Verified,Verified,Verified,Verified,Verified,DEMO-ONLY/648/property_verification,DEMO-ONLY/648/claims_verification,DEMO-ONLY/648/hazard_verification,DEMO-ONLY/648/replacement_cost_verification,Synthetic evidence scenario,2026-09-15,,No,Yes,Yes,Yes,,DEMO-2026-00648,2,Demo portfolio,2026-09-09T12:00:00+00:00,0.017793594306049824,F
Alex Lane · Demo 649,,homeowner649@example.com,202-555-0100,HomeGuard Demo Agency,2026-09-15,Individual,,748 Example Lane,Sample City,OR,01648,Sample County,Owner-occupied,Yes,Detached single family,1,1968,2550,1,Masonry veneer,Slab,No,,No,14,No,No,,,2,Slate,Gable,Good,2024.0,1,No,DEMO-ONLY/649/roof_verification,Copper,Circuit breakers,,200,PEX / PVC / CPVC,,9,Garage,Central electric,,No,No,No,,No,Yes,Yes,None,None,No,No,No,2.7,650,,No,No,No,No,No,No,,9,22,X,,No,No,No,,HO-5,923502,1021000,102100,612600,204200,300000,5000,5000,2,No,No,No,No,In force,No,Example Mutual (synthetic),,0,No,,1,0,68633,0,"Synthetic loss-run example: 1 claim(s), 0 open; total paid $68,633. Not a real claims report.",Verified,Verified,Verified,Verified,Verified,DEMO-ONLY/649/property_verification,DEMO-ONLY/649/claims_verification,DEMO-ONLY/649/hazard_verification,DEMO-ONLY/649/replacement_cost_verification,Synthetic evidence scenario,2026-09-15,,No,Yes,Yes,Yes,,DEMO-2026-00649,2,Demo portfolio,2026-07-20T12:00:00+00:00,0.06722135161606269,A
Sam Brooks · Demo 650,,homeowner650@example.com,202-555-0100,HomeGuard Demo Agency,2026-09-15,Individual,,749 Example Lane,Sample City,PA,01649,Sample County,Owner-occupied,Yes,Detached single family,1,1961,1950,2,Solid masonry,Basement,No,,No,5,No,No,,,11,Tile,Mixed,Fair,2015.0,1,No,DEMO-ONLY/650/roof_verification,Copper,Circuit breakers,,200,PEX / PVC / CPVC,,12,Garage,Central gas,,No,No,No,,No,Yes,Yes,None,None,No,No,No,2.8,150,,Yes,Yes,Yes,No,No,No,,42,18,X,,No,No,No,,HO-5,770652,788000,78800,472800,157600,500000,5000,5000,2,No,No,No,No,In force,No,Example Mutual (synthetic),,0,No,,0,0,0,0,,Verified,Verified,Verified,Verified,Verified,DEMO-ONLY/650/property_verification,DEMO-ONLY/650/claims_verification,DEMO-ONLY/650/hazard_verification,DEMO-ONLY/650/replacement_cost_verification,Synthetic evidence scenario,2026-09-15,,No,Yes,Yes,Yes,,DEMO-2026-00650,2,Demo portfolio,2026-09-04T12:00:00+00:00,0.0,B
Sam Parker · Demo 651,,homeowner651@example.com,202-555-0100,HomeGuard Demo Agency,2026-09-15,Individual,,750 Example Lane,Sample City,RI,01650,Sample County,Owner-occupied,Yes,Detached single family,1,1956,2950,1,Masonry veneer,Basement,No,,No,10,No,No,,,12,Architectural shingle,Mixed,Fair,2014.0,1,No,DEMO-ONLY/651/roof_verification,Copper,Circuit breakers,,200,Copper,,8,Garage,Central gas,,No,No,No,,No,Yes,Yes,None,None,No,No,No,1.7,100,,No,No,No,No,No,No,,29,40,X,,No,No,No,,HO-3,970355,968000,96800,580800,193600,500000,5000,5000,2,No,No,No,No,In force,No,Example Mutual (synthetic),,0,No,,0,0,0,0,,Verified,Verified,Verified,Not checked,Verified,DEMO-ONLY/651/property_verification,DEMO-ONLY/651/claims_verification,,DEMO-ONLY/651/replacement_cost_verification,Synthetic evidence scenario,2026-09-15,,No,Yes,Yes,Yes,,DEMO-2026-00651,2,Demo portfolio,2026-08-28T12:00:00+00:00,0.0,B
Morgan Reed · Demo 652,,homeowner652@example.com,202-555-0100,HomeGuard Demo Agency,2026-09-15,Individual,,751 Example Lane,Sample City,SC,01651,Sample County,Owner-occupied,Yes,Detached single family,1,2023,1550,3,Solid masonry,Basement,No,,No,16,No,No,,,2,Architectural shingle,Mixed,Good,2024.0,1,No,DEMO-ONLY/652/roof_verification,Copper,Circuit breakers,,200,Copper,,10,Garage,Central gas,,No,No,No,,No,Yes,Yes,None,None,No,No,No,0.2,800,,Yes,Yes,No,No,No,No,,28,7,X,,No,No,No,,HO-3,579082,661000,66100,396600,132200,100000,5000,2500,2,No,No,No,No,In force,No,Example Mutual (synthetic),,0,No,,0,0,0,0,,Verified,Verified,Verified,Verified,Verified,DEMO-ONLY/652/property_verification,DEMO-ONLY/652/claims_verification,DEMO-ONLY/652/hazard_verification,DEMO-ONLY/652/replacement_cost_verification,Synthetic evidence scenario,2026-09-15,,No,Yes,Yes,Yes,,DEMO-2026-00652,2,Demo portfolio,2026-07-28T12:00:00+00:00,0.0,A
Jordan Hayes · Demo 653,,homeowner653@example.com,202-555-0100,HomeGuard Demo Agency,2026-09-15,Individual,,752 Example Lane,Sample City,SD,01652,Sample County,Owner-occupied,Yes,Detached single family,1,1970,2650,2,Solid masonry,Crawl space,No,,No,2,No,No,,,11,Architectural shingle,Hip,Fair,2015.0,1,No,DEMO-ONLY/653/roof_verification,Copper,Circuit breakers,,200,PEX / PVC / CPVC,,9,Garage,Central gas,,No,No,No,,No,Yes,Yes,None,None,No,No,No,1.0,400,,No,No,No,No,No,No,,24,23,X,,No,No,No,,HO-5,1022705,938000,93800,562800,187600,300000,5000,2500,2,No,No,No,No,In force,No,Example Mutual (synthetic),,0,No,,1,0,7962,0,"Synthetic loss-run example: 1 claim(s), 0 open; total paid $7,962. Not a real claims report.",Verified,Verified,Verified,Verified,Verified,DEMO-ONLY/653/property_verification,DEMO-ONLY/653/claims_verification,DEMO-ONLY/653/hazard_verification,DEMO-ONLY/653/replacement_cost_verification,Synthetic evidence scenario,2026-09-15,,No,Yes,Yes,Yes,,DEMO-2026-00653,2,Demo portfolio,2026-07-27T12:00:00+00:00,0.008488272921108741,A
Morgan Hayes · Demo 654,,homeowner654@example.com,202-555-0100,HomeGuard Demo Agency,2026-09-15,Individual,,753 Example Lane,Sample City,TN,01653,Sample County,Owner-occupied,Yes,Detached single family,1,2002,4350,1,Masonry veneer,Crawl space,No,,No,20,No,No,,,9,Metal,Hip,Fair,2017.0,1,No,DEMO-ONLY/654/roof_verification,Copper,Circuit breakers,,200,Copper,,7,Garage,Central electric,,No,No,No,,No,Yes,Yes,None,None,No,No,No,2.3,500,,No,No,No,No,No,No,,46,39,X,,No,No,No,,HO-3,453125,484000,48400,290400,96800,300000,5000,2500,2,No,No,No,No,In force,No,Example Mutual (synthetic),,0,No,,0,0,0,0,,Verified,Verified,Verified,Verified,Verified,DEMO-ONLY/654/property_verification,DEMO-ONLY/654/claims_verification,DEMO-ONLY/654/hazard_verification,DEMO-ONLY/654/replacement_cost_verification,Synthetic evidence scenario,2026-09-15,,No,Yes,Yes,Yes,,DEMO-2026-00654,2,Demo portfolio,2026-09-01T12:00:00+00:00,0.0,A
Morgan Ellis · Demo 655,,homeowner655@example.com,202-555-0100,HomeGuard Demo Agency,2026-09-15,Individual,,754 Example Lane,Sample City,TX,01654,Sample County,Owner-occupied,Yes,Detached single family,1,1968,3350,2,Frame,Slab,No,,No,18,No,No,,,14,Architectural shingle,Gable,Good,2012.0,1,No,DEMO-ONLY/655/roof_verification,Copper,Circuit breakers,,200,Copper,,10,Garage,Central gas,,No,No,No,,No,Yes,Yes,None,None,No,No,No,2.2,200,,No,No,No,No,No,No,,36,79,X,,No,No,No,,HO-5,478483,491000,49100,294600,98200,300000,5000,2500,2,No,No,No,No,In force,No,Example Mutual (synthetic),,0,No,,0,0,0,0,,Verified,Verified,Verified,Verified,Verified,DEMO-ONLY/655/property_verification,DEMO-ONLY/655/claims_verification,DEMO-ONLY/655/hazard_verification,DEMO-ONLY/655/replacement_cost_verification,Synthetic evidence scenario,2026-09-15,,No,Yes,Yes,Yes,,DEMO-2026-00655,2,Demo portfolio,2026-08-22T12:00:00+00:00,0.0,B
Morgan Brooks · Demo 656,,homeowner656@example.com,202-555-0100,HomeGuard Demo Agency,2026-09-15,Individual,,755 Example Lane,Sample City,UT,01655,Sample County,Owner-occupied,Yes,Detached single family,1,1991,3600,1,Masonry veneer,Crawl space,No,,No,16,No,No,,,13,Slate,Hip,Fair,2013.0,1,No,DEMO-ONLY/656/roof_verification,Copper,Circuit breakers,,200,Copper,,2,Garage,Central gas,,No,No,No,,No,Yes,Yes,None,None,No,No,No,1.1,950,,No,No,No,No,No,No,,40,42,X,,No,No,No,,HO-3,820842,864000,86400,518400,172800,100000,5000,5000,2,No,No,No,No,In force,No,Example Mutual (synthetic),,0,No,,0,0,0,0,,Verified,Verified,Verified,Verified,Verified,DEMO-ONLY/656/property_verification,DEMO-ONLY/656/claims_verification,DEMO-ONLY/656/hazard_verification,DEMO-ONLY/656/replacement_cost_verification,Synthetic evidence scenario,2026-09-15,,No,Yes,Yes,Yes,,DEMO-2026-00656,2,Demo portfolio,2026-07-24T12:00:00+00:00,0.0,A
Morgan Reed · Demo 657,,homeowner657@example.com,202-555-0100,HomeGuard Demo Agency,2026-09-15,Individual,,756 Example Lane,Sample City,VT,01656,Sample County,Owner-occupied,Yes,Detached single family,1,1975,5050,1,Solid masonry,Basement,No,,No,3,No,No,,,17,Tile,Gable,Good,2009.0,1,No,DEMO-ONLY/657/roof_verification,Copper,Circuit breakers,,200,Copper,,7,Garage,Central gas,,No,No,No,,No,Yes,Yes,None,None,No,No,No,1.9,400,,No,No,No,No,No,No,,10,15,X,,No,No,No,,HO-5,1409711,1415000,141500,849000,283000,500000,5000,2500,2,No,No,No,No,In force,No,Example Mutual (synthetic),,0,No,,1,0,249599,0,"Synthetic loss-run example: 1 claim(s), 0 open; total paid $249,599. Not a real claims report.",Verified,Verified,Verified,Verified,Verified,DEMO-ONLY/657/property_verification,DEMO-ONLY/657/claims_verification,DEMO-ONLY/657/hazard_verification,DEMO-ONLY/657/replacement_cost_verification,Synthetic evidence scenario,2026-09-15,,No,Yes,Yes,Yes,,DEMO-2026-00657,2,Demo portfolio,2026-09-12T12:00:00+00:00,0.17639505300353356,A
Sam Ellis · Demo 658,,homeowner658@example.com,202-555-0100,HomeGuard Demo Agency,2026-09-15,Individual,,757 Example Lane,Sample City,VA,01657,Sample County,Owner-occupied,Yes,Detached single family,1,1972,2550,1,Frame,Basement,No,,No,15,No,No,,,8,Metal,Gable,Fair,2018.0,1,No,DEMO-ONLY/658/roof_verification,Copper,Circuit breakers,,200,Copper,,3,Garage,Central electric,,No,No,No,,No,Yes,Yes,None,None,No,No,No,2.8,500,,No,No,No,No,No,No,,2,6,X,,No,No,No,,HO-5,803894,703000,70300,421800,140600,300000,5000,1000,2,No,No,No,No,In force,No,Example Mutual (synthetic),,0,No,,0,0,0,0,,Verified,Verified,Verified,Verified,Verified,DEMO-ONLY/658/property_verification,DEMO-ONLY/658/claims_verification,DEMO-ONLY/658/hazard_verification,DEMO-ONLY/658/replacement_cost_verification,Synthetic evidence scenario,2026-09-15,,No,Yes,Yes,Yes,,DEMO-2026-00658,2,Demo portfolio,2026-08-07T12:00:00+00:00,0.0,A
Morgan Ellis · Demo 659,,homeowner659@example.com,202-555-0100,HomeGuard Demo Agency,2026-09-15,Individual,,758 Example Lane,Sample City,WA,01658,Sample County,Owner-occupied,Yes,Detached single family,1,1952,5100,1,Solid masonry,Crawl space,No,,No,2,No,No,,,3,Metal,Mixed,Fair,2023.0,1,No,DEMO-ONLY/659/roof_verification,Copper,Circuit breakers,,200,PEX / PVC / CPVC,,4,Garage,Central gas,,No,No,No,,No,Yes,Yes,None,None,No,No,No,0.2,350,,Yes,Yes,No,No,No,No,,6,4,X,,No,No,No,,HO-5,728571,801000,80100,480600,160200,300000,5000,1000,2,No,No,No,No,In force,No,Example Mutual (synthetic),,0,No,,0,0,0,0,,Verified,Verified,Verified,Verified,Verified,DEMO-ONLY/659/property_verification,DEMO-ONLY/659/claims_verification,DEMO-ONLY/659/hazard_verification,DEMO-ONLY/659/replacement_cost_verification,Synthetic evidence scenario,2026-09-15,,No,Yes,Yes,Yes,,DEMO-2026-00659,2,Demo portfolio,2026-09-05T12:00:00+00:00,0.0,A
Alex Lane · Demo 660,,homeowner660@example.com,202-555-0100,HomeGuard Demo Agency,2026-09-15,Individual,,759 Example Lane,Sample City,WV,01659,Sample County,Owner-occupied,Yes,Detached single family,1,1985,4550,2,Frame,Basement,No,,No,1,No,No,,,9,Tile,Mixed,Fair,2017.0,1,No,DEMO-ONLY/660/roof_verification,Copper,Circuit breakers,,200,Copper,,7,Garage,Central gas,,No,No,No,,No,Yes,Yes,None,None,No,No,No,3.3,900,,Yes,No,No,No,No,No,,40,37,X,,No,No,No,,HO-5,1189100,1277000,127700,766200,255400,300000,5000,1000,2,No,No,No,No,In force,No,Example Mutual (synthetic),,0,No,,0,0,0,0,,Verified,Verified,Verified,Verified,Verified,DEMO-ONLY/660/property_verification,DEMO-ONLY/660/claims_verification,DEMO-ONLY/660/hazard_verification,DEMO-ONLY/660/replacement_cost_verification,Synthetic evidence scenario,2026-09-15,,No,Yes,Yes,Yes,,DEMO-2026-00660,2,Demo portfolio,2026-09-10T12:00:00+00:00,0.0,B
Casey Lane · Demo 661,,homeowner661@example.com,202-555-0100,HomeGuard Demo Agency,2026-09-15,Individual,,760 Example Lane,Sample City,WI,01660,Sample County,Owner-occupied,Yes,Detached single family,1,1965,2250,1,Frame,Slab,No,,No,9,No,No,,,16,Slate,Hip,Good,2010.0,1,No,DEMO-ONLY/661/roof_verification,Copper,Circuit breakers,,200,Copper,,11,Garage,Heat pump,,No,No,No,,No,Yes,Yes,None,None,No,No,No,1.8,350,,No,No,No,No,No,No,,3,36,X,,No,No,No,,HO-3,584768,666000,66600,399600,133200,300000,5000,2500,2,No,No,No,No,In force,No,Example Mutual (synthetic),,0,No,,1,0,128303,0,"Synthetic loss-run example: 1 claim(s), 0 open; total paid $128,303. Not a real claims report.",Verified,Verified,Verified,Not checked,Verified,DEMO-ONLY/661/property_verification,DEMO-ONLY/661/claims_verification,,DEMO-ONLY/661/replacement_cost_verification,Synthetic evidence scenario,2026-09-15,,No,Yes,Yes,Yes,,DEMO-2026-00661,2,Demo portfolio,2026-08-06T12:00:00+00:00,0.19264714714714715,B
Casey Brooks · Demo 662,,homeowner662@example.com,202-555-0100,HomeGuard Demo Agency,2026-09-15,Individual,,761 Example Lane,Sample City,WY,01661,Sample County,Owner-occupied,Yes,Detached single family,1,1997,4200,1,Frame,Crawl space,No,,No,12,No,No,,,12,Architectural shingle,Mixed,Good,2014.0,1,No,DEMO-ONLY/662/roof_verification,Copper,Circuit breakers,,200,Copper,,13,Garage,Central electric,,No,No,No,,No,Yes,Yes,None,None,No,No,No,2.9,500,,No,No,No,No,No,No,,22,7,X,,No,No,No,,HO-3,251361,306000,30600,183600,61200,100000,5000,2500,2,No,No,No,No,In force,No,Example Mutual (synthetic),,0,No,,0,0,0,0,,Verified,Verified,Verified,Verified,Verified,DEMO-ONLY/662/property_verification,DEMO-ONLY/662/claims_verification,DEMO-ONLY/662/hazard_verification,DEMO-ONLY/662/replacement_cost_verification,Synthetic evidence scenario,2026-09-15,,No,Yes,Yes,Yes,,DEMO-2026-00662,2,Demo portfolio,2026-08-18T12:00:00+00:00,0.0,A
Jordan Reed · Demo 663,,homeowner663@example.com,202-555-0100,HomeGuard Demo Agency,2026-09-15,Individual,,762 Example Lane,Sample City,DC,01662,Sample County,Owner-occupied,Yes,Detached single family,1,1968,5000,1,Masonry veneer,Basement,No,,No,8,No,No,,,17,Slate,Mixed,Good,2009.0,1,No,DEMO-ONLY/663/roof_verification,Copper,Circuit breakers,,200,PEX / PVC / CPVC,,1,Garage,Central gas,,No,No,No,,No,Yes,Yes,None,None,No,No,No,3.9,700,,No,No,No,No,No,No,,17,18,X,,No,No,No,,HO-3,1027587,1012000,101200,607200,202400,100000,5000,1000,2,No,No,No,No,In force,No,Example Mutual (synthetic),,0,No,,0,0,0,0,,Verified,Verified,Verified,Verified,Verified,DEMO-ONLY/663/property_verification,DEMO-ONLY/663/claims_verification,DEMO-ONLY/663/hazard_verification,DEMO-ONLY/663/replacement_cost_verification,Synthetic evidence scenario,2026-09-15,,No,Yes,Yes,Yes,,DEMO-2026-00663,2,Demo portfolio,2026-07-20T12:00:00+00:00,0.0,A
Jordan Hayes · Demo 664,,homeowner664@example.com,202-555-0100,HomeGuard Demo Agency,2026-09-15,Individual,,763 Example Lane,Sample City,AL,01663,Sample County,Owner-occupied,Yes,Detached single family,1,1980,3750,3,Masonry veneer,Slab,No,,No,12,No,No,,,10,Tile,Gable,Fair,2016.0,1,No,DEMO-ONLY/664/roof_verification,Copper,Circuit breakers,,200,Copper,,9,Garage,Central electric,,No,No,No,,No,Yes,Yes,None,None,No,No,No,2.6,100,,No,No,No,No,No,No,,11,36,X,,No,No,No,,HO-3,1021137,903000,90300,541800,180600,300000,5000,1000,2,No,No,No,No,In force,No,Example Mutual (synthetic),,0,No,,0,0,0,0,,Verified,Verified,Verified,Verified,Verified,DEMO-ONLY/664/property_verification,DEMO-ONLY/664/claims_verification,DEMO-ONLY/664/hazard_verification,DEMO-ONLY/664/replacement_cost_verification,Synthetic evidence scenario,2026-09-15,,No,Yes,Yes,Yes,,DEMO-2026-00664,2,Demo portfolio,2026-08-21T12:00:00+00:00,0.0,A
Taylor Brooks · Demo 665,,homeowner665@example.com,202-555-0100,HomeGuard Demo Agency,2026-09-15,Individual,,764 Example Lane,Sample City,AK,01664,Sample County,Owner-occupied,Yes,Detached single family,1,1976,1900,3,Masonry veneer,Crawl space,No,,No,15,No,No,,,15,Metal,Mixed,Good,2011.0,1,No,DEMO-ONLY/665/roof_verification,Copper,Circuit breakers,,200,Copper,,8,Garage,Central electric,,No,No,No,,No,Yes,Yes,None,None,No,No,No,1.2,850,,No,No,No,No,No,No,,32,88,X,,No,No,No,,HO-3,1254377,1243000,124300,745800,248600,300000,5000,1000,2,No,No,No,No,In force,No,Example Mutual (synthetic),,0,No,,0,0,0,0,,Verified,Verified,Verified,Verified,Verified,DEMO-ONLY/665/property_verification,DEMO-ONLY/665/claims_verification,DEMO-ONLY/665/hazard_verification,DEMO-ONLY/665/replacement_cost_verification,Synthetic evidence scenario,2026-09-15,,No,Yes,Yes,Yes,,DEMO-2026-00665,2,Demo portfolio,2026-08-08T12:00:00+00:00,0.0,F
Alex Reed · Demo 666,,homeowner666@example.com,202-555-0100,HomeGuard Demo Agency,2026-09-15,Individual,,765 Example Lane,Sample City,AZ,01665,Sample County,Owner-occupied,Yes,Detached single family,1,2001,2850,3,Frame,Crawl space,No,,No,18,No,No,,,4,Tile,Mixed,Fair,2022.0,1,No,DEMO-ONLY/666/roof_verification,Copper,Circuit breakers,,200,Copper,,13,Garage,Central gas,,No,No,No,,No,Yes,Yes,None,None,No,No,No,1.9,700,,Yes,Yes,No,No,No,No,,40,30,X,,No,No,No,,HO-5,1304332,1198000,119800,718800,239600,500000,5000,2500,2,No,No,No,No,In force,No,Example Mutual (synthetic),,0,No,,0,0,0,0,,Verified,Verified,Verified,Verified,Verified,DEMO-ONLY/666/property_verification,DEMO-ONLY/666/claims_verification,DEMO-ONLY/666/hazard_verification,DEMO-ONLY/666/replacement_cost_verification,Synthetic evidence scenario,2026-09-15,,No,Yes,Yes,Yes,,DEMO-2026-00666,2,Demo portfolio,2026-09-15T12:00:00+00:00,0.0,A
Morgan Parker · Demo 667,,homeowner667@example.com,202-555-0100,HomeGuard Demo Agency,2026-09-15,Individual,,766 Example Lane,Sample City,AR,01666,Sample County,Owner-occupied,Yes,Detached single family,1,1987,1900,1,Masonry veneer,Basement,No,,No,20,No,No,,,3,Slate,Gable,Good,2023.0,1,No,DEMO-ONLY/667/roof_verification,Copper,Circuit breakers,,200,PEX / PVC / CPVC,,4,Garage,Central electric,,No,No,No,,No,Yes,Yes,None,None,No,No,No,2.1,850,,No,No,No,No,No,No,,17,18,X,,No,No,No,,HO-5,814842,895000,89500,537000,179000,300000,5000,1000,2,No,No,No,No,In force,No,Example Mutual (synthetic),,0,No,,0,0,0,0,,Verified,Verified,Verified,Verified,Verified,DEMO-ONLY/667/property_verification,DEMO-ONLY/667/claims_verification,DEMO-ONLY/667/hazard_verification,DEMO-ONLY/667/replacement_cost_verification,Synthetic evidence scenario,2026-09-15,,No,Yes,Yes,Yes,,DEMO-2026-00667,2,Demo portfolio,2026-09-11T12:00:00+00:00,0.0,A
Casey Parker · Demo 668,,homeowner668@example.com,202-555-0100,HomeGuard Demo Agency,2026-09-15,Individual,,767 Example Lane,Sample City,CA,01667,Sample County,Owner-occupied,Yes,Detached single family,1,1954,2800,1,Frame,Crawl space,No,,No,1,No,No,,,9,Tile,Hip,Fair,2017.0,1,No,DEMO-ONLY/668/roof_verification,Copper,Circuit breakers,,200,PEX / PVC / CPVC,,6,Garage,Central electric,,No,No,No,,No,Yes,Yes,None,None,No,No,No,3.3,850,,No,No,No,No,No,No,,27,4,X,,No,No,No,,HO-5,1315029,1303000,130300,781800,260600,100000,5000,2500,2,No,No,No,No,In force,No,Example Mutual (synthetic),,0,No,,0,0,0,0,,Verified,Verified,Verified,Verified,Verified,DEMO-ONLY/668/property_verification,DEMO-ONLY/668/claims_verification,DEMO-ONLY/668/hazard_verification,DEMO-ONLY/668/replacement_cost_verification,Synthetic evidence scenario,2026-09-15,,No,Yes,Yes,Yes,,DEMO-2026-00668,2,Demo portfolio,2026-08-10T12:00:00+00:00,0.0,A
Taylor Hayes · Demo 669,,homeowner669@example.com,202-555-0100,HomeGuard Demo Agency,2026-09-15,Individual,,768 Example Lane,Sample City,CO,01668,Sample County,Owner-occupied,Yes,Detached single family,1,2003,1400,3,Frame,Crawl space,No,,No,2,No,Yes,,,6,Architectural shingle,Mixed,Fair,2020.0,1,No,DEMO-ONLY/669/roof_verification,Copper,Circuit breakers,,200,PEX / PVC / CPVC,,12,Garage,Heat pump,,No,No,No,,No,Yes,Yes,None,None,No,No,No,2.4,550,,No,No,No,No,No,No,,10,33,X,,No,No,No,,HO-5,1433341,1398000,139800,838800,279600,300000,5000,1000,2,No,No,No,No,In force,No,Example Mutual (synthetic),,0,No,,0,0,0,0,,Verified,Verified,Verified,Verified,Verified,DEMO-ONLY/669/property_verification,DEMO-ONLY/669/claims_verification,DEMO-ONLY/669/hazard_verification,DEMO-ONLY/669/replacement_cost_verification,Synthetic evidence scenario,2026-09-15,,No,Yes,Yes,Yes,,DEMO-2026-00669,2,Demo portfolio,2026-08-21T12:00:00+00:00,0.0,B
Taylor Lane · Demo 670,,homeowner670@example.com,202-555-0100,HomeGuard Demo Agency,2026-09-15,Individual,,769 Example Lane,Sample City,CT,01669,Sample County,Owner-occupied,Yes,Detached single family,1,1971,5050,2,Masonry veneer,Basement,No,,No,15,No,No,,,4,Slate,Mixed,Fair,2022.0,1,No,DEMO-ONLY/670/roof_verification,Copper,Circuit breakers,,200,Copper,,2,Garage,Central electric,,No,No,No,,No,Yes,Yes,None,None,No,No,No,1.7,750,,No,No,No,No,No,No,,18,22,X,,No,No,No,,HO-5,624902,617000,61700,370200,123400,300000,5000,5000,2,No,No,No,No,In force,No,Example Mutual (synthetic),,0,No,,0,0,0,0,,Verified,Verified,Verified,Verified,Verified,DEMO-ONLY/670/property_verification,DEMO-ONLY/670/claims_verification,DEMO-ONLY/670/hazard_verification,DEMO-ONLY/670/replacement_cost_verification,Synthetic evidence scenario,2026-09-15,,No,Yes,Yes,Yes,,DEMO-2026-00670,2,Demo portfolio,2026-09-11T12:00:00+00:00,0.0,A
Jordan Hayes · Demo 671,,homeowner671@example.com,202-555-0100,HomeGuard Demo Agency,2026-09-15,Individual,,770 Example Lane,Sample City,DE,01670,Sample County,Owner-occupied,Yes,Detached single family,1,1965,2100,1,Solid masonry,Slab,No,,No,5,No,No,,,8,Metal,Mixed,Fair,2018.0,1,No,DEMO-ONLY/671/roof_verification,Copper,Circuit breakers,,200,PEX / PVC / CPVC,,4,Garage,Central gas,,No,No,No,,No,Yes,Yes,None,None,No,No,No,3.2,700,,No,No,No,Yes,No,No,,32,14,X,,No,No,No,,HO-5,1333206,1412000,141200,847200,282400,300000,5000,2500,2,No,No,No,No,In force,No,Example Mutual (synthetic),,0,No,,0,0,0,0,,Verified,Verified,Verified,Not checked,Verified,DEMO-ONLY/671/property_verification,DEMO-ONLY/671/claims_verification,,DEMO-ONLY/671/replacement_cost_verification,Synthetic evidence scenario,2026-09-15,,No,Yes,Yes,Yes,,DEMO-2026-00671,2,Demo portfolio,2026-07-29T12:00:00+00:00,0.0,B
Morgan Hayes · Demo 672,,homeowner672@example.com,202-555-0100,HomeGuard Demo Agency,2026-09-15,Individual,,771 Example Lane,Sample City,FL,01671,Sample County,Owner-occupied,Yes,Detached single family,1,2000,4650,2,Frame,Crawl space,No,,No,17,No,No,,,15,Architectural shingle,Hip,Good,2011.0,1,No,DEMO-ONLY/672/roof_verification,Copper,Circuit breakers,,200,Copper,,12,Garage,Central electric,,No,No,No,,No,Yes,Yes,None,None,No,No,No,1.5,200,,No,No,No,No,No,No,,39,5,X,,No,No,No,,HO-5,977025,1149000,114900,689400,229800,500000,5000,2500,2,No,No,No,No,In force,No,Example Mutual (synthetic),,0,No,,0,0,0,0,,Verified,Verified,Verified,Verified,Verified,DEMO-ONLY/672/property_verification,DEMO-ONLY/672/claims_verification,DEMO-ONLY/672/hazard_verification,DEMO-ONLY/672/replacement_cost_verification,Synthetic evidence scenario,2026-09-15,,No,Yes,Yes,Yes,,DEMO-2026-00672,2,Demo portfolio,2026-08-21T12:00:00+00:00,0.0,A
Alex Lane · Demo 673,,homeowner673@example.com,202-555-0100,HomeGuard Demo Agency,2026-09-15,Individual,,772 Example Lane,Sample City,GA,01672,Sample County,Owner-occupied,Yes,Detached single family,1,1953,3500,3,Frame,Crawl space,No,,No,19,No,No,,,7,Tile,Hip,Fair,2019.0,1,No,DEMO-ONLY/673/roof_verification,Copper,Circuit breakers,,200,PEX / PVC / CPVC,,4,Garage,Heat pump,,No,No,No,,No,Yes,Yes,None,None,No,No,No,4.3,150,,Yes,Yes,No,No,No,No,,15,12,X,,No,No,No,,HO-3,1293174,1359000,135900,815400,271800,500000,5000,1000,2,No,No,No,No,In force,No,Example Mutual (synthetic),,0,No,,1,0,48557,0,"Synthetic loss-run example: 1 claim(s), 0 open; total paid $48,557. Not a real claims report.",Verified,Verified,Verified,Verified,Verified,DEMO-ONLY/673/property_verification,DEMO-ONLY/673/claims_verification,DEMO-ONLY/673/hazard_verification,DEMO-ONLY/673/replacement_cost_verification,Synthetic evidence scenario,2026-09-15,,No,Yes,Yes,Yes,,DEMO-2026-00673,2,Demo portfolio,2026-08-27T12:00:00+00:00,0.0357299484915379,A
Sam Parker · Demo 674,,homeowner674@example.com,202-555-0100,HomeGuard Demo Agency,2026-09-15,Individual,,773 Example Lane,Sample City,HI,01673,Sample County,Owner-occupied,Yes,Detached single family,1,1960,1550,3,Masonry veneer,Basement,No,,No,19,No,No,,,34,Metal,Hip,Poor,,1,No,DEMO-ONLY/674/roof_verification,Copper,Circuit breakers,,200,PEX / PVC / CPVC,,9,Garage,Central electric,,No,No,No,,No,Yes,Yes,None,None,No,No,No,3.5,850,,No,No,No,No,No,No,,7,10,X,,No,No,No,,HO-3,557223,540000,54000,324000,108000,500000,5000,5000,2,No,No,No,No,In force,No,Example Mutual (synthetic),,0,No,,0,0,0,0,,Verified,Verified,Verified,Verified,Verified,DEMO-ONLY/674/property_verification,DEMO-ONLY/674/claims_verification,DEMO-ONLY/674/hazard_verification,DEMO-ONLY/674/replacement_cost_verification,Synthetic evidence scenario,2026-09-15,,No,Yes,Yes,Yes,,DEMO-2026-00674,2,Demo portfolio,2026-09-02T12:00:00+00:00,0.0,F
Taylor Reed · Demo 675,,homeowner675@example.com,202-555-0100,HomeGuard Demo Agency,2026-09-15,Individual,,774 Example Lane,Sample City,ID,01674,Sample County,Owner-occupied,Yes,Detached single family,1,1996,2100,3,Solid masonry,Slab,No,,No,4,No,No,,,9,Metal,Mixed,Good,2017.0,1,No,DEMO-ONLY/675/roof_verification,Copper,Circuit breakers,,200,PEX / PVC / CPVC,,14,Garage,Central gas,,No,No,No,,No,Yes,Yes,None,None,No,No,No,1.3,250,,No,No,No,No,No,No,,36,27,X,,No,No,No,,HO-5,176434,212000,21200,127200,42400,100000,5000,2500,2,No,No,No,No,In force,No,Example Mutual (synthetic),,0,No,,0,0,0,0,,Verified,Verified,Verified,Verified,Verified,DEMO-ONLY/675/property_verification,DEMO-ONLY/675/claims_verification,DEMO-ONLY/675/hazard_verification,DEMO-ONLY/675/replacement_cost_verification,Synthetic evidence scenario,2026-09-15,,No,Yes,Yes,Yes,,DEMO-2026-00675,2,Demo portfolio,2026-08-22T12:00:00+00:00,0.0,A
Morgan Reed · Demo 676,,homeowner676@example.com,202-555-0100,HomeGuard Demo Agency,2026-09-15,Individual,,775 Example Lane,Sample City,IL,01675,Sample County,Owner-occupied,Yes,Detached single family,1,1972,1600,3,Solid masonry,Slab,No,,No,19,No,No,,,12,Slate,Hip,Good,2014.0,1,No,DEMO-ONLY/676/roof_verification,Copper,Circuit breakers,,200,Copper,,3,Garage,Central gas,,Yes,No,No,,No,Yes,Yes,None,None,No,No,No,1.5,200,,No,No,No,No,No,No,,23,24,X,,No,No,No,,HO-3,677772,760000,76000,456000,152000,300000,5000,5000,2,No,No,No,No,In force,No,Example Mutual (synthetic),,0,No,,0,0,0,0,,Verified,Verified,Verified,Verified,Verified,DEMO-ONLY/676/property_verification,DEMO-ONLY/676/claims_verification,DEMO-ONLY/676/hazard_verification,DEMO-ONLY/676/replacement_cost_verification,Synthetic evidence scenario,2026-09-15,,No,Yes,Yes,Yes,,DEMO-2026-00676,2,Demo portfolio,2026-09-07T12:00:00+00:00,0.0,B
Alex Parker · Demo 677,,homeowner677@example.com,202-555-0100,HomeGuard Demo Agency,2026-09-15,Individual,,776 Example Lane,Sample City,IN,01676,Sample County,Owner-occupied,Yes,Detached single family,1,1968,2050,2,Masonry veneer,Basement,No,,No,19,No,No,,,4,Slate,Mixed,Good,2022.0,1,No,DEMO-ONLY/677/roof_verification,Copper,Circuit breakers,,200,PEX / PVC / CPVC,,4,Garage,Heat pump,,No,No,No,,No,Yes,Yes,None,None,No,No,No,1.1,700,,No,No,No,No,No,No,,2,6,X,,No,No,No,,HO-5,588970,562000,56200,337200,112400,100000,5000,2500,2,No,No,No,No,In force,No,Example Mutual (synthetic),,0,No,,1,0,4706,0,"Synthetic loss-run example: 1 claim(s), 0 open; total paid $4,706. Not a real claims report.",Verified,Verified,Verified,Verified,Verified,DEMO-ONLY/677/property_verification,DEMO-ONLY/677/claims_verification,DEMO-ONLY/677/hazard_verification,DEMO-ONLY/677/replacement_cost_verification,Synthetic evidence scenario,2026-09-15,,No,Yes,Yes,Yes,,DEMO-2026-00677,2,Demo portfolio,2026-07-27T12:00:00+00:00,0.008373665480427046,A
Casey Hayes · Demo 678,,homeowner678@example.com,202-555-0100,HomeGuard Demo Agency,2026-09-15,Individual,,777 Example Lane,Sample City,IA,01677,Sample County,Owner-occupied,Yes,Detached single family,1,2010,5350,3,Frame,Basement,No,,No,3,No,No,,,15,Tile,Mixed,Good,2011.0,1,No,DEMO-ONLY/678/roof_verification,Copper,Circuit breakers,,200,Copper,,4,Garage,Central gas,,No,No,No,,No,Yes,Yes,None,None,No,No,No,3.0,700,,No,No,No,No,No,No,,1,12,X,,No,No,No,,HO-5,1104895,1071000,107100,642600,214200,300000,5000,5000,2,No,No,No,No,In force,No,Example Mutual (synthetic),,0,No,,0,0,0,0,,Verified,Verified,Verified,Verified,Verified,DEMO-ONLY/678/property_verification,DEMO-ONLY/678/claims_verification,DEMO-ONLY/678/hazard_verification,DEMO-ONLY/678/replacement_cost_verification,Synthetic evidence scenario,2026-09-15,,No,Yes,Yes,Yes,,DEMO-2026-00678,2,Demo portfolio,2026-07-30T12:00:00+00:00,0.0,A
Morgan Lane · Demo 679,,homeowner679@example.com,202-555-0100,HomeGuard Demo Agency,2026-09-15,Individual,,778 Example Lane,Sample City,KS,01678,Sample County,Owner-occupied,Yes,Detached single family,1,1988,3850,3,Frame,Crawl space,No,,No,0,No,No,,,13,Metal,Gable,Fair,2013.0,1,No,DEMO-ONLY/679/roof_verification,Copper,Circuit breakers,,200,Copper,,8,Garage,Central electric,,No,No,No,,No,Yes,Yes,None,None,No,No,No,0.1,900,,No,No,No,No,No,No,,2,6,X,,No,No,No,,HO-3,1228851,1411000,141100,846600,282200,500000,5000,2500,2,No,No,No,No,In force,No,Example Mutual (synthetic),,0,No,,0,0,0,0,,Verified,Verified,Verified,Verified,Verified,DEMO-ONLY/679/property_verification,DEMO-ONLY/679/claims_verification,DEMO-ONLY/679/hazard_verification,DEMO-ONLY/679/replacement_cost_verification,Synthetic evidence scenario,2026-09-15,,No,Yes,Yes,Yes,,DEMO-2026-00679,2,Demo portfolio,2026-08-08T12:00:00+00:00,0.0,A
Morgan Brooks · Demo 680,,homeowner680@example.com,202-555-0100,HomeGuard Demo Agency,2026-09-15,Individual,,779 Example Lane,Sample City,KY,01679,Sample County,Owner-occupied,Yes,Detached single family,1,1968,3350,1,Solid masonry,Slab,No,,No,6,No,No,,,2,Metal,Gable,Fair,2024.0,1,No,DEMO-ONLY/680/roof_verification,Copper,Circuit breakers,,200,PEX / PVC / CPVC,,13,Garage,Heat pump,,No,No,No,,No,Yes,Yes,None,None,No,No,No,3.6,200,,Yes,Yes,No,No,No,No,,45,8,X,,No,No,No,,HO-5,1342221,1278000,127800,766800,255600,300000,5000,2500,2,No,No,No,No,In force,No,Example Mutual (synthetic),,0,No,,0,0,0,0,,Verified,Verified,Verified,Verified,Verified,DEMO-ONLY/680/property_verification,DEMO-ONLY/680/claims_verification,DEMO-ONLY/680/hazard_verification,DEMO-ONLY/680/replacement_cost_verification,Synthetic evidence scenario,2026-09-15,,No,Yes,Yes,Yes,,DEMO-2026-00680,2,Demo portfolio,2026-08-07T12:00:00+00:00,0.0,A
Jordan Hayes · Demo 681,,homeowner681@example.com,202-555-0100,HomeGuard Demo Agency,2026-09-15,Individual,,780 Example Lane,Sample City,LA,01680,Sample County,Owner-occupied,Yes,Detached single family,1,2011,1450,3,Solid masonry,Crawl space,No,,No,5,No,No,,,4,Metal,Hip,Good,2022.0,1,No,DEMO-ONLY/681/roof_verification,Copper,Circuit breakers,,200,Copper,,3,Garage,Central gas,,No,No,No,,No,Yes,Yes,None,None,No,No,No,2.9,200,,No,No,No,No,No,No,,23,10,X,,No,No,No,,HO-5,1249582,1486000,148600,891600,297200,300000,5000,5000,2,No,No,No,No,In force,No,Example Mutual (synthetic),,0,No,,1,0,173071,0,"Synthetic loss-run example: 1 claim(s), 0 open; total paid $173,071. Not a real claims report.",Verified,Verified,Verified,Not checked,Verified,DEMO-ONLY/681/property_verification,DEMO-ONLY/681/claims_verification,,DEMO-ONLY/681/replacement_cost_verification,Synthetic evidence scenario,2026-09-15,,No,Yes,Yes,Yes,,DEMO-2026-00681,2,Demo portfolio,2026-09-02T12:00:00+00:00,0.11646769851951548,B
Alex Parker · Demo 682,,homeowner682@example.com,202-555-0100,HomeGuard Demo Agency,2026-09-15,Individual,,781 Example Lane,Sample City,ME,01681,Sample County,Owner-occupied,Yes,Detached single family,1,1969,4750,3,Frame,Crawl space,No,,No,19,No,No,,,15,Metal,Hip,Good,2011.0,1,No,DEMO-ONLY/682/roof_verification,Copper,Circuit breakers,,200,Copper,,3,Garage,Heat pump,,No,No,No,,No,Yes,Yes,None,None,No,No,No,1.3,950,,No,No,No,No,No,No,,45,22,X,,No,No,No,,HO-3,448410,522000,52200,313200,104400,300000,5000,5000,2,No,No,No,No,In force,No,Example Mutual (synthetic),,0,No,,0,0,0,0,,Verified,Verified,Verified,Verified,Verified,DEMO-ONLY/682/property_verification,DEMO-ONLY/682/claims_verification,DEMO-ONLY/682/hazard_verification,DEMO-ONLY/682/replacement_cost_verification,Synthetic evidence scenario,2026-09-15,,No,Yes,Yes,Yes,,DEMO-2026-00682,2,Demo portfolio,2026-07-28T12:00:00+00:00,0.0,A
Sam Hayes · Demo 683,,homeowner683@example.com,202-555-0100,HomeGuard Demo Agency,2026-09-15,Individual,,782 Example Lane,Sample City,MD,01682,Sample County,Owner-occupied,Yes,Detached single family,1,2015,3150,2,Masonry veneer,Slab,No,,No,5,No,No,,,8,Slate,Mixed,Fair,2018.0,1,No,DEMO-ONLY/683/roof_verification,Copper,Circuit breakers,,200,PEX / PVC / CPVC,,7,Garage,Heat pump,,No,No,No,,No,Yes,Yes,None,None,No,No,No,2.9,350,,No,No,No,No,No,No,,21,16,X,,No,No,No,,HO-5,722003,778000,77800,466800,155600,300000,5000,1000,2,No,No,No,No,In force,No,Example Mutual (synthetic),,0,No,,0,0,0,0,,Verified,Verified,Verified,Verified,Verified,DEMO-ONLY/683/property_verification,DEMO-ONLY/683/claims_verification,DEMO-ONLY/683/hazard_verification,DEMO-ONLY/683/replacement_cost_verification,Synthetic evidence scenario,2026-09-15,,No,Yes,Yes,Yes,,DEMO-2026-00683,2,Demo portfolio,2026-09-01T12:00:00+00:00,0.0,A
Alex Brooks · Demo 684,,homeowner684@example.com,202-555-0100,HomeGuard Demo Agency,2026-09-15,Individual,,783 Example Lane,Sample City,MA,01683,Sample County,Owner-occupied,Yes,Detached single family,1,1985,2250,1,Masonry veneer,Slab,No,,No,15,No,No,,,13,Slate,Mixed,Good,2013.0,1,No,DEMO-ONLY/684/roof_verification,Copper,Circuit breakers,,200,Copper,,1,Garage,Central electric,,No,No,No,,No,Yes,Yes,None,None,No,No,No,0.8,650,,No,No,No,No,No,No,,47,28,X,,No,No,No,,HO-5,1077570,1204000,120400,722400,240800,100000,5000,1000,2,No,No,No,No,In force,No,Example Mutual (synthetic),,0,No,,0,0,0,0,,Verified,Verified,Verified,Verified,Verified,DEMO-ONLY/684/property_verification,DEMO-ONLY/684/claims_verification,DEMO-ONLY/684/hazard_verification,DEMO-ONLY/684/replacement_cost_verification,Synthetic evidence scenario,2026-09-15,,No,Yes,Yes,Yes,,DEMO-2026-00684,2,Demo portfolio,2026-09-12T12:00:00+00:00,0.0,A
Casey Lane · Demo 685,,homeowner685@example.com,202-555-0100,HomeGuard Demo Agency,2026-09-15,Individual,,784 Example Lane,Sample City,MI,01684,Sample County,Owner-occupied,Yes,Detached single family,1,1999,2000,3,Masonry veneer,Slab,No,,No,15,No,No,,,12,Tile,Mixed,Fair,2014.0,1,No,DEMO-ONLY/685/roof_verification,Copper,Circuit breakers,,200,Copper,,6,Garage,Central gas,,No,No,No,,No,Yes,Yes,None,None,No,No,No,2.6,950,,No,No,No,No,No,No,,16,1,X,,No,No,No,,HO-3,932365,863000,86300,517800,172600,500000,5000,1000,2,No,No,No,No,In force,No,Example Mutual (synthetic),,0,No,,1,0,8396,0,"Synthetic loss-run example: 1 claim(s), 0 open; total paid $8,396. Not a real claims report.",Verified,Verified,Verified,Verified,Verified,DEMO-ONLY/685/property_verification,DEMO-ONLY/685/claims_verification,DEMO-ONLY/685/hazard_verification,DEMO-ONLY/685/replacement_cost_verification,Synthetic evidence scenario,2026-09-15,,No,Yes,Yes,Yes,,DEMO-2026-00685,2,Demo portfolio,2026-08-24T12:00:00+00:00,0.009728852838933951,A
Casey Lane · Demo 686,,homeowner686@example.com,202-555-0100,HomeGuard Demo Agency,2026-09-15,Individual,,785 Example Lane,Sample City,MN,01685,Sample County,Owner-occupied,Yes,Detached single family,1,2012,5200,1,Masonry veneer,Slab,No,,No,7,No,No,,,5,Metal,Mixed,Good,2021.0,1,No,DEMO-ONLY/686/roof_verification,Copper,Circuit breakers,,200,Copper,,10,Garage,Central gas,,No,No,No,,No,Yes,Yes,None,None,No,No,No,3.0,600,,No,No,No,No,No,No,,35,0,X,,No,No,No,,HO-3,456921,486000,48600,291600,97200,300000,5000,1000,2,No,No,No,No,In force,No,Example Mutual (synthetic),,0,No,,0,0,0,0,,Verified,Verified,Verified,Verified,Verified,DEMO-ONLY/686/property_verification,DEMO-ONLY/686/claims_verification,DEMO-ONLY/686/hazard_verification,DEMO-ONLY/686/replacement_cost_verification,Synthetic evidence scenario,2026-09-15,,No,Yes,Yes,Yes,,DEMO-2026-00686,2,Demo portfolio,2026-09-11T12:00:00+00:00,0.0,A
Morgan Reed · Demo 687,,homeowner687@example.com,202-555-0100,HomeGuard Demo Agency,2026-09-15,Individual,,786 Example Lane,Sample City,MS,01686,Sample County,Owner-occupied,Yes,Detached single family,1,1990,1350,3,Masonry veneer,Slab,No,,No,0,No,No,,,2,Slate,Gable,Good,2024.0,1,No,DEMO-ONLY/687/roof_verification,Copper,Circuit breakers,,200,Copper,,7,Garage,Central gas,,No,No,No,,No,Yes,Yes,None,None,No,No,No,4.7,700,,No,No,No,No,No,No,,58,47,X,,No,No,No,,HO-3,235796,223000,22300,133800,44600,500000,5000,5000,2,No,No,No,No,In force,No,Example Mutual (synthetic),,0,No,,0,0,0,0,,Verified,Verified,Verified,Verified,Verified,DEMO-ONLY/687/property_verification,DEMO-ONLY/687/claims_verification,DEMO-ONLY/687/hazard_verification,DEMO-ONLY/687/replacement_cost_verification,Synthetic evidence scenario,2026-09-15,,No,Yes,Yes,Yes,,DEMO-2026-00687,2,Demo portfolio,2026-07-23T12:00:00+00:00,0.0,B
Casey Brooks · Demo 688,,homeowner688@example.com,202-555-0100,HomeGuard Demo Agency,2026-09-15,Individual,,787 Example Lane,Sample City,MO,01687,Sample County,Owner-occupied,Yes,Detached single family,1,1982,2400,2,Masonry veneer,Crawl space,No,,No,16,No,No,,,16,Architectural shingle,Gable,Good,2010.0,1,No,DEMO-ONLY/688/roof_verification,Copper,Circuit breakers,,200,PEX / PVC / CPVC,,7,Garage,Central electric,,No,No,No,,No,Yes,Yes,None,None,No,No,No,4.8,950,,No,No,No,No,No,No,,42,7,X,,No,No,No,,HO-5,1458692,1286000,128600,771600,257200,500000,5000,5000,2,No,No,No,No,In force,No,Example Mutual (synthetic),,0,No,,0,0,0,0,,Verified,Verified,Verified,Verified,Verified,DEMO-ONLY/688/property_verification,DEMO-ONLY/688/claims_verification,DEMO-ONLY/688/hazard_verification,DEMO-ONLY/688/replacement_cost_verification,Synthetic evidence scenario,2026-09-15,,No,Yes,Yes,Yes,,DEMO-2026-00688,2,Demo portfolio,2026-07-20T12:00:00+00:00,0.0,A
Taylor Parker · Demo 689,,homeowner689@example.com,202-555-0100,HomeGuard Demo Agency,2026-09-15,Individual,,788 Example Lane,Sample City,MT,01688,Sample County,Owner-occupied,Yes,Detached single family,1,1965,2250,3,Solid masonry,Slab,No,,No,16,No,No,,,8,Tile,Gable,Good,2018.0,1,No,DEMO-ONLY/689/roof_verification,Copper,Circuit breakers,,200,Copper,,2,Garage,Heat pump,,No,No,No,,No,Yes,Yes,None,None,No,No,No,2.0,850,,No,No,No,No,No,No,,10,31,A,,No,No,No,,HO-5,350308,334000,33400,200400,66800,100000,5000,1000,2,No,No,No,No,In force,No,Example Mutual (synthetic),,0,No,,0,0,0,0,,Verified,Verified,Verified,Verified,Verified,DEMO-ONLY/689/property_verification,DEMO-ONLY/689/claims_verification,DEMO-ONLY/689/hazard_verification,DEMO-ONLY/689/replacement_cost_verification,Synthetic evidence scenario,2026-09-15,,No,Yes,Yes,Yes,,DEMO-2026-00689,2,Demo portfolio,2026-08-04T12:00:00+00:00,0.0,B
Morgan Hayes · Demo 690,,homeowner690@example.com,202-555-0100,HomeGuard Demo Agency,2026-09-15,Individual,,789 Example Lane,Sample City,NE,01689,Sample County,Owner-occupied,Yes,Detached single family,1,1953,1250,1,Frame,Slab,No,,No,7,No,No,,,3,Slate,Hip,Fair,2023.0,1,No,DEMO-ONLY/690/roof_verification,Copper,Circuit breakers,,200,Copper,,2,Garage,Central electric,,No,No,No,,No,Yes,Yes,None,None,No,No,No,0.9,950,,No,No,No,No,No,No,,42,34,X,,No,No,No,,HO-3,226573,222000,22200,133200,44400,100000,5000,5000,2,No,No,No,No,In force,No,Example Mutual (synthetic),,0,No,,0,0,0,0,,Verified,Verified,Verified,Verified,Verified,DEMO-ONLY/690/property_verification,DEMO-ONLY/690/claims_verification,DEMO-ONLY/690/hazard_verification,DEMO-ONLY/690/replacement_cost_verification,Synthetic evidence scenario,2026-09-15,,No,Yes,Yes,Yes,,DEMO-2026-00690,2,Demo portfolio,2026-09-11T12:00:00+00:00,0.0,A
Sam Hayes · Demo 691,,homeowner691@example.com,202-555-0100,HomeGuard Demo Agency,2026-09-15,Individual,,790 Example Lane,Sample City,NV,01690,Sample County,Owner-occupied,Yes,Detached single family,1,1975,1300,3,Solid masonry,Basement,No,,No,6,No,No,,,18,Tile,Gable,Good,2008.0,1,No,DEMO-ONLY/691/roof_verification,Copper,Circuit breakers,,200,Copper,,13,Garage,Central gas,,No,No,No,,No,Yes,Yes,None,None,No,No,No,4.1,900,,Yes,No,No,No,No,No,,33,46,X,,No,No,No,,HO-5,848467,859000,85900,515400,171800,100000,5000,5000,2,No,No,No,No,In force,No,Example Mutual (synthetic),,0,No,,0,0,0,0,,Verified,Verified,Verified,Not checked,Verified,DEMO-ONLY/691/property_verification,DEMO-ONLY/691/claims_verification,,DEMO-ONLY/691/replacement_cost_verification,Synthetic evidence scenario,2026-09-15,,No,Yes,Yes,Yes,,DEMO-2026-00691,2,Demo portfolio,2026-08-05T12:00:00+00:00,0.0,B
Jordan Parker · Demo 692,,homeowner692@example.com,202-555-0100,HomeGuard Demo Agency,2026-09-15,Individual,,791 Example Lane,Sample City,NH,01691,Sample County,Owner-occupied,Yes,Detached single family,1,1959,4600,1,Solid masonry,Basement,No,,No,4,No,No,,,17,Tile,Gable,Fair,2009.0,1,No,DEMO-ONLY/692/roof_verification,Copper,Circuit breakers,,200,PEX / PVC / CPVC,,7,Garage,Central electric,,No,No,No,,No,Yes,Yes,None,None,No,No,No,4.8,300,,No,No,No,No,No,No,,42,18,X,,No,No,No,,HO-3,924158,995000,99500,597000,199000,100000,5000,1000,2,No,No,No,No,In force,No,Example Mutual (synthetic),,0,No,,0,0,0,0,,Verified,Verified,Verified,Verified,Verified,DEMO-ONLY/692/property_verification,DEMO-ONLY/692/claims_verification,DEMO-ONLY/692/hazard_verification,DEMO-ONLY/692/replacement_cost_verification,Synthetic evidence scenario,2026-09-15,,No,Yes,Yes,Yes,,DEMO-2026-00692,2,Demo portfolio,2026-09-07T12:00:00+00:00,0.0,A
Sam Parker · Demo 693,,homeowner693@example.com,202-555-0100,HomeGuard Demo Agency,2026-09-15,Individual,,792 Example Lane,Sample City,NJ,01692,Sample County,Owner-occupied,Yes,Detached single family,1,1962,3100,2,Frame,Slab,No,,No,18,No,No,,,16,Metal,Hip,Good,2010.0,1,No,DEMO-ONLY/693/roof_verification,Copper,Circuit breakers,,200,PEX / PVC / CPVC,,12,Garage,Central electric,,No,No,No,,No,Yes,Yes,None,None,No,No,No,4.3,400,,No,No,No,No,No,No,,9,37,X,,No,No,No,,HO-3,536938,582000,58200,349200,116400,300000,5000,1000,2,No,No,No,No,In force,No,Example Mutual (synthetic),,0,No,,1,0,78524,0,"Synthetic loss-run example: 1 claim(s), 0 open; total paid $78,524. Not a real claims report.",Verified,Verified,Verified,Verified,Verified,DEMO-ONLY/693/property_verification,DEMO-ONLY/693/claims_verification,DEMO-ONLY/693/hazard_verification,DEMO-ONLY/693/replacement_cost_verification,Synthetic evidence scenario,2026-09-15,,No,Yes,Yes,Yes,,DEMO-2026-00693,2,Demo portfolio,2026-09-13T12:00:00+00:00,0.1349209621993127,A
Jordan Reed · Demo 694,,homeowner694@example.com,202-555-0100,HomeGuard Demo Agency,2026-09-15,Individual,,793 Example Lane,Sample City,NM,01693,Sample County,Owner-occupied,Yes,Detached single family,1,2012,5000,3,Masonry veneer,Slab,No,,No,6,No,No,,,4,Metal,Hip,Fair,2022.0,1,No,DEMO-ONLY/694/roof_verification,Copper,Circuit breakers,,200,PEX / PVC / CPVC,,10,Garage,Central electric,,No,No,No,,No,Yes,Yes,None,None,No,No,No,2.1,100,,Yes,Yes,No,No,No,No,,49,30,X,,No,No,No,,HO-5,766464,784000,78400,470400,156800,300000,5000,5000,2,No,No,No,No,In force,No,Example Mutual (synthetic),,0,No,,0,0,0,0,,Verified,Verified,Verified,Verified,Verified,DEMO-ONLY/694/property_verification,DEMO-ONLY/694/claims_verification,DEMO-ONLY/694/hazard_verification,DEMO-ONLY/694/replacement_cost_verification,Synthetic evidence scenario,2026-09-15,,No,Yes,Yes,Yes,,DEMO-2026-00694,2,Demo portfolio,2026-09-03T12:00:00+00:00,0.0,A
Alex Parker · Demo 695,,homeowner695@example.com,202-555-0100,HomeGuard Demo Agency,2026-09-15,Individual,,794 Example Lane,Sample City,NY,01694,Sample County,Owner-occupied,Yes,Detached single family,1,1973,3350,2,Solid masonry,Crawl space,No,,No,9,No,No,,,7,Slate,Gable,Fair,2019.0,1,No,DEMO-ONLY/695/roof_verification,Copper,Circuit breakers,,200,Copper,,13,Garage,Heat pump,,No,No,No,,No,Yes,Yes,None,None,No,No,No,0.8,800,,No,No,No,No,No,No,,13,48,X,,No,No,No,,HO-3,537167,479000,47900,287400,95800,100000,5000,5000,2,No,No,No,No,In force,No,Example Mutual (synthetic),,0,No,,0,0,0,0,,Verified,Verified,Verified,Verified,Verified,DEMO-ONLY/695/property_verification,DEMO-ONLY/695/claims_verification,DEMO-ONLY/695/hazard_verification,DEMO-ONLY/695/replacement_cost_verification,Synthetic evidence scenario,2026-09-15,,No,Yes,Yes,Yes,,DEMO-2026-00695,2,Demo portfolio,2026-08-07T12:00:00+00:00,0.0,A
Taylor Parker · Demo 696,,homeowner696@example.com,202-555-0100,HomeGuard Demo Agency,2026-09-15,Individual,,795 Example Lane,Sample City,NC,01695,Sample County,Owner-occupied,Yes,Detached single family,1,2014,5150,1,Masonry veneer,Basement,No,,No,2,No,No,,,6,Slate,Mixed,Fair,2020.0,1,No,DEMO-ONLY/696/roof_verification,Copper,Circuit breakers,,200,PEX / PVC / CPVC,,1,Garage,Central gas,,No,No,No,,No,Yes,Yes,None,None,No,No,No,0.2,300,,No,No,No,No,No,No,,2,23,X,,No,No,No,,HO-5,1152345,1405000,140500,843000,281000,500000,5000,1000,2,No,No,No,No,In force,No,Example Mutual (synthetic),,0,No,,0,0,0,0,,Verified,Verified,Verified,Verified,Verified,DEMO-ONLY/696/property_verification,DEMO-ONLY/696/claims_verification,DEMO-ONLY/696/hazard_verification,DEMO-ONLY/696/replacement_cost_verification,Synthetic evidence scenario,2026-09-15,,No,Yes,Yes,Yes,,DEMO-2026-00696,2,Demo portfolio,2026-07-19T12:00:00+00:00,0.0,B
Sam Parker · Demo 697,,homeowner697@example.com,202-555-0100,HomeGuard Demo Agency,2026-09-15,Individual,,796 Example Lane,Sample City,ND,01696,Sample County,Owner-occupied,Yes,Detached single family,1,2008,3400,2,Frame,Slab,No,,No,17,No,No,,,8,Metal,Mixed,Good,2018.0,1,No,DEMO-ONLY/697/roof_verification,Copper,Circuit breakers,,200,PEX / PVC / CPVC,,4,Garage,Heat pump,,No,No,No,,No,Yes,Yes,None,None,No,No,No,8.2,550,,No,No,No,No,No,No,,38,44,X,,No,No,No,,HO-5,947534,1138000,113800,682800,227600,300000,5000,2500,2,No,No,No,No,In force,No,Example Mutual (synthetic),,0,No,,0,0,0,0,,Verified,Verified,Verified,Verified,Verified,DEMO-ONLY/697/property_verification,DEMO-ONLY/697/claims_verification,DEMO-ONLY/697/hazard_verification,DEMO-ONLY/697/replacement_cost_verification,Synthetic evidence scenario,2026-09-15,,No,Yes,Yes,Yes,,DEMO-2026-00697,2,Demo portfolio,2026-08-27T12:00:00+00:00,0.0,B
Morgan Reed · Demo 698,,homeowner698@example.com,202-555-0100,HomeGuard Demo Agency,2026-09-15,Individual,,797 Example Lane,Sample City,OH,01697,Sample County,Owner-occupied,Yes,Detached single family,1,1992,2400,3,Solid masonry,Slab,No,,No,13,No,No,,,6,Tile,Gable,Good,2020.0,1,Yes,DEMO-ONLY/698/roof_verification,Copper,Circuit breakers,,200,Copper,,5,Garage,Central gas,,No,No,No,,No,Yes,Yes,None,None,No,No,No,1.1,100,,No,No,No,No,No,No,,40,44,X,,No,No,No,,HO-5,1008822,951000,95100,570600,190200,300000,5000,2500,2,No,No,No,No,In force,No,Example Mutual (synthetic),,0,No,,0,0,0,0,,Verified,Verified,Verified,Verified,Verified,DEMO-ONLY/698/property_verification,DEMO-ONLY/698/claims_verification,DEMO-ONLY/698/hazard_verification,DEMO-ONLY/698/replacement_cost_verification,Synthetic evidence scenario,2026-09-15,,No,Yes,Yes,Yes,,DEMO-2026-00698,2,Demo portfolio,2026-08-01T12:00:00+00:00,0.0,B
Alex Hayes · Demo 699,,homeowner699@example.com,202-555-0100,HomeGuard Demo Agency,2026-09-15,Individual,,798 Example Lane,Sample City,OK,01698,Sample County,Owner-occupied,Yes,Detached single family,1,1979,1300,2,Solid masonry,Slab,No,,No,20,No,No,,,11,Architectural shingle,Gable,Fair,2015.0,1,No,DEMO-ONLY/699/roof_verification,Copper,Circuit breakers,,200,Copper,,7,Garage,Heat pump,,No,No,No,,No,Yes,Yes,None,None,No,No,No,2.5,550,,No,No,No,No,No,No,,27,36,X,,No,No,No,,HO-3,1266287,1454000,145400,872400,290800,500000,5000,2500,2,No,No,No,No,In force,No,Example Mutual (synthetic),,0,No,,0,0,0,0,,Verified,Verified,Verified,Verified,Verified,DEMO-ONLY/699/property_verification,DEMO-ONLY/699/claims_verification,DEMO-ONLY/699/hazard_verification,DEMO-ONLY/699/replacement_cost_verification,Synthetic evidence scenario,2026-09-15,,No,Yes,Yes,Yes,,DEMO-2026-00699,2,Demo portfolio,2026-08-10T12:00:00+00:00,0.0,A
Sam Parker · Demo 700,,homeowner700@example.com,202-555-0100,HomeGuard Demo Agency,2026-09-15,Individual,,799 Example Lane,Sample City,OR,01699,Sample County,Owner-occupied,Yes,Detached single family,1,2011,3100,3,Solid masonry,Basement,No,,No,15,No,Yes,,,2,Tile,Hip,Good,2024.0,1,No,DEMO-ONLY/700/roof_verification,Copper,Circuit breakers,,200,PEX / PVC / CPVC,,6,Garage,Central gas,,No,No,No,,No,Yes,Yes,None,None,No,No,No,1.8,500,,No,No,No,No,No,No,,34,48,X,,No,No,No,,HO-3,1192947,1113000,111300,667800,222600,100000,5000,5000,2,No,No,No,No,In force,No,Example Mutual (synthetic),,0,No,,0,0,0,0,,Verified,Verified,Verified,Verified,Verified,DEMO-ONLY/700/property_verification,DEMO-ONLY/700/claims_verification,DEMO-ONLY/700/hazard_verification,DEMO-ONLY/700/replacement_cost_verification,Synthetic evidence scenario,2026-09-15,,No,Yes,Yes,Yes,,DEMO-2026-00700,2,Demo portfolio,2026-08-01T12:00:00+00:00,0.0,B
Jordan Lane · Demo 701,,homeowner701@example.com,202-555-0100,HomeGuard Demo Agency,2026-09-15,Individual,,800 Example Lane,Sample City,PA,01700,Sample County,Owner-occupied,Yes,Detached single family,1,1953,1650,2,Frame,Slab,No,,No,16,No,No,,,15,Slate,Hip,Fair,2011.0,1,No,DEMO-ONLY/701/roof_verification,Copper,Circuit breakers,,200,Copper,,3,Garage,Central gas,,No,No,No,,No,Yes,Yes,None,None,No,No,No,0.9,150,,Yes,Yes,No,No,No,No,,9,9,X,,No,No,No,,HO-5,766730,705000,70500,423000,141000,500000,5000,2500,2,No,No,No,No,In force,No,Example Mutual (synthetic),,0,No,,1,0,93179,0,"Synthetic loss-run example: 1 claim(s), 0 open; total paid $93,179. Not a real claims report.",Verified,Verified,Verified,Not checked,Verified,DEMO-ONLY/701/property_verification,DEMO-ONLY/701/claims_verification,,DEMO-ONLY/701/replacement_cost_verification,Synthetic evidence scenario,2026-09-15,,No,Yes,Yes,Yes,,DEMO-2026-00701,2,Demo portfolio,2026-09-05T12:00:00+00:00,0.13216879432624112,B
Taylor Lane · Demo 702,,homeowner702@example.com,202-555-0100,HomeGuard Demo Agency,2026-09-15,Individual,,801 Example Lane,Sample City,RI,01701,Sample County,Owner-occupied,Yes,Detached single family,1,1973,3250,2,Masonry veneer,Slab,No,,No,18,No,No,,,13,Tile,Gable,Good,2013.0,1,No,DEMO-ONLY/702/roof_verification,Copper,Circuit breakers,,200,Copper,,2,Garage,Central gas,,No,No,No,,No,Yes,Yes,None,None,No,No,No,3.5,800,,No,No,No,No,No,No,,0,14,X,,No,No,No,,HO-3,478276,499000,49900,299400,99800,500000,5000,2500,2,No,No,No,No,In force,No,Example Mutual (synthetic),,0,No,,0,0,0,0,,Verified,Verified,Verified,Verified,Verified,DEMO-ONLY/702/property_verification,DEMO-ONLY/702/claims_verification,DEMO-ONLY/702/hazard_verification,DEMO-ONLY/702/replacement_cost_verification,Synthetic evidence scenario,2026-09-15,,No,Yes,Yes,Yes,,DEMO-2026-00702,2,Demo portfolio,2026-07-25T12:00:00+00:00,0.0,A
Sam Lane · Demo 703,,homeowner703@example.com,202-555-0100,HomeGuard Demo Agency,2026-09-15,Individual,,802 Example Lane,Sample City,SC,01702,Sample County,Owner-occupied,Yes,Detached single family,1,1959,3000,1,Masonry veneer,Crawl space,No,,No,4,No,No,,,3,Metal,Mixed,Good,2023.0,1,No,DEMO-ONLY/703/roof_verification,Copper,Circuit breakers,,200,Copper,,13,Garage,Central gas,,No,No,No,,No,Yes,Yes,None,None,No,No,No,0.9,750,,No,No,No,No,No,No,,9,47,X,,No,No,Yes,,HO-5,626523,666000,66600,399600,133200,500000,5000,2500,2,No,No,No,No,In force,No,Example Mutual (synthetic),,0,No,,0,0,0,0,,Verified,Verified,Verified,Verified,Verified,DEMO-ONLY/703/property_verification,DEMO-ONLY/703/claims_verification,DEMO-ONLY/703/hazard_verification,DEMO-ONLY/703/replacement_cost_verification,Synthetic evidence scenario,2026-09-15,,No,Yes,Yes,Yes,,DEMO-2026-00703,2,Demo portfolio,2026-08-03T12:00:00+00:00,0.0,B
Alex Ellis · Demo 704,,homeowner704@example.com,202-555-0100,HomeGuard Demo Agency,2026-09-15,Individual,,803 Example Lane,Sample City,SD,01703,Sample County,Owner-occupied,Yes,Detached single family,1,1964,3400,2,Solid masonry,Basement,No,,No,4,No,No,,,16,Metal,Mixed,Good,2010.0,1,No,DEMO-ONLY/704/roof_verification,Copper,Circuit breakers,,200,Copper,,7,Garage,Heat pump,,No,No,No,,No,Yes,Yes,None,None,No,No,No,2.0,400,,No,No,No,No,No,No,,43,46,X,,No,No,No,,HO-3,1592120,1403000,140300,841800,280600,300000,5000,1000,2,No,No,No,No,In force,No,Example Mutual (synthetic),,0,Yes,,0,0,0,0,,Verified,Verified,Verified,Verified,Verified,DEMO-ONLY/704/property_verification,DEMO-ONLY/704/claims_verification,DEMO-ONLY/704/hazard_verification,DEMO-ONLY/704/replacement_cost_verification,Synthetic evidence scenario,2026-09-15,,No,Yes,Yes,Yes,,DEMO-2026-00704,2,Demo portfolio,2026-07-30T12:00:00+00:00,0.0,B
Taylor Reed · Demo 705,,homeowner705@example.com,202-555-0100,HomeGuard Demo Agency,2026-09-15,Individual,,804 Example Lane,Sample City,TN,01704,Sample County,Owner-occupied,Yes,Detached single family,1,1973,1400,1,Solid masonry,Slab,No,,No,17,No,No,,,3,Metal,Gable,Good,2023.0,1,No,DEMO-ONLY/705/roof_verification,Copper,Circuit breakers,,200,PEX / PVC / CPVC,,11,Garage,Heat pump,,No,No,No,,No,Yes,Yes,None,None,No,No,No,1.9,750,,No,No,No,No,No,No,,0,38,X,,No,No,No,,HO-3,1052917,1184000,118400,710400,236800,100000,5000,2500,2,No,No,No,No,In force,No,Example Mutual (synthetic),,0,No,,1,0,42424,0,"Synthetic loss-run example: 1 claim(s), 0 open; total paid $42,424. Not a real claims report.",Verified,Verified,Verified,Verified,Verified,DEMO-ONLY/705/property_verification,DEMO-ONLY/705/claims_verification,DEMO-ONLY/705/hazard_verification,DEMO-ONLY/705/replacement_cost_verification,Synthetic evidence scenario,2026-09-15,,No,Yes,Yes,Yes,,DEMO-2026-00705,2,Demo portfolio,2026-09-02T12:00:00+00:00,0.03583108108108108,A
Morgan Parker · Demo 706,,homeowner706@example.com,202-555-0100,HomeGuard Demo Agency,2026-09-15,Individual,,805 Example Lane,Sample City,TX,01705,Sample County,Owner-occupied,Yes,Detached single family,1,1999,5400,3,Masonry veneer,Crawl space,No,,No,11,No,No,,,4,Slate,Hip,Fair,2022.0,1,No,DEMO-ONLY/706/roof_verification,Copper,Circuit breakers,,200,PEX / PVC / CPVC,,9,Garage,Central gas,,No,No,No,,No,Yes,Yes,None,None,No,No,No,2.2,600,,No,No,No,No,No,No,,35,2,X,,No,No,No,,HO-3,1137515,1279000,127900,767400,255800,500000,5000,1000,2,No,No,No,No,In force,No,Example Mutual (synthetic),,0,No,,0,0,0,0,,Verified,Verified,Verified,Verified,Verified,DEMO-ONLY/706/property_verification,DEMO-ONLY/706/claims_verification,DEMO-ONLY/706/hazard_verification,DEMO-ONLY/706/replacement_cost_verification,Synthetic evidence scenario,2026-09-15,,No,Yes,Yes,Yes,,DEMO-2026-00706,2,Demo portfolio,2026-08-30T12:00:00+00:00,0.0,A
Morgan Brooks · Demo 707,,homeowner707@example.com,202-555-0100,HomeGuard Demo Agency,2026-09-15,Individual,,806 Example Lane,Sample City,UT,01706,Sample County,Owner-occupied,Yes,Detached single family,1,1958,5250,1,Solid masonry,Slab,No,,No,6,No,No,,,16,Architectural shingle,Mixed,Fair,2010.0,1,No,DEMO-ONLY/707/roof_verification,Copper,Circuit breakers,,200,Copper,,12,Garage,Central electric,,Yes,No,No,,No,Yes,Yes,None,None,No,No,No,0.2,350,,No,No,No,No,No,No,,14,33,X,,No,No,No,,HO-5,725369,671000,67100,402600,134200,100000,5000,1000,2,No,No,No,No,In force,No,Example Mutual (synthetic),,0,No,,0,0,0,0,,Verified,Verified,Verified,Verified,Verified,DEMO-ONLY/707/property_verification,DEMO-ONLY/707/claims_verification,DEMO-ONLY/707/hazard_verification,DEMO-ONLY/707/replacement_cost_verification,Synthetic evidence scenario,2026-09-15,,No,Yes,Yes,Yes,,DEMO-2026-00707,2,Demo portfolio,2026-08-16T12:00:00+00:00,0.0,B
Taylor Lane · Demo 708,,homeowner708@example.com,202-555-0100,HomeGuard Demo Agency,2026-09-15,Individual,,807 Example Lane,Sample City,VT,01707,Sample County,Owner-occupied,Yes,Detached single family,1,2006,2650,3,Frame,Slab,No,,No,11,No,No,,,9,Slate,Mixed,Fair,2017.0,1,No,DEMO-ONLY/708/roof_verification,Copper,Circuit breakers,,200,PEX / PVC / CPVC,,10,Garage,Central gas,,No,No,No,,No,Yes,Yes,None,None,No,No,No,1.1,200,,Yes,Yes,No,No,No,No,,4,39,X,,No,No,No,,HO-3,496025,470000,47000,282000,94000,300000,5000,2500,2,No,No,No,No,In force,No,Example Mutual (synthetic),,0,No,,0,0,0,0,,Verified,Verified,Verified,Verified,Verified,DEMO-ONLY/708/property_verification,DEMO-ONLY/708/claims_verification,DEMO-ONLY/708/hazard_verification,DEMO-ONLY/708/replacement_cost_verification,Synthetic evidence scenario,2026-09-15,,No,Yes,Yes,Yes,,DEMO-2026-00708,2,Demo portfolio,2026-09-03T12:00:00+00:00,0.0,A
Morgan Ellis · Demo 709,,homeowner709@example.com,202-555-0100,HomeGuard Demo Agency,2026-09-15,Individual,,808 Example Lane,Sample City,VA,01708,Sample County,Owner-occupied,Yes,Detached single family,1,1988,3100,3,Masonry veneer,Crawl space,No,,No,5,No,No,,,7,Slate,Mixed,Fair,2019.0,1,No,DEMO-ONLY/709/roof_verification,Copper,Circuit breakers,,200,Copper,,4,Garage,Heat pump,,No,No,No,,No,Yes,Yes,None,None,No,No,No,0.3,150,,No,No,No,No,No,No,,33,42,X,,No,No,No,,HO-3,973223,1061000,106100,636600,212200,300000,5000,5000,2,No,No,No,No,In force,No,Example Mutual (synthetic),,0,No,,1,0,191488,0,"Synthetic loss-run example: 1 claim(s), 0 open; total paid $191,488. Not a real claims report.",Verified,Verified,Verified,Verified,Verified,DEMO-ONLY/709/property_verification,DEMO-ONLY/709/claims_verification,DEMO-ONLY/709/hazard_verification,DEMO-ONLY/709/replacement_cost_verification,Synthetic evidence scenario,2026-09-15,,No,Yes,Yes,Yes,,DEMO-2026-00709,2,Demo portfolio,2026-08-18T12:00:00+00:00,0.18047879359095192,A
Morgan Brooks · Demo 710,,homeowner710@example.com,202-555-0100,HomeGuard Demo Agency,2026-09-15,Individual,,809 Example Lane,Sample City,WA,01709,Sample County,Owner-occupied,Yes,Detached single family,1,2020,2600,3,Masonry veneer,Crawl space,No,,No,44,No,No,,,5,Architectural shingle,Hip,Good,2021.0,1,No,DEMO-ONLY/710/roof_verification,Copper,Circuit breakers,,200,PEX / PVC / CPVC,,13,Garage,Heat pump,,No,No,No,,No,Yes,Yes,None,None,No,No,No,1.6,900,,No,No,No,No,No,No,,1,14,X,,No,No,No,,HO-5,434862,452000,45200,271200,90400,500000,5000,2500,2,No,No,No,No,In force,No,Example Mutual (synthetic),,0,No,,0,0,0,0,,Verified,Verified,Verified,Verified,Verified,DEMO-ONLY/710/property_verification,DEMO-ONLY/710/claims_verification,DEMO-ONLY/710/hazard_verification,DEMO-ONLY/710/replacement_cost_verification,Synthetic evidence scenario,2026-09-15,,No,Yes,Yes,Yes,,DEMO-2026-00710,2,Demo portfolio,2026-07-22T12:00:00+00:00,0.0,B
Morgan Lane · Demo 711,,homeowner711@example.com,202-555-0100,HomeGuard Demo Agency,2026-09-15,Individual,,810 Example Lane,Sample City,WV,01710,Sample County,Owner-occupied,Yes,Detached single family,1,1998,2300,1,Solid masonry,Crawl space,No,,No,9,No,No,,,13,Architectural shingle,Gable,Fair,2013.0,1,No,DEMO-ONLY/711/roof_verification,Copper,Circuit breakers,,200,Copper,,10,Garage,Central gas,,No,No,No,,No,Yes,Yes,None,None,No,No,No,0.4,700,,No,No,No,No,No,No,,37,26,X,,No,No,No,,HO-5,977652,1181000,118100,708600,236200,100000,5000,2500,2,No,No,No,No,In force,No,Example Mutual (synthetic),,0,No,,0,0,0,0,,Verified,Verified,Verified,Not checked,Verified,DEMO-ONLY/711/property_verification,DEMO-ONLY/711/claims_verification,,DEMO-ONLY/711/replacement_cost_verification,Synthetic evidence scenario,2026-09-15,,No,Yes,Yes,Yes,,DEMO-2026-00711,2,Demo portfolio,2026-08-24T12:00:00+00:00,0.0,B
Alex Hayes · Demo 712,,homeowner712@example.com,202-555-0100,HomeGuard Demo Agency,2026-09-15,Individual,,811 Example Lane,Sample City,WI,01711,Sample County,Owner-occupied,Yes,Detached single family,1,2010,2400,2,Frame,Slab,No,,No,2,No,No,,,9,Metal,Mixed,Good,2017.0,1,No,DEMO-ONLY/712/roof_verification,Copper,Circuit breakers,,200,Copper,,3,Garage,Central gas,,No,No,No,,No,Yes,Yes,None,None,No,No,No,4.5,200,,Yes,Yes,Yes,No,No,No,,33,47,X,,No,No,No,,HO-5,472600,550000,55000,330000,110000,100000,5000,5000,2,No,No,No,No,In force,No,Example Mutual (synthetic),,0,No,,0,0,0,0,,Verified,Verified,Verified,Verified,Verified,DEMO-ONLY/712/property_verification,DEMO-ONLY/712/claims_verification,DEMO-ONLY/712/hazard_verification,DEMO-ONLY/712/replacement_cost_verification,Synthetic evidence scenario,2026-09-15,,No,Yes,Yes,Yes,,DEMO-2026-00712,2,Demo portfolio,2026-08-24T12:00:00+00:00,0.0,B
Jordan Reed · Demo 713,,homeowner713@example.com,202-555-0100,HomeGuard Demo Agency,2026-09-15,Individual,,812 Example Lane,Sample City,WY,01712,Sample County,Owner-occupied,Yes,Detached single family,1,1958,2800,2,Frame,Crawl space,No,,No,5,No,No,,,11,Tile,Hip,Fair,2015.0,1,No,DEMO-ONLY/713/roof_verification,Copper,Circuit breakers,,200,PEX / PVC / CPVC,,10,Garage,Central electric,,No,No,No,,No,Yes,Yes,None,None,No,No,No,1.2,650,,No,No,No,No,No,No,,38,24,X,,No,No,No,,HO-3,1134229,1024000,102400,614400,204800,500000,5000,2500,2,No,No,No,No,In force,No,Example Mutual (synthetic),,0,No,,1,0,10000,1,"Synthetic loss-run example: 1 claim(s), 1 open; total paid $10,000. Not a real claims report.",Verified,Verified,Verified,Verified,Verified,DEMO-ONLY/713/property_verification,DEMO-ONLY/713/claims_verification,DEMO-ONLY/713/hazard_verification,DEMO-ONLY/713/replacement_cost_verification,Synthetic evidence scenario,2026-09-15,,No,Yes,Yes,Yes,,DEMO-2026-00713,2,Demo portfolio,2026-09-06T12:00:00+00:00,0.009765625,F
Taylor Reed · Demo 714,,homeowner714@example.com,202-555-0100,HomeGuard Demo Agency,2026-09-15,Individual,,813 Example Lane,Sample City,DC,01713,Sample County,Owner-occupied,Yes,Detached single family,1,1960,5150,2,Masonry veneer,Crawl space,No,,No,14,No,No,,,28,Slate,Mixed,Poor,,1,No,DEMO-ONLY/714/roof_verification,Copper,Circuit breakers,,200,Copper,,10,Garage,Central electric,,No,No,No,,No,Yes,Yes,None,None,No,No,No,0.4,750,,No,No,No,No,No,No,,42,34,X,,No,No,No,,HO-5,1389281,1344000,134400,806400,268800,500000,5000,1000,2,No,No,No,No,In force,No,Example Mutual (synthetic),,0,No,,0,0,0,0,,Verified,Verified,Verified,Verified,Verified,DEMO-ONLY/714/property_verification,DEMO-ONLY/714/claims_verification,DEMO-ONLY/714/hazard_verification,DEMO-ONLY/714/replacement_cost_verification,Synthetic evidence scenario,2026-09-15,,No,Yes,Yes,Yes,,DEMO-2026-00714,2,Demo portfolio,2026-07-18T12:00:00+00:00,0.0,F
Morgan Lane · Demo 715,,homeowner715@example.com,202-555-0100,HomeGuard Demo Agency,2026-09-15,Individual,,814 Example Lane,Sample City,AL,01714,Sample County,Owner-occupied,Yes,Detached single family,1,2016,2950,3,Solid masonry,Slab,No,,No,5,No,No,,,5,Tile,Hip,Good,2021.0,1,No,DEMO-ONLY/715/roof_verification,Copper,Circuit breakers,,200,PEX / PVC / CPVC,,9,Garage,Central electric,,No,No,No,,No,Yes,Yes,None,None,No,No,No,1.1,200,,Yes,Yes,No,No,No,No,,37,44,X,,No,No,No,,HO-3,981884,1038000,103800,622800,207600,300000,5000,1000,2,No,No,No,No,In force,No,Example Mutual (synthetic),,0,No,,0,0,0,0,,Verified,Verified,Verified,Verified,Verified,DEMO-ONLY/715/property_verification,DEMO-ONLY/715/claims_verification,DEMO-ONLY/715/hazard_verification,DEMO-ONLY/715/replacement_cost_verification,Synthetic evidence scenario,2026-09-15,,No,Yes,Yes,Yes,,DEMO-2026-00715,2,Demo portfolio,2026-08-22T12:00:00+00:00,0.0,A
Morgan Ellis · Demo 716,,homeowner716@example.com,202-555-0100,HomeGuard Demo Agency,2026-09-15,Individual,,815 Example Lane,Sample City,AK,01715,Sample County,Owner-occupied,Yes,Detached single family,1,1957,2400,3,Frame,Basement,No,,No,0,No,No,,,16,Architectural shingle,Mixed,Fair,2010.0,1,No,DEMO-ONLY/716/roof_verification,Copper,Circuit breakers,,200,PEX / PVC / CPVC,,4,Garage,Central electric,,No,No,No,,No,Yes,Yes,None,None,No,No,No,0.3,650,,No,No,No,No,No,No,,1,30,X,,No,No,No,,HO-3,700449,820000,82000,492000,164000,100000,5000,5000,2,No,No,No,No,In force,No,Example Mutual (synthetic),,0,No,,1,0,328634,0,"Synthetic loss-run example: 1 claim(s), 0 open; total paid $328,634. Not a real claims report.",Verified,Verified,Verified,Verified,Verified,DEMO-ONLY/716/property_verification,DEMO-ONLY/716/claims_verification,DEMO-ONLY/716/hazard_verification,DEMO-ONLY/716/replacement_cost_verification,Synthetic evidence scenario,2026-09-15,,No,Yes,Yes,Yes,,DEMO-2026-00716,2,Demo portfolio,2026-09-02T12:00:00+00:00,0.4007731707317073,B
Sam Brooks · Demo 717,,homeowner717@example.com,202-555-0100,HomeGuard Demo Agency,2026-09-15,Individual,,816 Example Lane,Sample City,AZ,01716,Sample County,Owner-occupied,Yes,Detached single family,1,1959,2350,1,Frame,Slab,No,,No,3,No,No,,,2,Metal,Mixed,Fair,2024.0,1,No,DEMO-ONLY/717/roof_verification,Copper,Circuit breakers,,200,Copper,,13,Garage,Central gas,,No,No,No,,No,Yes,Yes,None,None,No,No,No,2.5,750,,No,No,No,No,No,No,,18,36,X,,No,No,No,,HO-5,1057692,1083000,108300,649800,216600,300000,5000,2500,2,No,No,No,No,In force,No,Example Mutual (synthetic),,0,No,,1,0,151638,0,"Synthetic loss-run example: 1 claim(s), 0 open; total paid $151,638. Not a real claims report.",Verified,Verified,Verified,Verified,Verified,DEMO-ONLY/717/property_verification,DEMO-ONLY/717/claims_verification,DEMO-ONLY/717/hazard_verification,DEMO-ONLY/717/replacement_cost_verification,Synthetic evidence scenario,2026-09-15,,No,Yes,Yes,Yes,,DEMO-2026-00717,2,Demo portfolio,2026-08-02T12:00:00+00:00,0.14001662049861496,A
Jordan Ellis · Demo 718,,homeowner718@example.com,202-555-0100,HomeGuard Demo Agency,2026-09-15,Individual,,817 Example Lane,Sample City,AR,01717,Sample County,Owner-occupied,Yes,Detached single family,1,1958,3500,1,Frame,Slab,No,,No,3,No,No,,,4,Metal,Mixed,Good,2022.0,1,No,DEMO-ONLY/718/roof_verification,Copper,Circuit breakers,,200,PEX / PVC / CPVC,,14,Garage,Central gas,,No,No,No,,No,Yes,Yes,None,None,No,No,No,0.2,800,,No,No,No,No,No,No,,59,2,X,,No,No,No,,HO-5,1158059,1316000,131600,789600,263200,100000,5000,5000,2,No,No,No,No,In force,No,Example Mutual (synthetic),,0,No,,0,0,0,0,,Verified,Verified,Verified,Verified,Verified,DEMO-ONLY/718/property_verification,DEMO-ONLY/718/claims_verification,DEMO-ONLY/718/hazard_verification,DEMO-ONLY/718/replacement_cost_verification,Synthetic evidence scenario,2026-09-15,,No,Yes,Yes,Yes,,DEMO-2026-00718,2,Demo portfolio,2026-08-15T12:00:00+00:00,0.0,B
Sam Parker · Demo 719,,homeowner719@example.com,202-555-0100,HomeGuard Demo Agency,2026-09-15,Individual,,818 Example Lane,Sample City,CA,01718,Sample County,Seasonal,Yes,Detached single family,1,1970,3500,2,Masonry veneer,Basement,No,,No,9,No,No,,,7,Tile,Mixed,Fair,2019.0,1,No,DEMO-ONLY/719/roof_verification,Copper,Circuit breakers,,200,PEX / PVC / CPVC,,1,Garage,Central gas,,No,No,No,,No,Yes,Yes,None,None,No,No,No,1.9,250,,No,No,No,No,No,No,,25,18,X,,No,No,No,,HO-5,722254,779000,77900,467400,155800,500000,5000,2500,2,No,No,No,No,In force,No,Example Mutual (synthetic),,0,No,,0,0,0,0,,Verified,Verified,Verified,Verified,Verified,DEMO-ONLY/719/property_verification,DEMO-ONLY/719/claims_verification,DEMO-ONLY/719/hazard_verification,DEMO-ONLY/719/replacement_cost_verification,Synthetic evidence scenario,2026-09-15,,No,Yes,Yes,Yes,,DEMO-2026-00719,2,Demo portfolio,2026-09-12T12:00:00+00:00,0.0,B
Alex Brooks · Demo 720,,homeowner720@example.com,202-555-0100,HomeGuard Demo Agency,2026-09-15,Individual,,819 Example Lane,Sample City,CO,01719,Sample County,Owner-occupied,Yes,Detached single family,1,2012,4050,1,Solid masonry,Basement,No,,No,7,No,No,,,14,Tile,Hip,Fair,2012.0,1,No,DEMO-ONLY/720/roof_verification,Copper,Circuit breakers,,200,PEX / PVC / CPVC,,2,Garage,Central gas,,No,No,No,,No,Yes,Yes,None,None,No,No,No,2.0,850,,No,No,No,No,No,No,,8,18,X,,No,No,No,,HO-3,1275128,1255000,125500,753000,251000,500000,5000,5000,2,No,No,No,No,In force,No,Example Mutual (synthetic),,0,No,,0,0,0,0,,Verified,Verified,Verified,Verified,Verified,DEMO-ONLY/720/property_verification,DEMO-ONLY/720/claims_verification,DEMO-ONLY/720/hazard_verification,DEMO-ONLY/720/replacement_cost_verification,Synthetic evidence scenario,2026-09-15,,No,Yes,Yes,Yes,,DEMO-2026-00720,2,Demo portfolio,2026-08-01T12:00:00+00:00,0.0,A
Casey Parker · Demo 721,,homeowner721@example.com,202-555-0100,HomeGuard Demo Agency,2026-09-15,Individual,,820 Example Lane,Sample City,CT,01720,Sample County,Owner-occupied,Yes,Detached single family,1,1998,1650,2,Solid masonry,Basement,No,,No,18,No,No,,,14,Slate,Mixed,Good,2012.0,1,No,DEMO-ONLY/721/roof_verification,Copper,Circuit breakers,,200,Copper,,8,Garage,Central gas,,No,No,No,,No,Yes,Yes,None,None,No,No,No,2.1,300,,No,No,No,No,No,No,,13,23,X,,No,No,No,,HO-3,222721,231000,23100,138600,46200,100000,5000,1000,2,No,No,No,No,In force,No,Example Mutual (synthetic),,0,No,,1,0,3698,0,"Synthetic loss-run example: 1 claim(s), 0 open; total paid $3,698. Not a real claims report.",Verified,Verified,Verified,Not checked,Verified,DEMO-ONLY/721/property_verification,DEMO-ONLY/721/claims_verification,,DEMO-ONLY/721/replacement_cost_verification,Synthetic evidence scenario,2026-09-15,,No,Yes,Yes,Yes,,DEMO-2026-00721,2,Demo portfolio,2026-09-15T12:00:00+00:00,0.01600865800865801,B
Jordan Parker · Demo 722,,homeowner722@example.com,202-555-0100,HomeGuard Demo Agency,2026-09-15,Individual,,821 Example Lane,Sample City,DE,01721,Sample County,Owner-occupied,Yes,Detached single family,1,1981,3650,2,Frame,Crawl space,No,,No,4,No,No,,,16,Tile,Gable,Good,2010.0,1,No,DEMO-ONLY/722/roof_verification,Copper,Circuit breakers,,200,PEX / PVC / CPVC,,7,Garage,Central gas,,No,No,No,,No,Yes,Yes,None,None,No,No,No,2.6,900,,Yes,No,No,No,No,No,,26,33,X,,No,No,No,,HO-5,1228705,1323000,132300,793800,264600,500000,5000,2500,2,No,No,No,No,In force,No,Example Mutual (synthetic),,0,No,,0,0,0,0,,Verified,Verified,Verified,Verified,Verified,DEMO-ONLY/722/property_verification,DEMO-ONLY/722/claims_verification,DEMO-ONLY/722/hazard_verification,DEMO-ONLY/722/replacement_cost_verification,Synthetic evidence scenario,2026-09-15,,No,Yes,Yes,Yes,,DEMO-2026-00722,2,Demo portfolio,2026-08-10T12:00:00+00:00,0.0,B
Taylor Ellis · Demo 723,,homeowner723@example.com,202-555-0100,HomeGuard Demo Agency,2026-09-15,Individual,,822 Example Lane,Sample City,FL,01722,Sample County,Owner-occupied,Yes,Detached single family,1,1952,1800,2,Solid masonry,Crawl space,No,,No,4,No,No,,,10,Tile,Mixed,Fair,2016.0,1,No,DEMO-ONLY/723/roof_verification,Copper,Circuit breakers,,200,Copper,,13,Garage,Heat pump,,No,No,No,,No,Yes,Yes,None,None,No,No,No,3.7,250,,No,No,No,No,No,No,,49,35,X,,No,No,No,,HO-5,693618,769000,76900,461400,153800,100000,5000,1000,2,No,No,No,No,In force,No,Example Mutual (synthetic),,0,No,,0,0,0,0,,Verified,Verified,Verified,Verified,Verified,DEMO-ONLY/723/property_verification,DEMO-ONLY/723/claims_verification,DEMO-ONLY/723/hazard_verification,DEMO-ONLY/723/replacement_cost_verification,Synthetic evidence scenario,2026-09-15,,No,Yes,Yes,Yes,,DEMO-2026-00723,2,Demo portfolio,2026-08-01T12:00:00+00:00,0.0,A
Casey Lane · Demo 724,,homeowner724@example.com,202-555-0100,HomeGuard Demo Agency,2026-09-15,Individual,,823 Example Lane,Sample City,GA,01723,Sample County,Owner-occupied,Yes,Detached single family,1,1954,4450,2,Frame,Slab,No,,No,9,No,No,,,6,Architectural shingle,Gable,Good,2020.0,1,No,DEMO-ONLY/724/roof_verification,Copper,Circuit breakers,,200,Polybutylene,,10,Garage,Central gas,,No,No,No,,No,Yes,Yes,None,None,No,No,No,2.6,350,,No,No,No,No,No,No,,42,21,X,,No,No,No,,HO-5,522883,488000,48800,292800,97600,300000,5000,5000,2,No,No,No,No,In force,No,Example Mutual (synthetic),,0,No,,0,0,0,0,,Verified,Verified,Verified,Verified,Verified,DEMO-ONLY/724/property_verification,DEMO-ONLY/724/claims_verification,DEMO-ONLY/724/hazard_verification,DEMO-ONLY/724/replacement_cost_verification,Synthetic evidence scenario,2026-09-15,,No,Yes,Yes,Yes,,DEMO-2026-00724,2,Demo portfolio,2026-07-22T12:00:00+00:00,0.0,B
Morgan Ellis · Demo 725,,homeowner725@example.com,202-555-0100,HomeGuard Demo Agency,2026-09-15,Individual,,824 Example Lane,Sample City,HI,01724,Sample County,Owner-occupied,Yes,Detached single family,1,1995,1200,1,Frame,Crawl space,No,,No,6,No,No,,,9,Slate,Hip,Fair,2017.0,1,No,DEMO-ONLY/725/roof_verification,Copper,Circuit breakers,,200,Copper,,13,Garage,Central gas,,No,No,No,,No,Yes,Yes,None,None,No,No,No,0.1,500,,No,No,No,No,No,No,,37,20,X,,No,No,No,,HO-3,1294911,1151000,115100,690600,230200,500000,5000,5000,2,No,No,No,No,In force,No,Example Mutual (synthetic),,0,No,,1,0,208013,0,"Synthetic loss-run example: 1 claim(s), 0 open; total paid $208,013. Not a real claims report.",Verified,Verified,Verified,Verified,Verified,DEMO-ONLY/725/property_verification,DEMO-ONLY/725/claims_verification,DEMO-ONLY/725/hazard_verification,DEMO-ONLY/725/replacement_cost_verification,Synthetic evidence scenario,2026-09-15,,No,Yes,Yes,Yes,,DEMO-2026-00725,2,Demo portfolio,2026-08-28T12:00:00+00:00,0.18072371850564725,A
Alex Ellis · Demo 726,,homeowner726@example.com,202-555-0100,HomeGuard Demo Agency,2026-09-15,Individual,,825 Example Lane,Sample City,ID,01725,Sample County,Owner-occupied,Yes,Detached single family,1,1992,4850,2,Masonry veneer,Crawl space,No,,No,3,No,No,,,14,Architectural shingle,Hip,Good,2012.0,1,No,DEMO-ONLY/726/roof_verification,Copper,Circuit breakers,,200,Copper,,3,Garage,Central gas,,No,No,No,,No,Yes,Yes,None,None,No,No,No,3.9,650,,No,No,No,No,No,No,,40,2,X,,No,No,No,,HO-3,651260,575000,57500,345000,115000,500000,5000,2500,2,No,No,No,No,In force,No,Example Mutual (synthetic),,0,No,,0,0,0,0,,Verified,Verified,Verified,Verified,Verified,DEMO-ONLY/726/property_verification,DEMO-ONLY/726/claims_verification,DEMO-ONLY/726/hazard_verification,DEMO-ONLY/726/replacement_cost_verification,Synthetic evidence scenario,2026-09-15,,No,Yes,Yes,Yes,,DEMO-2026-00726,2,Demo portfolio,2026-09-09T12:00:00+00:00,0.0,A
Taylor Hayes · Demo 727,,homeowner727@example.com,202-555-0100,HomeGuard Demo Agency,2026-09-15,Individual,,826 Example Lane,Sample City,IL,01726,Sample County,Owner-occupied,Yes,Detached single family,1,1965,3750,3,Frame,Basement,No,,No,1,No,No,,,7,Tile,Gable,Fair,2019.0,1,No,DEMO-ONLY/727/roof_verification,Copper,Circuit breakers,,200,Copper,,6,Garage,Central gas,,No,No,No,,No,Yes,Yes,None,None,No,No,No,2.1,450,,No,No,No,No,No,No,,44,47,X,,No,No,No,,HO-5,352077,366000,36600,219600,73200,100000,5000,2500,2,No,No,No,No,In force,No,Example Mutual (synthetic),,0,No,,0,0,0,0,,Verified,Verified,Verified,Verified,Verified,DEMO-ONLY/727/property_verification,DEMO-ONLY/727/claims_verification,DEMO-ONLY/727/hazard_verification,DEMO-ONLY/727/replacement_cost_verification,Synthetic evidence scenario,2026-09-15,,No,Yes,Yes,Yes,,DEMO-2026-00727,2,Demo portfolio,2026-07-28T12:00:00+00:00,0.0,A
Sam Hayes · Demo 728,,homeowner728@example.com,202-555-0100,HomeGuard Demo Agency,2026-09-15,Individual,,827 Example Lane,Sample City,IN,01727,Sample County,Owner-occupied,Yes,Detached single family,1,2008,2900,3,Solid masonry,Crawl space,No,,No,2,No,No,,,11,Architectural shingle,Gable,Fair,2015.0,1,No,DEMO-ONLY/728/roof_verification,Copper,Circuit breakers,,200,PEX / PVC / CPVC,,6,Garage,Heat pump,,No,No,No,,No,Yes,Yes,None,None,No,No,No,3.9,250,,No,No,No,No,No,No,,28,44,X,,No,No,No,,HO-5,680476,650000,65000,390000,130000,300000,5000,5000,2,No,No,No,No,In force,No,Example Mutual (synthetic),,0,No,,0,0,0,0,,Verified,Verified,Verified,Verified,Verified,DEMO-ONLY/728/property_verification,DEMO-ONLY/728/claims_verification,DEMO-ONLY/728/hazard_verification,DEMO-ONLY/728/replacement_cost_verification,Synthetic evidence scenario,2026-09-15,,No,Yes,Yes,Yes,,DEMO-2026-00728,2,Demo portfolio,2026-08-04T12:00:00+00:00,0.0,A
Jordan Lane · Demo 729,,homeowner729@example.com,202-555-0100,HomeGuard Demo Agency,2026-09-15,Individual,,828 Example Lane,Sample City,IA,01728,Sample County,Owner-occupied,Yes,Detached single family,1,1978,1350,1,Frame,Slab,No,,No,20,No,No,,,16,Architectural shingle,Gable,Fair,2010.0,1,No,DEMO-ONLY/729/roof_verification,Copper,Circuit breakers,,200,Copper,,3,Garage,Heat pump,,No,No,No,,No,Yes,Yes,None,None,No,No,No,1.7,450,,Yes,Yes,No,No,No,No,,47,41,X,,No,No,No,,HO-5,1098122,1285000,128500,771000,257000,300000,5000,1000,2,No,No,No,No,In force,No,Example Mutual (synthetic),,0,No,,1,0,121809,0,"Synthetic loss-run example: 1 claim(s), 0 open; total paid $121,809. Not a real claims report.",Verified,Verified,Verified,Verified,Verified,DEMO-ONLY/729/property_verification,DEMO-ONLY/729/claims_verification,DEMO-ONLY/729/hazard_verification,DEMO-ONLY/729/replacement_cost_verification,Synthetic evidence scenario,2026-09-15,,No,Yes,Yes,Yes,,DEMO-2026-00729,2,Demo portfolio,2026-09-05T12:00:00+00:00,0.09479299610894941,A
Taylor Reed · Demo 730,,homeowner730@example.com,202-555-0100,HomeGuard Demo Agency,2026-09-15,Individual,,829 Example Lane,Sample City,KS,01729,Sample County,Owner-occupied,Yes,Detached single family,1,1979,5050,3,Solid masonry,Crawl space,No,,No,5,No,No,,,8,Tile,Mixed,Fair,2018.0,1,No,DEMO-ONLY/730/roof_verification,Copper,Circuit breakers,,200,PEX / PVC / CPVC,,14,Garage,Central gas,,No,No,No,,No,Yes,Yes,None,None,No,No,No,3.5,100,,No,No,No,No,No,No,,90,49,X,,No,No,No,,HO-3,1474147,1486000,148600,891600,297200,100000,5000,5000,2,No,No,No,No,In force,No,Example Mutual (synthetic),,0,No,,0,0,0,0,,Verified,Verified,Verified,Verified,Verified,DEMO-ONLY/730/property_verification,DEMO-ONLY/730/claims_verification,DEMO-ONLY/730/hazard_verification,DEMO-ONLY/730/replacement_cost_verification,Synthetic evidence scenario,2026-09-15,,No,Yes,Yes,Yes,,DEMO-2026-00730,2,Demo portfolio,2026-09-09T12:00:00+00:00,0.0,F
Jordan Brooks · Demo 731,,homeowner731@example.com,202-555-0100,HomeGuard Demo Agency,2026-09-15,Individual,,830 Example Lane,Sample City,KY,01730,Sample County,Owner-occupied,Yes,Detached single family,1,1995,5250,3,Frame,Basement,No,,No,10,No,Yes,,,16,Slate,Mixed,Fair,2010.0,1,No,DEMO-ONLY/731/roof_verification,Copper,Circuit breakers,,200,PEX / PVC / CPVC,,6,Garage,Central electric,,No,No,No,,No,Yes,Yes,None,None,No,No,No,4.8,250,,No,No,No,No,No,No,,47,24,X,,No,No,No,,HO-3,897538,906000,90600,543600,181200,300000,5000,1000,2,No,No,No,No,In force,No,Example Mutual (synthetic),,0,No,,0,0,0,0,,Verified,Verified,Verified,Not checked,Verified,DEMO-ONLY/731/property_verification,DEMO-ONLY/731/claims_verification,,DEMO-ONLY/731/replacement_cost_verification,Synthetic evidence scenario,2026-09-15,,No,Yes,Yes,Yes,,DEMO-2026-00731,2,Demo portfolio,2026-08-03T12:00:00+00:00,0.0,B
Jordan Reed · Demo 732,,homeowner732@example.com,202-555-0100,HomeGuard Demo Agency,2026-09-15,Individual,,831 Example Lane,Sample City,LA,01731,Sample County,Owner-occupied,Yes,Detached single family,1,1982,3350,2,Masonry veneer,Slab,No,,Yes,5,No,No,,,8,Tile,Hip,Good,2018.0,1,No,DEMO-ONLY/732/roof_verification,Copper,Circuit breakers,,200,PEX / PVC / CPVC,,6,Garage,Central electric,,No,No,No,,No,Yes,Yes,None,None,No,No,No,1.9,750,,No,No,No,No,No,No,,12,4,X,,No,No,No,,HO-3,602412,575000,57500,345000,115000,100000,5000,5000,2,No,No,No,No,In force,No,Example Mutual (synthetic),,0,No,,0,0,0,0,,Verified,Verified,Verified,Verified,Verified,DEMO-ONLY/732/property_verification,DEMO-ONLY/732/claims_verification,DEMO-ONLY/732/hazard_verification,DEMO-ONLY/732/replacement_cost_verification,Synthetic evidence scenario,2026-09-15,,No,Yes,Yes,Yes,,DEMO-2026-00732,2,Demo portfolio,2026-08-22T12:00:00+00:00,0.0,B
Jordan Parker · Demo 733,,homeowner733@example.com,202-555-0100,HomeGuard Demo Agency,2026-09-15,Individual,,832 Example Lane,Sample City,ME,01732,Sample County,Owner-occupied,Yes,Detached single family,1,1975,3200,2,Frame,Crawl space,No,,No,8,No,No,,,11,Tile,Mixed,Fair,2015.0,1,No,DEMO-ONLY/733/roof_verification,Copper,Circuit breakers,,200,Copper,,8,Garage,Central gas,,No,No,No,,No,Yes,Yes,None,None,No,No,No,4.9,700,,No,No,No,No,No,No,,37,48,X,,No,No,No,,HO-5,364163,402000,40200,241200,80400,500000,5000,5000,2,No,No,No,No,In force,No,Example Mutual (synthetic),,0,No,,1,0,19048,0,"Synthetic loss-run example: 1 claim(s), 0 open; total paid $19,048. Not a real claims report.",Verified,Verified,Verified,Verified,Verified,DEMO-ONLY/733/property_verification,DEMO-ONLY/733/claims_verification,DEMO-ONLY/733/hazard_verification,DEMO-ONLY/733/replacement_cost_verification,Synthetic evidence scenario,2026-09-15,,No,Yes,Yes,Yes,,DEMO-2026-00733,2,Demo portfolio,2026-08-28T12:00:00+00:00,0.047383084577114425,A
Morgan Parker · Demo 734,,homeowner734@example.com,202-555-0100,HomeGuard Demo Agency,2026-09-15,Individual,,833 Example Lane,Sample City,MD,01733,Sample County,Owner-occupied,Yes,Detached single family,1,1960,1250,2,Frame,Basement,No,,No,12,No,No,,,33,Slate,Hip,Poor,,1,No,DEMO-ONLY/734/roof_verification,Copper,Circuit breakers,,200,Copper,,1,Garage,Central electric,,No,No,No,,No,Yes,Yes,None,None,No,No,No,4.2,400,,No,No,No,No,No,No,,8,48,X,,No,No,No,,HO-3,369699,326000,32600,195600,65200,100000,5000,1000,2,No,No,No,No,In force,No,Example Mutual (synthetic),,0,No,,0,0,0,0,,Verified,Verified,Verified,Verified,Verified,DEMO-ONLY/734/property_verification,DEMO-ONLY/734/claims_verification,DEMO-ONLY/734/hazard_verification,DEMO-ONLY/734/replacement_cost_verification,Synthetic evidence scenario,2026-09-15,,No,Yes,Yes,Yes,,DEMO-2026-00734,2,Demo portfolio,2026-09-11T12:00:00+00:00,0.0,F
Alex Lane · Demo 735,,homeowner735@example.com,202-555-0100,HomeGuard Demo Agency,2026-09-15,Individual,,834 Example Lane,Sample City,MA,01734,Sample County,Owner-occupied,Yes,Detached single family,1,1962,3500,2,Masonry veneer,Slab,No,,No,20,No,No,,,4,Metal,Gable,Fair,2022.0,1,No,DEMO-ONLY/735/roof_verification,Copper,Circuit breakers,,200,Copper,,4,Garage,Central gas,,No,No,No,,No,Yes,Yes,None,None,No,No,No,2.6,500,,No,No,No,No,No,No,,28,3,X,,No,No,No,,HO-3,897341,914000,91400,548400,182800,500000,5000,5000,2,No,No,No,No,In force,No,Example Mutual (synthetic),,0,No,,0,0,0,0,,Verified,Verified,Verified,Verified,Verified,DEMO-ONLY/735/property_verification,DEMO-ONLY/735/claims_verification,DEMO-ONLY/735/hazard_verification,DEMO-ONLY/735/replacement_cost_verification,Synthetic evidence scenario,2026-09-15,,No,Yes,Yes,Yes,,DEMO-2026-00735,2,Demo portfolio,2026-09-01T12:00:00+00:00,0.0,A
Morgan Hayes · Demo 736,,homeowner736@example.com,202-555-0100,HomeGuard Demo Agency,2026-09-15,Individual,,835 Example Lane,Sample City,MI,01735,Sample County,Owner-occupied,Yes,Detached single family,1,1981,1350,3,Solid masonry,Basement,No,,No,7,No,No,,,17,Architectural shingle,Hip,Fair,2009.0,1,No,DEMO-ONLY/736/roof_verification,Copper,Fuses,,200,PEX / PVC / CPVC,,4,Garage,Heat pump,,No,No,No,,No,Yes,Yes,None,None,No,No,No,2.3,600,,No,No,No,No,No,No,,28,5,X,,No,No,No,,HO-5,297535,353000,35300,211800,70600,500000,5000,1000,2,No,No,No,No,In force,No,Example Mutual (synthetic),,0,No,,0,0,0,0,,Verified,Verified,Verified,Verified,Verified,DEMO-ONLY/736/property_verification,DEMO-ONLY/736/claims_verification,DEMO-ONLY/736/hazard_verification,DEMO-ONLY/736/replacement_cost_verification,Synthetic evidence scenario,2026-09-15,,No,Yes,Yes,Yes,,DEMO-2026-00736,2,Demo portfolio,2026-08-27T12:00:00+00:00,0.0,B
Sam Reed · Demo 737,,homeowner737@example.com,202-555-0100,HomeGuard Demo Agency,2026-09-15,Individual,,836 Example Lane,Sample City,MN,01736,Sample County,Owner-occupied,Yes,Detached single family,1,1998,3400,2,Masonry veneer,Basement,No,,No,16,No,No,,,17,Metal,Hip,Fair,2009.0,1,No,DEMO-ONLY/737/roof_verification,Copper,Circuit breakers,,200,Copper,,5,Garage,Central electric,,No,No,No,,No,Yes,Yes,None,None,No,No,No,3.5,700,,No,No,No,No,No,No,,42,35,X,,No,No,No,,HO-3,407816,369000,36900,221400,73800,100000,5000,2500,2,No,No,No,No,In force,No,Example Mutual (synthetic),,0,No,,1,0,51775,0,"Synthetic loss-run example: 1 claim(s), 0 open; total paid $51,775. Not a real claims report.",Verified,Verified,Verified,Verified,Verified,DEMO-ONLY/737/property_verification,DEMO-ONLY/737/claims_verification,DEMO-ONLY/737/hazard_verification,DEMO-ONLY/737/replacement_cost_verification,Synthetic evidence scenario,2026-09-15,,No,Yes,Yes,Yes,,DEMO-2026-00737,2,Demo portfolio,2026-07-21T12:00:00+00:00,0.14031165311653115,A
Taylor Parker · Demo 738,,homeowner738@example.com,202-555-0100,HomeGuard Demo Agency,2026-09-15,Individual,,837 Example Lane,Sample City,MS,01737,Sample County,Owner-occupied,Yes,Detached single family,1,1987,3500,2,Masonry veneer,Crawl space,No,,No,20,No,No,,,15,Slate,Hip,Fair,2011.0,1,No,DEMO-ONLY/738/roof_verification,Copper,Circuit breakers,,200,Copper,,11,Garage,Central gas,,No,No,No,,No,Yes,Yes,None,None,No,No,No,0.2,450,,No,No,No,No,No,No,,24,12,X,,No,No,No,,HO-3,1007292,1005000,100500,603000,201000,300000,5000,1000,2,No,No,No,No,In force,No,Example Mutual (synthetic),,0,No,,0,0,0,0,,Verified,Verified,Verified,Verified,Verified,DEMO-ONLY/738/property_verification,DEMO-ONLY/738/claims_verification,DEMO-ONLY/738/hazard_verification,DEMO-ONLY/738/replacement_cost_verification,Synthetic evidence scenario,2026-09-15,,No,Yes,Yes,Yes,,DEMO-2026-00738,2,Demo portfolio,2026-08-22T12:00:00+00:00,0.0,A
Morgan Hayes · Demo 739,,homeowner739@example.com,202-555-0100,HomeGuard Demo Agency,2026-09-15,Individual,,838 Example Lane,Sample City,MO,01738,Sample County,Owner-occupied,Yes,Detached single family,1,2014,2100,3,Solid masonry,Crawl space,No,,No,5,No,No,,,12,Slate,Mixed,Fair,2014.0,1,No,DEMO-ONLY/739/roof_verification,Copper,Circuit breakers,,200,PEX / PVC / CPVC,,6,Garage,Central electric,,No,No,No,,No,Yes,Yes,None,None,No,No,No,2.9,200,,No,No,No,No,No,No,,33,1,X,,No,No,No,,HO-5,1579675,1384000,138400,830400,276800,100000,5000,1000,2,No,No,No,No,In force,No,Example Mutual (synthetic),,0,No,,0,0,0,0,,Verified,Verified,Verified,Verified,Verified,DEMO-ONLY/739/property_verification,DEMO-ONLY/739/claims_verification,DEMO-ONLY/739/hazard_verification,DEMO-ONLY/739/replacement_cost_verification,Synthetic evidence scenario,2026-09-15,,No,Yes,Yes,Yes,,DEMO-2026-00739,2,Demo portfolio,2026-08-31T12:00:00+00:00,0.0,A
Morgan Ellis · Demo 740,,homeowner740@example.com,202-555-0100,HomeGuard Demo Agency,2026-09-15,Individual,,839 Example Lane,Sample City,MT,01739,Sample County,Owner-occupied,Yes,Detached single family,1,2011,5000,1,Masonry veneer,Crawl space,No,,No,18,No,No,,,10,Architectural shingle,Hip,Good,2016.0,1,No,DEMO-ONLY/740/roof_verification,Copper,Circuit breakers,,200,Copper,,8,Garage,Central electric,,No,No,No,,No,Yes,Yes,None,None,No,No,No,2.1,750,,No,No,No,No,No,No,,14,100,X,,No,No,No,,HO-3,746927,881000,88100,528600,176200,100000,5000,1000,2,No,No,No,No,In force,No,Example Mutual (synthetic),,0,No,,0,0,0,0,,Verified,Verified,Verified,Verified,Verified,DEMO-ONLY/740/property_verification,DEMO-ONLY/740/claims_verification,DEMO-ONLY/740/hazard_verification,DEMO-ONLY/740/replacement_cost_verification,Synthetic evidence scenario,2026-09-15,,No,Yes,Yes,Yes,,DEMO-2026-00740,2,Demo portfolio,2026-08-20T12:00:00+00:00,0.0,F
Taylor Reed · Demo 741,,homeowner741@example.com,202-555-0100,HomeGuard Demo Agency,2026-09-15,Individual,,840 Example Lane,Sample City,NE,01740,Sample County,Owner-occupied,Yes,Detached single family,1,1957,3150,3,Masonry veneer,Basement,No,,No,13,No,No,,,10,Metal,Gable,Fair,2016.0,1,No,DEMO-ONLY/741/roof_verification,Copper,Circuit breakers,,200,PEX / PVC / CPVC,,11,Garage,Heat pump,,No,No,No,,No,Yes,Yes,None,None,No,No,No,2.1,500,,No,No,No,No,No,No,,39,18,X,,No,No,No,,HO-5,809032,893000,89300,535800,178600,300000,5000,2500,2,No,No,No,No,In force,No,Example Mutual (synthetic),,0,No,,1,0,47774,0,"Synthetic loss-run example: 1 claim(s), 0 open; total paid $47,774. Not a real claims report.",Verified,Verified,Verified,Not checked,Verified,DEMO-ONLY/741/property_verification,DEMO-ONLY/741/claims_verification,,DEMO-ONLY/741/replacement_cost_verification,Synthetic evidence scenario,2026-09-15,,No,Yes,Yes,Yes,,DEMO-2026-00741,2,Demo portfolio,2026-07-27T12:00:00+00:00,0.053498320268757,B
Casey Brooks · Demo 742,,homeowner742@example.com,202-555-0100,HomeGuard Demo Agency,2026-09-15,Individual,,841 Example Lane,Sample City,NV,01741,Sample County,Owner-occupied,Yes,Detached single family,1,2004,5450,1,Frame,Slab,No,,No,6,No,No,,,17,Metal,Gable,Good,2009.0,1,No,DEMO-ONLY/742/roof_verification,Copper,Circuit breakers,,200,PEX / PVC / CPVC,,3,Garage,Heat pump,,No,No,No,,No,Yes,Yes,None,None,No,No,No,1.4,750,,No,No,No,No,No,No,,38,22,X,,No,No,No,,HO-3,818357,873000,87300,523800,174600,300000,5000,2500,2,No,No,No,No,In force,No,Example Mutual (synthetic),,0,No,,0,0,0,0,,Verified,Verified,Verified,Verified,Verified,DEMO-ONLY/742/property_verification,DEMO-ONLY/742/claims_verification,DEMO-ONLY/742/hazard_verification,DEMO-ONLY/742/replacement_cost_verification,Synthetic evidence scenario,2026-09-15,,No,Yes,Yes,Yes,,DEMO-2026-00742,2,Demo portfolio,2026-08-02T12:00:00+00:00,0.0,A
Jordan Lane · Demo 743,,homeowner743@example.com,202-555-0100,HomeGuard Demo Agency,2026-09-15,Individual,,842 Example Lane,Sample City,NH,01742,Sample County,Owner-occupied,Yes,Detached single family,1,1986,1200,2,Frame,Crawl space,No,,No,13,No,No,,,16,Tile,Mixed,Fair,2010.0,1,No,DEMO-ONLY/743/roof_verification,Copper,Circuit breakers,,200,Copper,,1,Garage,Central gas,,No,No,No,,No,Yes,Yes,None,None,No,No,No,2.2,250,,Yes,Yes,Yes,No,No,No,,14,7,X,,No,No,No,,HO-3,1592652,1438000,143800,862800,287600,300000,5000,5000,2,No,No,No,No,In force,No,Example Mutual (synthetic),,0,No,,0,0,0,0,,Verified,Verified,Verified,Verified,Verified,DEMO-ONLY/743/property_verification,DEMO-ONLY/743/claims_verification,DEMO-ONLY/743/hazard_verification,DEMO-ONLY/743/replacement_cost_verification,Synthetic evidence scenario,2026-09-15,,No,Yes,Yes,Yes,,DEMO-2026-00743,2,Demo portfolio,2026-08-28T12:00:00+00:00,0.0,B
Sam Lane · Demo 744,,homeowner744@example.com,202-555-0100,HomeGuard Demo Agency,2026-09-15,Individual,,843 Example Lane,Sample City,NJ,01743,Sample County,Owner-occupied,Yes,Detached single family,1,2012,2550,3,Frame,Crawl space,No,,No,18,No,No,,,3,Tile,Gable,Good,2023.0,1,No,DEMO-ONLY/744/roof_verification,Copper,Circuit breakers,,200,PEX / PVC / CPVC,,8,Garage,Central electric,,No,No,No,,No,Yes,Yes,None,None,No,No,No,3.6,100,,No,No,No,No,No,No,,25,12,X,,No,No,No,,HO-5,1529616,1462000,146200,877200,292400,300000,5000,1000,2,No,No,No,No,In force,No,Example Mutual (synthetic),,0,No,,0,0,0,0,,Verified,Verified,Verified,Verified,Verified,DEMO-ONLY/744/property_verification,DEMO-ONLY/744/claims_verification,DEMO-ONLY/744/hazard_verification,DEMO-ONLY/744/replacement_cost_verification,Synthetic evidence scenario,2026-09-15,,No,Yes,Yes,Yes,,DEMO-2026-00744,2,Demo portfolio,2026-09-01T12:00:00+00:00,0.0,A
Alex Reed · Demo 745,,homeowner745@example.com,202-555-0100,HomeGuard Demo Agency,2026-09-15,Individual,,844 Example Lane,Sample City,NM,01744,Sample County,Owner-occupied,Yes,Detached single family,1,1988,1400,2,Masonry veneer,Basement,No,,No,6,No,No,,,9,Tile,Hip,Fair,2017.0,1,No,DEMO-ONLY/745/roof_verification,Copper,Circuit breakers,,200,PEX / PVC / CPVC,,4,Garage,Central gas,,No,No,No,,No,Yes,Yes,None,None,No,No,No,3.2,350,,No,No,No,No,No,No,,47,30,X,,No,No,No,,HO-3,954630,918000,91800,550800,183600,500000,5000,5000,2,No,No,No,No,In force,No,Example Mutual (synthetic),,0,No,,1,0,28842,0,"Synthetic loss-run example: 1 claim(s), 0 open; total paid $28,842. Not a real claims report.",Verified,Verified,Verified,Verified,Verified,DEMO-ONLY/745/property_verification,DEMO-ONLY/745/claims_verification,DEMO-ONLY/745/hazard_verification,DEMO-ONLY/745/replacement_cost_verification,Synthetic evidence scenario,2026-09-15,,No,Yes,Yes,Yes,,DEMO-2026-00745,2,Demo portfolio,2026-07-30T12:00:00+00:00,0.03141830065359477,A
Sam Lane · Demo 746,,homeowner746@example.com,202-555-0100,HomeGuard Demo Agency,2026-09-15,Individual,,845 Example Lane,Sample City,NY,01745,Sample County,Owner-occupied,Yes,Detached single family,1,1995,2900,2,Solid masonry,Crawl space,No,,No,14,No,No,,,14,Tile,Gable,Good,2012.0,1,No,DEMO-ONLY/746/roof_verification,Copper,Circuit breakers,,200,PEX / PVC / CPVC,,9,Garage,Central gas,,No,No,No,,No,Yes,Yes,None,None,No,No,No,3.7,750,,No,No,No,No,No,No,,21,31,X,,No,No,No,,HO-5,608888,660000,66000,396000,132000,100000,5000,2500,2,No,No,No,No,In force,No,Example Mutual (synthetic),,0,No,,0,0,0,0,,Verified,Verified,Verified,Verified,Verified,DEMO-ONLY/746/property_verification,DEMO-ONLY/746/claims_verification,DEMO-ONLY/746/hazard_verification,DEMO-ONLY/746/replacement_cost_verification,Synthetic evidence scenario,2026-09-15,,No,Yes,Yes,Yes,,DEMO-2026-00746,2,Demo portfolio,2026-09-03T12:00:00+00:00,0.0,A
Jordan Reed · Demo 747,,homeowner747@example.com,202-555-0100,HomeGuard Demo Agency,2026-09-15,Individual,,846 Example Lane,Sample City,NC,01746,Sample County,Owner-occupied,Yes,Detached single family,1,1989,2800,1,Solid masonry,Basement,No,,No,13,No,No,,,11,Slate,Hip,Good,2015.0,1,No,DEMO-ONLY/747/roof_verification,Copper,Circuit breakers,,200,Copper,,1,Garage,Central gas,,No,No,No,,No,Yes,Yes,None,None,No,No,No,2.8,400,,No,No,No,No,No,No,,8,17,X,,No,No,No,,HO-5,789593,864000,86400,518400,172800,300000,5000,5000,2,No,No,No,No,In force,No,Example Mutual (synthetic),,0,No,,0,0,0,0,,Verified,Verified,Verified,Verified,Verified,DEMO-ONLY/747/property_verification,DEMO-ONLY/747/claims_verification,DEMO-ONLY/747/hazard_verification,DEMO-ONLY/747/replacement_cost_verification,Synthetic evidence scenario,2026-09-15,,No,Yes,Yes,Yes,,DEMO-2026-00747,2,Demo portfolio,2026-09-05T12:00:00+00:00,0.0,A
Jordan Parker · Demo 748,,homeowner748@example.com,202-555-0100,HomeGuard Demo Agency,2026-09-15,Individual,,847 Example Lane,Sample City,ND,01747,Sample County,Owner-occupied,Yes,Detached single family,1,1987,2100,2,Masonry veneer,Basement,No,,No,5,No,No,,,15,Slate,Mixed,Good,2011.0,1,No,DEMO-ONLY/748/roof_verification,Copper,Circuit breakers,,200,Copper,,8,Garage,Heat pump,,No,No,No,,No,Yes,Yes,None,None,No,No,No,0.2,350,,No,No,No,No,No,No,,16,48,X,,No,No,No,,HO-5,978060,970000,97000,582000,194000,300000,5000,1000,2,No,No,No,No,In force,No,Example Mutual (synthetic),,0,No,,0,0,0,0,,Verified,Verified,Verified,Verified,Verified,DEMO-ONLY/748/property_verification,DEMO-ONLY/748/claims_verification,DEMO-ONLY/748/hazard_verification,DEMO-ONLY/748/replacement_cost_verification,Synthetic evidence scenario,2026-09-15,,No,Yes,Yes,Yes,,DEMO-2026-00748,2,Demo portfolio,2026-09-06T12:00:00+00:00,0.0,A
Alex Reed · Demo 749,,homeowner749@example.com,202-555-0100,HomeGuard Demo Agency,2026-09-15,Individual,,848 Example Lane,Sample City,OH,01748,Sample County,Owner-occupied,Yes,Detached single family,1,1984,4800,2,Solid masonry,Slab,No,,No,9,No,No,,,16,Metal,Gable,Good,2010.0,1,No,DEMO-ONLY/749/roof_verification,Copper,Circuit breakers,,200,Copper,,13,Garage,Central gas,,No,No,No,,No,Yes,Yes,None,None,No,No,No,1.9,500,,No,No,No,No,No,No,,72,4,X,,No,No,No,,HO-3,997031,1204000,120400,722400,240800,500000,5000,2500,2,No,No,No,No,In force,No,Example Mutual (synthetic),,0,No,,0,0,0,0,,Verified,Verified,Verified,Verified,Verified,DEMO-ONLY/749/property_verification,DEMO-ONLY/749/claims_verification,DEMO-ONLY/749/hazard_verification,DEMO-ONLY/749/replacement_cost_verification,Synthetic evidence scenario,2026-09-15,,No,Yes,Yes,Yes,,DEMO-2026-00749,2,Demo portfolio,2026-08-16T12:00:00+00:00,0.0,B
Casey Hayes · Demo 750,,homeowner750@example.com,202-555-0100,HomeGuard Demo Agency,2026-09-15,Individual,,849 Example Lane,Sample City,OK,01749,Sample County,Owner-occupied,Yes,Detached single family,1,1974,1350,1,Solid masonry,Crawl space,No,,No,3,No,No,,,9,Slate,Gable,Fair,2017.0,1,No,DEMO-ONLY/750/roof_verification,Copper,Circuit breakers,,200,Copper,,6,Garage,Central gas,,No,No,No,,No,Yes,Yes,None,None,No,No,No,2.3,950,,No,No,No,No,No,No,,15,94,X,,No,No,No,,HO-5,1392631,1280000,128000,768000,256000,100000,5000,5000,2,No,No,No,No,In force,No,Example Mutual (synthetic),,0,No,,0,0,0,0,,Verified,Verified,Verified,Verified,Verified,DEMO-ONLY/750/property_verification,DEMO-ONLY/750/claims_verification,DEMO-ONLY/750/hazard_verification,DEMO-ONLY/750/replacement_cost_verification,Synthetic evidence scenario,2026-09-15,,No,Yes,Yes,Yes,,DEMO-2026-00750,2,Demo portfolio,2026-07-30T12:00:00+00:00,0.0,F
Alex Hayes · Demo 751,,homeowner751@example.com,202-555-0100,HomeGuard Demo Agency,2026-09-15,Individual,,850 Example Lane,Sample City,OR,01750,Sample County,Owner-occupied,Yes,Detached single family,1,2009,1300,2,Frame,Slab,No,,No,15,No,No,,,5,Slate,Hip,Good,2021.0,1,No,DEMO-ONLY/751/roof_verification,Copper,Circuit breakers,,200,Copper,,11,Garage,Central gas,,No,No,No,,No,Yes,Yes,None,None,No,No,No,1.2,150,,No,No,No,No,No,No,,8,11,X,,No,No,No,,HO-3,1268745,1294000,129400,776400,258800,500000,5000,2500,2,No,No,No,No,In force,No,Example Mutual (synthetic),,0,No,,0,0,0,0,,Verified,Verified,Verified,Not checked,Verified,DEMO-ONLY/751/property_verification,DEMO-ONLY/751/claims_verification,,DEMO-ONLY/751/replacement_cost_verification,Synthetic evidence scenario,2026-09-15,,No,Yes,Yes,Yes,,DEMO-2026-00751,2,Demo portfolio,2026-08-29T12:00:00+00:00,0.0,B
Casey Ellis · Demo 752,,homeowner752@example.com,202-555-0100,HomeGuard Demo Agency,2026-09-15,Individual,,851 Example Lane,Sample City,PA,01751,Sample County,Owner-occupied,Yes,Detached single family,1,1998,4300,3,Masonry veneer,Crawl space,No,,No,16,No,No,,,1,Slate,Gable,Good,2025.0,1,No,DEMO-ONLY/752/roof_verification,Copper,Circuit breakers,,200,Copper,,3,Garage,Heat pump,,No,No,No,,No,Yes,Yes,None,None,No,No,No,0.5,400,,No,No,No,No,No,No,,8,21,X,,No,No,No,,HO-5,872573,920000,92000,552000,184000,500000,5000,1000,2,No,No,No,No,In force,No,Example Mutual (synthetic),,0,No,,0,0,0,0,,Verified,Verified,Verified,Verified,Verified,DEMO-ONLY/752/property_verification,DEMO-ONLY/752/claims_verification,DEMO-ONLY/752/hazard_verification,DEMO-ONLY/752/replacement_cost_verification,Synthetic evidence scenario,2026-09-15,,No,Yes,Yes,Yes,,DEMO-2026-00752,2,Demo portfolio,2026-07-29T12:00:00+00:00,0.0,A
Alex Reed · Demo 753,,homeowner753@example.com,202-555-0100,HomeGuard Demo Agency,2026-09-15,Individual,,852 Example Lane,Sample City,RI,01752,Sample County,Owner-occupied,Yes,Detached single family,1,2011,3150,3,Frame,Basement,No,,No,4,No,No,,,14,Architectural shingle,Gable,Good,2012.0,1,No,DEMO-ONLY/753/roof_verification,Copper,Circuit breakers,,200,Copper,,11,Garage,Central gas,,No,No,No,,No,Yes,Yes,None,None,No,No,No,3.0,800,,No,No,No,No,No,No,,13,17,X,,No,No,No,,HO-3,1222754,1464000,146400,878400,292800,100000,5000,1000,2,No,No,No,No,In force,No,Example Mutual (synthetic),,0,No,,1,0,172792,0,"Synthetic loss-run example: 1 claim(s), 0 open; total paid $172,792. Not a real claims report.",Verified,Verified,Verified,Verified,Verified,DEMO-ONLY/753/property_verification,DEMO-ONLY/753/claims_verification,DEMO-ONLY/753/hazard_verification,DEMO-ONLY/753/replacement_cost_verification,Synthetic evidence scenario,2026-09-15,,No,Yes,Yes,Yes,,DEMO-2026-00753,2,Demo portfolio,2026-07-19T12:00:00+00:00,0.11802732240437158,A
Jordan Brooks · Demo 754,,homeowner754@example.com,202-555-0100,HomeGuard Demo Agency,2026-09-15,Individual,,853 Example Lane,Sample City,SC,01753,Sample County,Owner-occupied,Yes,Detached single family,1,2010,2750,1,Frame,Basement,No,,No,2,No,No,,,9,Architectural shingle,Mixed,Fair,2017.0,1,No,DEMO-ONLY/754/roof_verification,Copper,Circuit breakers,,200,Copper,,11,Garage,Central electric,,No,No,No,,No,Yes,Yes,None,None,No,No,No,1.0,400,,No,No,No,No,No,No,,3,37,X,,No,No,No,,HO-5,734151,737000,73700,442200,147400,500000,5000,5000,2,No,No,No,No,In force,No,Example Mutual (synthetic),,0,No,,0,0,0,0,,Verified,Verified,Verified,Verified,Verified,DEMO-ONLY/754/property_verification,DEMO-ONLY/754/claims_verification,DEMO-ONLY/754/hazard_verification,DEMO-ONLY/754/replacement_cost_verification,Synthetic evidence scenario,2026-09-15,,No,Yes,Yes,Yes,,DEMO-2026-00754,2,Demo portfolio,2026-08-29T12:00:00+00:00,0.0,A
Morgan Brooks · Demo 755,,homeowner755@example.com,202-555-0100,HomeGuard Demo Agency,2026-09-15,Individual,,854 Example Lane,Sample City,SD,01754,Sample County,Owner-occupied,Yes,Detached single family,1,1983,4400,3,Frame,Crawl space,No,,No,10,No,No,,,18,Tile,Gable,Fair,2008.0,1,No,DEMO-ONLY/755/roof_verification,Copper,Circuit breakers,,200,Galvanized,,4,Garage,Central electric,,No,No,No,,No,Yes,Yes,None,None,No,No,No,2.3,500,,No,No,No,No,No,No,,28,30,X,,No,No,No,,HO-3,394610,356000,35600,213600,71200,500000,5000,1000,2,No,No,No,No,In force,No,Example Mutual (synthetic),,0,No,,0,0,0,0,,Verified,Verified,Verified,Verified,Verified,DEMO-ONLY/755/property_verification,DEMO-ONLY/755/claims_verification,DEMO-ONLY/755/hazard_verification,DEMO-ONLY/755/replacement_cost_verification,Synthetic evidence scenario,2026-09-15,,No,Yes,Yes,Yes,,DEMO-2026-00755,2,Demo portfolio,2026-07-28T12:00:00+00:00,0.0,B
Jordan Hayes · Demo 756,,homeowner756@example.com,202-555-0100,HomeGuard Demo Agency,2026-09-15,Individual,,855 Example Lane,Sample City,TN,01755,Sample County,Owner-occupied,Yes,Detached single family,1,1957,2350,1,Frame,Basement,No,,No,9,No,No,,,12,Tile,Mixed,Good,2014.0,1,No,DEMO-ONLY/756/roof_verification,Copper,Circuit breakers,,200,Copper,,10,Garage,Central gas,,No,No,No,,No,Yes,Yes,None,None,No,No,No,4.8,250,,No,No,No,No,No,No,,14,14,X,,No,No,No,,HO-5,661595,736000,73600,441600,147200,100000,5000,1000,2,No,No,No,No,In force,No,Example Mutual (synthetic),,0,No,,0,0,0,0,,Verified,Verified,Verified,Verified,Verified,DEMO-ONLY/756/property_verification,DEMO-ONLY/756/claims_verification,DEMO-ONLY/756/hazard_verification,DEMO-ONLY/756/replacement_cost_verification,Synthetic evidence scenario,2026-09-15,,No,Yes,Yes,Yes,,DEMO-2026-00756,2,Demo portfolio,2026-07-18T12:00:00+00:00,0.0,A
Jordan Parker · Demo 757,,homeowner757@example.com,202-555-0100,HomeGuard Demo Agency,2026-09-15,Individual,,856 Example Lane,Sample City,TX,01756,Sample County,Owner-occupied,Yes,Detached single family,1,1971,3550,2,Solid masonry,Basement,No,,No,14,No,No,,,8,Metal,Gable,Good,2018.0,1,No,DEMO-ONLY/757/roof_verification,Copper,Circuit breakers,,200,PEX / PVC / CPVC,,8,Garage,Central gas,,No,No,No,,No,Yes,Yes,None,None,No,No,No,0.3,500,,Yes,Yes,No,No,No,No,,28,17,X,,No,No,No,,HO-5,1479621,1305000,130500,783000,261000,300000,5000,1000,2,No,No,No,No,In force,No,Example Mutual (synthetic),,0,No,,1,0,200015,0,"Synthetic loss-run example: 1 claim(s), 0 open; total paid $200,015. Not a real claims report.",Verified,Verified,Verified,Verified,Verified,DEMO-ONLY/757/property_verification,DEMO-ONLY/757/claims_verification,DEMO-ONLY/757/hazard_verification,DEMO-ONLY/757/replacement_cost_verification,Synthetic evidence scenario,2026-09-15,,No,Yes,Yes,Yes,,DEMO-2026-00757,2,Demo portfolio,2026-08-05T12:00:00+00:00,0.15326819923371648,A
Taylor Parker · Demo 758,,homeowner758@example.com,202-555-0100,HomeGuard Demo Agency,2026-09-15,Individual,,857 Example Lane,Sample City,UT,01757,Sample County,Owner-occupied,Yes,Detached single family,1,1971,4650,1,Masonry veneer,Basement,No,,No,7,No,No,,,11,Slate,Hip,Fair,2015.0,1,No,DEMO-ONLY/758/roof_verification,Copper,Circuit breakers,,200,PEX / PVC / CPVC,,13,Garage,Central electric,,No,No,No,,No,Yes,Yes,None,None,No,No,No,0.3,450,,No,No,No,No,No,No,,12,11,X,,No,No,No,,HO-3,1520112,1457000,145700,874200,291400,500000,5000,5000,2,No,No,No,No,In force,No,Example Mutual (synthetic),,0,No,,1,0,10000,1,"Synthetic loss-run example: 1 claim(s), 1 open; total paid $10,000. Not a real claims report.",Verified,Verified,Verified,Verified,Verified,DEMO-ONLY/758/property_verification,DEMO-ONLY/758/claims_verification,DEMO-ONLY/758/hazard_verification,DEMO-ONLY/758/replacement_cost_verification,Synthetic evidence scenario,2026-09-15,,No,Yes,Yes,Yes,,DEMO-2026-00758,2,Demo portfolio,2026-09-04T12:00:00+00:00,0.0068634179821551134,F
Morgan Ellis · Demo 759,,homeowner759@example.com,202-555-0100,HomeGuard Demo Agency,2026-09-15,Individual,,858 Example Lane,Sample City,VT,01758,Sample County,Owner-occupied,Yes,Detached single family,1,1991,1450,2,Masonry veneer,Basement,No,,No,13,No,No,,,10,Tile,Gable,Fair,2016.0,1,No,DEMO-ONLY/759/roof_verification,Copper,Circuit breakers,,200,Copper,,12,Garage,Central gas,,No,No,No,,No,Yes,Yes,None,None,No,No,No,9.2,500,,No,No,No,No,No,No,,29,29,X,,No,No,No,,HO-3,1094885,1029000,102900,617400,205800,300000,5000,1000,2,No,No,No,No,In force,No,Example Mutual (synthetic),,0,No,,0,0,0,0,,Verified,Verified,Verified,Verified,Verified,DEMO-ONLY/759/property_verification,DEMO-ONLY/759/claims_verification,DEMO-ONLY/759/hazard_verification,DEMO-ONLY/759/replacement_cost_verification,Synthetic evidence scenario,2026-09-15,,No,Yes,Yes,Yes,,DEMO-2026-00759,2,Demo portfolio,2026-08-09T12:00:00+00:00,0.0,B
Morgan Ellis · Demo 760,,homeowner760@example.com,202-555-0100,HomeGuard Demo Agency,2026-09-15,Individual,,859 Example Lane,Sample City,VA,01759,Sample County,Owner-occupied,Yes,Detached single family,1,1979,3750,3,Frame,Slab,No,,No,2,No,No,,,9,Architectural shingle,Mixed,Good,2017.0,1,No,DEMO-ONLY/760/roof_verification,Copper,Circuit breakers,,200,PEX / PVC / CPVC,,11,Garage,Central electric,,No,No,No,,No,Yes,Yes,None,None,No,No,No,4.2,650,,No,No,No,No,No,No,,29,1,X,,No,No,No,,HO-3,1399085,1456000,145600,873600,291200,500000,5000,5000,2,No,No,No,No,In force,No,Example Mutual (synthetic),,0,No,,0,0,0,0,,Verified,Verified,Verified,Verified,Verified,DEMO-ONLY/760/property_verification,DEMO-ONLY/760/claims_verification,DEMO-ONLY/760/hazard_verification,DEMO-ONLY/760/replacement_cost_verification,Synthetic evidence scenario,2026-09-15,,No,Yes,Yes,Yes,,DEMO-2026-00760,2,Demo portfolio,2026-08-10T12:00:00+00:00,0.0,A
Morgan Lane · Demo 761,,homeowner761@example.com,202-555-0100,HomeGuard Demo Agency,2026-09-15,Individual,,860 Example Lane,Sample City,WA,01760,Sample County,Owner-occupied,Yes,Detached single family,1,1990,5050,2,Masonry veneer,Slab,No,,No,0,No,No,,,8,Architectural shingle,Mixed,Fair,2018.0,1,No,DEMO-ONLY/761/roof_verification,Copper,Circuit breakers,,200,PEX / PVC / CPVC,,3,Garage,Central gas,,No,No,No,,No,Yes,Yes,None,None,No,No,No,0.5,550,,No,No,No,No,No,No,,2,33,X,,No,No,No,,HO-3,1507087,1455000,145500,873000,291000,300000,5000,2500,2,No,No,No,No,In force,No,Example Mutual (synthetic),,0,No,,5,0,604225,0,"Synthetic loss-run example: 5 claim(s), 0 open; total paid $604,225. Not a real claims report.",Verified,Verified,Verified,Not checked,Verified,DEMO-ONLY/761/property_verification,DEMO-ONLY/761/claims_verification,,DEMO-ONLY/761/replacement_cost_verification,Synthetic evidence scenario,2026-09-15,,No,Yes,Yes,Yes,,DEMO-2026-00761,2,Demo portfolio,2026-07-21T12:00:00+00:00,0.4152749140893471,B
Sam Hayes · Demo 762,,homeowner762@example.com,202-555-0100,HomeGuard Demo Agency,2026-09-15,Individual,,861 Example Lane,Sample City,WV,01761,Sample County,Owner-occupied,Yes,Detached single family,1,1986,5100,2,Masonry veneer,Crawl space,No,,No,1,No,No,,,5,Slate,Mixed,Fair,2021.0,1,No,DEMO-ONLY/762/roof_verification,Copper,Circuit breakers,,200,Copper,,8,Garage,Central gas,,No,No,No,,No,Yes,Yes,None,None,No,No,No,1.1,450,,No,No,No,No,No,No,,27,9,X,,No,No,No,,HO-3,465549,510000,51000,306000,102000,500000,5000,2500,2,No,No,No,No,In force,No,Example Mutual (synthetic),,0,No,,0,0,0,0,,Verified,Verified,Verified,Verified,Verified,DEMO-ONLY/762/property_verification,DEMO-ONLY/762/claims_verification,DEMO-ONLY/762/hazard_verification,DEMO-ONLY/762/replacement_cost_verification,Synthetic evidence scenario,2026-09-15,,No,Yes,Yes,Yes,,DEMO-2026-00762,2,Demo portfolio,2026-08-07T12:00:00+00:00,0.0,A
Sam Lane · Demo 763,,homeowner763@example.com,202-555-0100,HomeGuard Demo Agency,2026-09-15,Individual,,862 Example Lane,Sample City,WI,01762,Sample County,Owner-occupied,Yes,Detached single family,1,1967,2400,2,Masonry veneer,Basement,No,,No,10,No,No,,,10,Slate,Mixed,Fair,2016.0,1,No,DEMO-ONLY/763/roof_verification,Copper,Circuit breakers,,200,PEX / PVC / CPVC,,6,Garage,Central electric,,No,No,No,,No,Yes,Yes,None,None,No,No,No,3.2,800,,No,No,No,No,No,No,,41,48,X,,No,No,No,,HO-3,1375072,1266000,126600,759600,253200,500000,5000,1000,2,No,No,No,No,In force,No,Example Mutual (synthetic),,0,No,,0,0,0,0,,Verified,Verified,Verified,Verified,Verified,DEMO-ONLY/763/property_verification,DEMO-ONLY/763/claims_verification,DEMO-ONLY/763/hazard_verification,DEMO-ONLY/763/replacement_cost_verification,Synthetic evidence scenario,2026-09-15,,No,Yes,Yes,Yes,,DEMO-2026-00763,2,Demo portfolio,2026-08-06T12:00:00+00:00,0.0,A
Jordan Brooks · Demo 764,,homeowner764@example.com,202-555-0100,HomeGuard Demo Agency,2026-09-15,Individual,,863 Example Lane,Sample City,WY,01763,Sample County,Owner-occupied,Yes,Detached single family,1,1959,1250,3,Frame,Slab,No,,No,10,No,No,,,14,Architectural shingle,Hip,Good,2012.0,1,No,DEMO-ONLY/764/roof_verification,Copper,Circuit breakers,,200,Copper,,3,Garage,Heat pump,,No,No,No,,No,Yes,Yes,None,None,No,No,No,1.6,300,,No,No,No,Yes,No,No,,28,35,X,,No,No,No,,HO-5,1178660,1433000,143300,859800,286600,500000,5000,2500,2,No,No,No,No,In force,No,Example Mutual (synthetic),,0,No,,0,0,0,0,,Verified,Verified,Verified,Verified,Verified,DEMO-ONLY/764/property_verification,DEMO-ONLY/764/claims_verification,DEMO-ONLY/764/hazard_verification,DEMO-ONLY/764/replacement_cost_verification,Synthetic evidence scenario,2026-09-15,,No,Yes,Yes,Yes,,DEMO-2026-00764,2,Demo portfolio,2026-09-15T12:00:00+00:00,0.0,B
Morgan Hayes · Demo 765,,homeowner765@example.com,202-555-0100,HomeGuard Demo Agency,2026-09-15,Individual,,864 Example Lane,Sample City,DC,01764,Sample County,Owner-occupied,Yes,Detached single family,1,1991,5000,2,Solid masonry,Crawl space,No,,No,12,No,No,,,2,Slate,Gable,Good,2024.0,1,No,DEMO-ONLY/765/roof_verification,Copper,Circuit breakers,,200,PEX / PVC / CPVC,,13,Garage,Central gas,,No,No,No,,No,Yes,Yes,None,None,No,No,No,1.3,950,,No,No,No,No,No,No,,20,30,X,,No,No,No,,HO-3,446338,472000,47200,283200,94400,500000,5000,1000,2,No,No,No,No,In force,No,Example Mutual (synthetic),,0,No,,1,0,37366,0,"Synthetic loss-run example: 1 claim(s), 0 open; total paid $37,366. Not a real claims report.",Verified,Verified,Verified,Verified,Verified,DEMO-ONLY/765/property_verification,DEMO-ONLY/765/claims_verification,DEMO-ONLY/765/hazard_verification,DEMO-ONLY/765/replacement_cost_verification,Synthetic evidence scenario,2026-09-15,,No,Yes,Yes,Yes,,DEMO-2026-00765,2,Demo portfolio,2026-07-28T12:00:00+00:00,0.07916525423728814,A
Jordan Parker · Demo 766,,homeowner766@example.com,202-555-0100,HomeGuard Demo Agency,2026-09-15,Individual,,865 Example Lane,Sample City,AL,01765,Sample County,Owner-occupied,Yes,Detached single family,1,1983,2100,3,Frame,Slab,No,,No,6,No,No,,,10,Architectural shingle,Mixed,Fair,2016.0,1,No,DEMO-ONLY/766/roof_verification,Copper,Circuit breakers,,200,PEX / PVC / CPVC,,9,Garage,Heat pump,,No,No,No,,No,Yes,Yes,None,None,No,No,No,2.5,150,,No,No,No,No,No,No,,26,41,X,,No,No,No,,HO-5,1445664,1377000,137700,826200,275400,300000,5000,1000,2,No,No,No,No,In force,No,Example Mutual (synthetic),,0,Yes,,0,0,0,0,,Verified,Verified,Verified,Verified,Verified,DEMO-ONLY/766/property_verification,DEMO-ONLY/766/claims_verification,DEMO-ONLY/766/hazard_verification,DEMO-ONLY/766/replacement_cost_verification,Synthetic evidence scenario,2026-09-15,,No,Yes,Yes,Yes,,DEMO-2026-00766,2,Demo portfolio,2026-07-18T12:00:00+00:00,0.0,B
Sam Brooks · Demo 767,,homeowner767@example.com,202-555-0100,HomeGuard Demo Agency,2026-09-15,Individual,,866 Example Lane,Sample City,AK,01766,Sample County,Owner-occupied,Yes,Detached single family,1,1970,2500,1,Frame,Crawl space,No,,No,16,No,No,,,13,Tile,Gable,Fair,2013.0,1,No,DEMO-ONLY/767/roof_verification,Copper,Circuit breakers,,200,Copper,,9,Garage,Central electric,,No,No,No,,No,Yes,Yes,None,None,No,No,No,2.8,200,,No,No,No,No,No,No,,3,22,X,,No,No,No,,HO-5,651099,643000,64300,385800,128600,100000,5000,5000,2,No,No,No,No,In force,No,Example Mutual (synthetic),,0,No,,0,0,0,0,,Verified,Verified,Verified,Verified,Verified,DEMO-ONLY/767/property_verification,DEMO-ONLY/767/claims_verification,DEMO-ONLY/767/hazard_verification,DEMO-ONLY/767/replacement_cost_verification,Synthetic evidence scenario,2026-09-15,,No,Yes,Yes,Yes,,DEMO-2026-00767,2,Demo portfolio,2026-07-26T12:00:00+00:00,0.0,A
Casey Parker · Demo 768,,homeowner768@example.com,202-555-0100,HomeGuard Demo Agency,2026-09-15,Individual,,867 Example Lane,Sample City,AZ,01767,Sample County,Owner-occupied,Yes,Detached single family,1,1983,4750,1,Masonry veneer,Slab,No,,No,5,No,No,,,3,Slate,Hip,Good,2023.0,1,No,DEMO-ONLY/768/roof_verification,Copper,Circuit breakers,,200,PEX / PVC / CPVC,,2,Garage,Central gas,,No,No,No,,No,Yes,Yes,None,None,No,No,No,0.3,600,,No,No,No,No,No,No,,15,31,X,,No,No,No,,HO-5,356806,339000,33900,203400,67800,100000,5000,2500,2,No,No,No,No,In force,No,Example Mutual (synthetic),,0,No,,0,0,0,0,,Verified,Verified,Verified,Verified,Verified,DEMO-ONLY/768/property_verification,DEMO-ONLY/768/claims_verification,DEMO-ONLY/768/hazard_verification,DEMO-ONLY/768/replacement_cost_verification,Synthetic evidence scenario,2026-09-15,,No,Yes,Yes,Yes,,DEMO-2026-00768,2,Demo portfolio,2026-09-04T12:00:00+00:00,0.0,A
Sam Hayes · Demo 769,,homeowner769@example.com,202-555-0100,HomeGuard Demo Agency,2026-09-15,Individual,,868 Example Lane,Sample City,AR,01768,Sample County,Owner-occupied,Yes,Detached single family,1,1990,3250,2,Solid masonry,Slab,No,,No,20,No,No,,,9,Architectural shingle,Mixed,Fair,2017.0,1,No,DEMO-ONLY/769/roof_verification,Copper,Circuit breakers,,200,Copper,,10,Garage,Central electric,,No,No,No,,No,Yes,Yes,None,None,No,No,No,2.4,450,,No,No,No,No,No,No,,33,8,X,,No,No,No,,HO-5,1269975,1398000,139800,838800,279600,500000,5000,2500,2,No,No,No,No,In force,No,Example Mutual (synthetic),,0,No,,1,0,12435,0,"Synthetic loss-run example: 1 claim(s), 0 open; total paid $12,435. Not a real claims report.",Verified,Verified,Verified,Verified,Verified,DEMO-ONLY/769/property_verification,DEMO-ONLY/769/claims_verification,DEMO-ONLY/769/hazard_verification,DEMO-ONLY/769/replacement_cost_verification,Synthetic evidence scenario,2026-09-15,,No,Yes,Yes,Yes,,DEMO-2026-00769,2,Demo portfolio,2026-08-26T12:00:00+00:00,0.008894849785407725,A
Alex Brooks · Demo 770,,homeowner770@example.com,202-555-0100,HomeGuard Demo Agency,2026-09-15,Individual,,869 Example Lane,Sample City,CA,01769,Sample County,Owner-occupied,Yes,Detached single family,1,1974,4300,1,Frame,Slab,No,,No,4,No,No,,,15,Architectural shingle,Mixed,Good,2011.0,1,No,DEMO-ONLY/770/roof_verification,Copper,Circuit breakers,,200,PEX / PVC / CPVC,,7,Garage,Heat pump,,No,No,No,,No,Yes,Yes,None,None,No,No,No,4.0,850,,No,No,No,No,No,No,,8,33,X,,No,No,No,,HO-3,195883,224000,22400,134400,44800,500000,5000,1000,2,No,No,No,No,In force,No,Example Mutual (synthetic),,0,No,,0,0,0,0,,Verified,Verified,Verified,Verified,Verified,DEMO-ONLY/770/property_verification,DEMO-ONLY/770/claims_verification,DEMO-ONLY/770/hazard_verification,DEMO-ONLY/770/replacement_cost_verification,Synthetic evidence scenario,2026-09-15,,No,Yes,Yes,Yes,,DEMO-2026-00770,2,Demo portfolio,2026-09-13T12:00:00+00:00,0.0,A
Taylor Hayes · Demo 771,,homeowner771@example.com,202-555-0100,HomeGuard Demo Agency,2026-09-15,Individual,,870 Example Lane,Sample City,CO,01770,Sample County,Owner-occupied,Yes,Detached single family,1,2015,3600,2,Solid masonry,Crawl space,No,,No,11,No,No,,,4,Tile,Mixed,Fair,2022.0,1,No,DEMO-ONLY/771/roof_verification,Copper,Circuit breakers,,200,Copper,,14,Garage,Central gas,,No,No,No,,No,Yes,Yes,None,None,No,No,No,4.0,600,,No,No,No,No,No,No,,35,16,X,,No,No,No,,HO-5,717604,698000,69800,418800,139600,100000,5000,5000,2,No,No,No,No,In force,No,Example Mutual (synthetic),,0,No,,6,0,102015,0,"Synthetic loss-run example: 6 claim(s), 0 open; total paid $102,015. Not a real claims report.",Verified,Verified,Verified,Not checked,Verified,DEMO-ONLY/771/property_verification,DEMO-ONLY/771/claims_verification,,DEMO-ONLY/771/replacement_cost_verification,Synthetic evidence scenario,2026-09-15,,No,Yes,Yes,Yes,,DEMO-2026-00771,2,Demo portfolio,2026-09-12T12:00:00+00:00,0.14615329512893982,B
Sam Ellis · Demo 772,,homeowner772@example.com,202-555-0100,HomeGuard Demo Agency,2026-09-15,Individual,,871 Example Lane,Sample City,CT,01771,Sample County,Owner-occupied,Yes,Detached single family,1,1980,3550,3,Solid masonry,Basement,No,,No,76,No,No,,,6,Slate,Hip,Good,2020.0,1,No,DEMO-ONLY/772/roof_verification,Copper,Circuit breakers,,200,PEX / PVC / CPVC,,7,Garage,Central gas,,No,No,No,,No,Yes,Yes,None,None,No,No,No,2.7,300,,No,No,No,No,No,No,,4,44,X,,No,No,No,,HO-5,645561,597000,59700,358200,119400,100000,5000,1000,2,No,No,No,No,In force,No,Example Mutual (synthetic),,0,No,,0,0,0,0,,Verified,Verified,Verified,Verified,Verified,DEMO-ONLY/772/property_verification,DEMO-ONLY/772/claims_verification,DEMO-ONLY/772/hazard_verification,DEMO-ONLY/772/replacement_cost_verification,Synthetic evidence scenario,2026-09-15,,No,Yes,Yes,Yes,,DEMO-2026-00772,2,Demo portfolio,2026-07-26T12:00:00+00:00,0.0,B
Casey Parker · Demo 773,,homeowner773@example.com,202-555-0100,HomeGuard Demo Agency,2026-09-15,Individual,,872 Example Lane,Sample City,DE,01772,Sample County,Owner-occupied,Yes,Detached single family,1,1974,2200,3,Frame,Slab,No,,No,12,No,No,,,8,Metal,Mixed,Fair,2018.0,1,No,DEMO-ONLY/773/roof_verification,Copper,Circuit breakers,,200,PEX / PVC / CPVC,,6,Garage,Central electric,,No,No,No,,No,Yes,Yes,None,None,No,No,No,2.1,600,,No,No,No,No,No,No,,31,36,X,,No,No,No,,HO-5,718309,863000,86300,517800,172600,100000,5000,1000,2,No,No,No,No,In force,No,Example Mutual (synthetic),,0,No,,1,0,83350,0,"Synthetic loss-run example: 1 claim(s), 0 open; total paid $83,350. Not a real claims report.",Verified,Verified,Verified,Verified,Verified,DEMO-ONLY/773/property_verification,DEMO-ONLY/773/claims_verification,DEMO-ONLY/773/hazard_verification,DEMO-ONLY/773/replacement_cost_verification,Synthetic evidence scenario,2026-09-15,,No,Yes,Yes,Yes,,DEMO-2026-00773,2,Demo portfolio,2026-07-19T12:00:00+00:00,0.09658169177288528,A
Casey Ellis · Demo 774,,homeowner774@example.com,202-555-0100,HomeGuard Demo Agency,2026-09-15,Individual,,873 Example Lane,Sample City,FL,01773,Sample County,Owner-occupied,Yes,Detached single family,1,1999,3650,1,Solid masonry,Slab,No,,No,3,No,No,,,18,Architectural shingle,Hip,Fair,2008.0,1,No,DEMO-ONLY/774/roof_verification,Copper,Circuit breakers,,200,PEX / PVC / CPVC,,6,Garage,Central electric,,No,No,No,,No,Yes,Yes,None,None,No,No,No,0.8,750,,Yes,Yes,Yes,No,No,No,,12,38,X,,No,No,No,,HO-3,1327629,1442000,144200,865200,288400,100000,5000,2500,2,No,No,No,No,In force,No,Example Mutual (synthetic),,0,No,,0,0,0,0,,Verified,Verified,Verified,Verified,Verified,DEMO-ONLY/774/property_verification,DEMO-ONLY/774/claims_verification,DEMO-ONLY/774/hazard_verification,DEMO-ONLY/774/replacement_cost_verification,Synthetic evidence scenario,2026-09-15,,No,Yes,Yes,Yes,,DEMO-2026-00774,2,Demo portfolio,2026-09-10T12:00:00+00:00,0.0,B
Alex Brooks · Demo 775,,homeowner775@example.com,202-555-0100,HomeGuard Demo Agency,2026-09-15,Individual,,874 Example Lane,Sample City,GA,01774,Sample County,Owner-occupied,Yes,Detached single family,1,1989,3700,2,Masonry veneer,Crawl space,No,,No,2,No,No,,,5,Tile,Hip,Poor,2021.0,1,No,DEMO-ONLY/775/roof_verification,Copper,Circuit breakers,,200,Copper,,14,Garage,Central gas,,No,No,No,,No,Yes,Yes,None,None,No,No,No,1.5,150,,No,No,No,No,No,No,,43,15,X,,No,No,No,,HO-5,1017608,1195000,119500,717000,239000,300000,5000,2500,2,No,No,No,No,In force,No,Example Mutual (synthetic),,0,No,,0,0,0,0,,Verified,Verified,Verified,Verified,Verified,DEMO-ONLY/775/property_verification,DEMO-ONLY/775/claims_verification,DEMO-ONLY/775/hazard_verification,DEMO-ONLY/775/replacement_cost_verification,Synthetic evidence scenario,2026-09-15,,No,Yes,Yes,Yes,,DEMO-2026-00775,2,Demo portfolio,2026-07-25T12:00:00+00:00,0.0,B
Taylor Parker · Demo 776,,homeowner776@example.com,202-555-0100,HomeGuard Demo Agency,2026-09-15,Individual,,875 Example Lane,Sample City,HI,01775,Sample County,Owner-occupied,Yes,Detached single family,1,2010,3950,3,Frame,Crawl space,No,,No,4,No,No,,,15,Slate,Hip,Good,2011.0,1,No,DEMO-ONLY/776/roof_verification,Copper,Circuit breakers,,200,Copper,,14,Garage,Central gas,,No,No,No,,No,Yes,Yes,None,None,No,No,No,2.1,950,,No,No,No,No,No,No,,47,8,X,,No,No,No,,HO-5,919682,800000,80000,480000,160000,100000,5000,1000,2,No,No,No,No,In force,No,Example Mutual (synthetic),,0,No,,0,0,0,0,,Verified,Verified,Verified,Verified,Verified,DEMO-ONLY/776/property_verification,DEMO-ONLY/776/claims_verification,DEMO-ONLY/776/hazard_verification,DEMO-ONLY/776/replacement_cost_verification,Synthetic evidence scenario,2026-09-15,,No,Yes,Yes,Yes,,DEMO-2026-00776,2,Demo portfolio,2026-07-20T12:00:00+00:00,0.0,A
Morgan Parker · Demo 777,,homeowner777@example.com,202-555-0100,HomeGuard Demo Agency,2026-09-15,Individual,,876 Example Lane,Sample City,ID,01776,Sample County,Owner-occupied,Yes,Detached single family,1,2009,5400,3,Frame,Basement,No,,No,20,No,No,,,7,Architectural shingle,Hip,Good,2019.0,1,No,DEMO-ONLY/777/roof_verification,Copper,Circuit breakers,,200,Copper,,3,Garage,Heat pump,,No,No,No,,No,Yes,Yes,None,None,No,No,No,3.2,250,,No,No,No,No,No,No,,26,39,X,,No,No,No,,HO-3,458513,493000,49300,295800,98600,100000,5000,5000,2,No,No,No,No,In force,No,Example Mutual (synthetic),,0,No,,1,0,90673,0,"Synthetic loss-run example: 1 claim(s), 0 open; total paid $90,673. Not a real claims report.",Verified,Verified,Verified,Verified,Verified,DEMO-ONLY/777/property_verification,DEMO-ONLY/777/claims_verification,DEMO-ONLY/777/hazard_verification,DEMO-ONLY/777/replacement_cost_verification,Synthetic evidence scenario,2026-09-15,,No,Yes,Yes,Yes,,DEMO-2026-00777,2,Demo portfolio,2026-08-17T12:00:00+00:00,0.18392089249492902,A
Casey Parker · Demo 778,,homeowner778@example.com,202-555-0100,HomeGuard Demo Agency,2026-09-15,Individual,,877 Example Lane,Sample City,IL,01777,Sample County,Owner-occupied,Yes,Detached single family,1,1993,4950,1,Frame,Crawl space,No,,No,11,No,No,,,3,Slate,Hip,Fair,2023.0,1,No,DEMO-ONLY/778/roof_verification,Copper,Circuit breakers,,200,Copper,,6,Garage,Heat pump,,No,No,No,,No,Yes,Yes,None,None,No,No,No,4.9,300,,Yes,Yes,No,No,No,No,,4,33,X,,No,No,No,,HO-3,1379807,1370000,137000,822000,274000,100000,5000,5000,2,No,No,No,No,In force,No,Example Mutual (synthetic),,0,No,,0,0,0,0,,Verified,Verified,Verified,Verified,Verified,DEMO-ONLY/778/property_verification,DEMO-ONLY/778/claims_verification,DEMO-ONLY/778/hazard_verification,DEMO-ONLY/778/replacement_cost_verification,Synthetic evidence scenario,2026-09-15,,No,Yes,Yes,Yes,,DEMO-2026-00778,2,Demo portfolio,2026-08-03T12:00:00+00:00,0.0,A
Morgan Lane · Demo 779,,homeowner779@example.com,202-555-0100,HomeGuard Demo Agency,2026-09-15,Individual,,878 Example Lane,Sample City,IN,01778,Sample County,Owner-occupied,Yes,Detached single family,1,2004,4100,2,Solid masonry,Basement,No,,No,4,No,No,,,17,Architectural shingle,Mixed,Fair,2009.0,1,No,DEMO-ONLY/779/roof_verification,Copper,Circuit breakers,,200,PEX / PVC / CPVC,,5,Garage,Heat pump,,No,No,No,,No,Yes,Yes,None,None,No,No,No,2.4,750,,No,No,No,No,No,No,,4,71,X,,No,No,No,,HO-3,1008071,1002000,100200,601200,200400,300000,5000,1000,2,No,No,No,No,In force,No,Example Mutual (synthetic),,0,No,,0,0,0,0,,Verified,Verified,Verified,Verified,Verified,DEMO-ONLY/779/property_verification,DEMO-ONLY/779/claims_verification,DEMO-ONLY/779/hazard_verification,DEMO-ONLY/779/replacement_cost_verification,Synthetic evidence scenario,2026-09-15,,No,Yes,Yes,Yes,,DEMO-2026-00779,2,Demo portfolio,2026-09-08T12:00:00+00:00,0.0,B
Jordan Parker · Demo 780,,homeowner780@example.com,202-555-0100,HomeGuard Demo Agency,2026-09-15,Individual,,879 Example Lane,Sample City,IA,01779,Sample County,Owner-occupied,Yes,Detached single family,1,1984,4900,1,Masonry veneer,Slab,No,,No,16,No,No,,,10,Tile,Gable,Fair,2016.0,1,No,DEMO-ONLY/780/roof_verification,Copper,Circuit breakers,,200,PEX / PVC / CPVC,,12,Garage,Central gas,,No,No,No,,No,Yes,Yes,None,None,No,No,No,3.5,150,,No,No,No,No,No,No,,10,15,X,,No,No,No,,HO-5,639047,677000,67700,406200,135400,500000,5000,2500,2,No,No,No,No,In force,No,Example Mutual (synthetic),,0,No,,0,0,0,0,,Verified,Verified,Verified,Verified,Verified,DEMO-ONLY/780/property_verification,DEMO-ONLY/780/claims_verification,DEMO-ONLY/780/hazard_verification,DEMO-ONLY/780/replacement_cost_verification,Synthetic evidence scenario,2026-09-15,,No,Yes,Yes,Yes,,DEMO-2026-00780,2,Demo portfolio,2026-08-27T12:00:00+00:00,0.0,A
Morgan Reed · Demo 781,,homeowner781@example.com,202-555-0100,HomeGuard Demo Agency,2026-09-15,Individual,,880 Example Lane,Sample City,KS,01780,Sample County,Owner-occupied,Yes,Detached single family,1,1982,2250,1,Masonry veneer,Basement,No,,No,18,No,No,,,2,Slate,Hip,Good,2024.0,1,No,DEMO-ONLY/781/roof_verification,Copper,Circuit breakers,,200,PEX / PVC / CPVC,,6,Garage,Central electric,,No,No,No,,No,Yes,Yes,None,None,No,No,No,4.8,950,,No,No,No,No,No,No,,49,39,X,,No,No,No,,HO-5,687712,685000,68500,411000,137000,100000,5000,2500,2,No,No,No,No,In force,No,Example Mutual (synthetic),,0,No,,1,0,115574,0,"Synthetic loss-run example: 1 claim(s), 0 open; total paid $115,574. Not a real claims report.",Verified,Verified,Verified,Not checked,Verified,DEMO-ONLY/781/property_verification,DEMO-ONLY/781/claims_verification,,DEMO-ONLY/781/replacement_cost_verification,Synthetic evidence scenario,2026-09-15,,No,Yes,Yes,Yes,,DEMO-2026-00781,2,Demo portfolio,2026-08-30T12:00:00+00:00,0.16872116788321168,B
Sam Parker · Demo 782,,homeowner782@example.com,202-555-0100,HomeGuard Demo Agency,2026-09-15,Individual,,881 Example Lane,Sample City,KY,01781,Sample County,Owner-occupied,Yes,Detached single family,1,2012,1300,2,Frame,Basement,No,,No,20,No,No,,,5,Tile,Mixed,Fair,2021.0,1,No,DEMO-ONLY/782/roof_verification,Copper,Circuit breakers,,200,Copper,,6,Garage,Central electric,,No,No,No,,No,Yes,Yes,None,None,No,No,No,2.3,250,,No,No,No,No,No,No,,16,49,X,,No,No,No,,HO-5,330024,352000,35200,211200,70400,300000,5000,1000,2,No,No,No,No,In force,No,Example Mutual (synthetic),,0,No,,0,0,0,0,,Verified,Verified,Verified,Verified,Verified,DEMO-ONLY/782/property_verification,DEMO-ONLY/782/claims_verification,DEMO-ONLY/782/hazard_verification,DEMO-ONLY/782/replacement_cost_verification,Synthetic evidence scenario,2026-09-15,,No,Yes,Yes,Yes,,DEMO-2026-00782,2,Demo portfolio,2026-08-19T12:00:00+00:00,0.0,A
Alex Reed · Demo 783,,homeowner783@example.com,202-555-0100,HomeGuard Demo Agency,2026-09-15,Individual,,882 Example Lane,Sample City,LA,01782,Sample County,Owner-occupied,Yes,Detached single family,1,1953,3250,3,Frame,Basement,No,,No,7,No,No,,,1,Tile,Mixed,Good,2025.0,1,No,DEMO-ONLY/783/roof_verification,Copper,Circuit breakers,,200,Copper,,13,Garage,Heat pump,,No,No,No,,No,Yes,Yes,None,None,No,No,No,0.9,300,,No,No,No,No,No,No,,23,28,X,,No,No,No,,HO-3,1112379,1060000,106000,636000,212000,300000,5000,5000,2,No,No,No,No,In force,No,Example Mutual (synthetic),,0,No,,1,0,10000,1,"Synthetic loss-run example: 1 claim(s), 1 open; total paid $10,000. Not a real claims report.",Verified,Verified,Verified,Verified,Verified,DEMO-ONLY/783/property_verification,DEMO-ONLY/783/claims_verification,DEMO-ONLY/783/hazard_verification,DEMO-ONLY/783/replacement_cost_verification,Synthetic evidence scenario,2026-09-15,,No,Yes,Yes,Yes,,DEMO-2026-00783,2,Demo portfolio,2026-07-25T12:00:00+00:00,0.009433962264150943,F
Taylor Parker · Demo 784,,homeowner784@example.com,202-555-0100,HomeGuard Demo Agency,2026-09-15,Individual,,883 Example Lane,Sample City,ME,01783,Sample County,Owner-occupied,Yes,Detached single family,1,1969,3300,1,Masonry veneer,Basement,No,,No,13,No,No,,,5,Tile,Mixed,Good,2021.0,1,No,DEMO-ONLY/784/roof_verification,Copper,Circuit breakers,,200,Copper,,9,Garage,Central gas,,No,No,No,,No,Yes,Yes,None,None,No,No,No,4.1,250,,Yes,No,No,No,No,No,,25,46,X,,No,No,No,,HO-5,1044302,996000,99600,597600,199200,300000,5000,2500,2,No,No,No,No,In force,No,Example Mutual (synthetic),,0,No,,0,0,0,0,,Verified,Verified,Verified,Verified,Verified,DEMO-ONLY/784/property_verification,DEMO-ONLY/784/claims_verification,DEMO-ONLY/784/hazard_verification,DEMO-ONLY/784/replacement_cost_verification,Synthetic evidence scenario,2026-09-15,,No,Yes,Yes,Yes,,DEMO-2026-00784,2,Demo portfolio,2026-08-17T12:00:00+00:00,0.0,B
Sam Parker · Demo 785,,homeowner785@example.com,202-555-0100,HomeGuard Demo Agency,2026-09-15,Individual,,884 Example Lane,Sample City,MD,01784,Sample County,Owner-occupied,Yes,Detached single family,1,1958,2700,1,Masonry veneer,Crawl space,No,,No,3,No,No,,,11,Architectural shingle,Mixed,Good,2015.0,1,No,DEMO-ONLY/785/roof_verification,Knob and tube,Circuit breakers,,200,Copper,,6,Garage,Central electric,,No,No,No,,No,Yes,Yes,None,None,No,No,No,4.2,600,,No,No,No,No,No,No,,28,46,X,,No,No,No,,HO-3,1373780,1263000,126300,757800,252600,500000,5000,1000,2,No,No,No,No,In force,No,Example Mutual (synthetic),,0,No,,0,0,0,0,,Verified,Verified,Verified,Verified,Verified,DEMO-ONLY/785/property_verification,DEMO-ONLY/785/claims_verification,DEMO-ONLY/785/hazard_verification,DEMO-ONLY/785/replacement_cost_verification,Synthetic evidence scenario,2026-09-15,,No,Yes,Yes,Yes,,DEMO-2026-00785,2,Demo portfolio,2026-08-24T12:00:00+00:00,0.0,B
Sam Ellis · Demo 786,,homeowner786@example.com,202-555-0100,HomeGuard Demo Agency,2026-09-15,Individual,,885 Example Lane,Sample City,MA,01785,Sample County,Owner-occupied,Yes,Detached single family,1,1959,3650,2,Solid masonry,Slab,No,,No,1,No,No,,,11,Metal,Hip,Good,2015.0,1,No,DEMO-ONLY/786/roof_verification,Copper,Circuit breakers,,200,Galvanized,,8,Garage,Heat pump,,No,No,No,,No,Yes,Yes,None,None,No,No,No,4.2,150,,No,No,No,No,No,No,,48,1,X,,No,No,No,,HO-5,1357973,1188000,118800,712800,237600,100000,5000,1000,2,No,No,No,No,In force,No,Example Mutual (synthetic),,0,No,,0,0,0,0,,Verified,Verified,Verified,Verified,Verified,DEMO-ONLY/786/property_verification,DEMO-ONLY/786/claims_verification,DEMO-ONLY/786/hazard_verification,DEMO-ONLY/786/replacement_cost_verification,Synthetic evidence scenario,2026-09-15,,No,Yes,Yes,Yes,,DEMO-2026-00786,2,Demo portfolio,2026-08-08T12:00:00+00:00,0.0,B
Sam Parker · Demo 787,,homeowner787@example.com,202-555-0100,HomeGuard Demo Agency,2026-09-15,Individual,,886 Example Lane,Sample City,MI,01786,Sample County,Owner-occupied,Yes,Detached single family,1,2013,1850,2,Masonry veneer,Basement,No,,No,17,No,No,,,6,Tile,Gable,Good,2020.0,1,No,DEMO-ONLY/787/roof_verification,Copper,Circuit breakers,,200,Copper,,4,Garage,Heat pump,,No,No,No,,No,Yes,Yes,None,None,No,No,No,2.3,900,,No,No,No,No,No,No,,35,22,X,,No,No,No,,HO-3,897083,975000,97500,585000,195000,500000,5000,1000,2,No,No,No,No,In force,No,Example Mutual (synthetic),,0,No,,0,0,0,0,,Verified,Verified,Verified,Verified,Verified,DEMO-ONLY/787/property_verification,DEMO-ONLY/787/claims_verification,DEMO-ONLY/787/hazard_verification,DEMO-ONLY/787/replacement_cost_verification,Synthetic evidence scenario,2026-09-15,,No,Yes,Yes,Yes,,DEMO-2026-00787,2,Demo portfolio,2026-08-25T12:00:00+00:00,0.0,A
Jordan Lane · Demo 788,,homeowner788@example.com,202-555-0100,HomeGuard Demo Agency,2026-09-15,Individual,,887 Example Lane,Sample City,MN,01787,Sample County,Owner-occupied,Yes,Detached single family,1,1973,2100,1,Masonry veneer,Basement,No,,No,7,No,No,,,6,Slate,Mixed,Good,2020.0,1,No,DEMO-ONLY/788/roof_verification,Copper,Circuit breakers,,200,Copper,,3,Garage,Central electric,,No,No,No,,No,Yes,Yes,None,None,No,No,No,0.5,450,,No,No,No,No,No,No,,26,39,X,,No,No,No,,HO-5,859430,923000,92300,553800,184600,100000,5000,2500,2,No,No,No,No,In force,No,Example Mutual (synthetic),,0,No,,1,1,10000,0,"Synthetic loss-run example: 1 claim(s), 0 open; total paid $10,000. Not a real claims report.",Verified,Verified,Verified,Verified,Verified,DEMO-ONLY/788/property_verification,DEMO-ONLY/788/claims_verification,DEMO-ONLY/788/hazard_verification,DEMO-ONLY/788/replacement_cost_verification,Synthetic evidence scenario,2026-09-15,,No,Yes,Yes,Yes,,DEMO-2026-00788,2,Demo portfolio,2026-07-30T12:00:00+00:00,0.010834236186348862,B
Jordan Lane · Demo 789,,homeowner789@example.com,202-555-0100,HomeGuard Demo Agency,2026-09-15,Individual,,888 Example Lane,Sample City,MS,01788,Sample County,Owner-occupied,Yes,Detached single family,1,1960,3400,3,Frame,Slab,No,,No,4,No,No,,,32,Tile,Hip,Poor,,1,No,DEMO-ONLY/789/roof_verification,Copper,Circuit breakers,,200,PEX / PVC / CPVC,,9,Garage,Central electric,,No,No,No,,No,Yes,Yes,None,None,No,No,No,2.6,500,,No,No,No,No,No,No,,24,36,X,,No,No,No,,HO-5,579329,697000,69700,418200,139400,500000,5000,2500,2,No,No,No,No,In force,No,Example Mutual (synthetic),,0,No,,0,0,0,0,,Verified,Verified,Verified,Verified,Verified,DEMO-ONLY/789/property_verification,DEMO-ONLY/789/claims_verification,DEMO-ONLY/789/hazard_verification,DEMO-ONLY/789/replacement_cost_verification,Synthetic evidence scenario,2026-09-15,,No,Yes,Yes,Yes,,DEMO-2026-00789,2,Demo portfolio,2026-09-09T12:00:00+00:00,0.0,F
Casey Parker · Demo 790,,homeowner790@example.com,202-555-0100,HomeGuard Demo Agency,2026-09-15,Individual,,889 Example Lane,Sample City,MO,01789,Sample County,Owner-occupied,Yes,Detached single family,1,1991,4100,1,Masonry veneer,Basement,No,,No,6,No,No,,,5,Architectural shingle,Mixed,Good,2021.0,1,No,DEMO-ONLY/790/roof_verification,Copper,Circuit breakers,,200,Copper,,2,Garage,Central gas,,No,No,No,,No,Yes,Yes,None,None,No,No,No,4.7,900,,No,No,No,No,No,No,,42,47,X,,No,No,No,,HO-3,433658,509000,50900,305400,101800,300000,5000,5000,2,No,No,No,No,In force,No,Example Mutual (synthetic),,0,No,,0,0,0,0,,Verified,Verified,Verified,Verified,Verified,DEMO-ONLY/790/property_verification,DEMO-ONLY/790/claims_verification,DEMO-ONLY/790/hazard_verification,DEMO-ONLY/790/replacement_cost_verification,Synthetic evidence scenario,2026-09-15,,No,Yes,Yes,Yes,,DEMO-2026-00790,2,Demo portfolio,2026-08-09T12:00:00+00:00,0.0,A
Taylor Lane · Demo 791,,homeowner791@example.com,202-555-0100,HomeGuard Demo Agency,2026-09-15,Individual,,890 Example Lane,Sample City,MT,01790,Sample County,Owner-occupied,Yes,Detached single family,1,1973,2600,2,Masonry veneer,Slab,No,,No,9,No,No,,,3,Metal,Gable,Good,2023.0,1,No,DEMO-ONLY/791/roof_verification,Copper,Circuit breakers,,200,PEX / PVC / CPVC,,9,Garage,Central gas,,No,No,No,,No,Yes,Yes,None,None,No,No,No,3.2,900,,No,No,No,No,No,No,,39,7,X,,No,No,No,,HO-5,814806,836000,83600,501600,167200,500000,5000,1000,2,No,No,No,No,In force,No,Example Mutual (synthetic),,0,No,,0,0,0,0,,Verified,Verified,Verified,Not checked,Verified,DEMO-ONLY/791/property_verification,DEMO-ONLY/791/claims_verification,,DEMO-ONLY/791/replacement_cost_verification,Synthetic evidence scenario,2026-09-15,,No,Yes,Yes,Yes,,DEMO-2026-00791,2,Demo portfolio,2026-09-13T12:00:00+00:00,0.0,B
Alex Parker · Demo 792,,homeowner792@example.com,202-555-0100,HomeGuard Demo Agency,2026-09-15,Individual,,891 Example Lane,Sample City,NE,01791,Sample County,Owner-occupied,Yes,Detached single family,1,1954,2700,2,Masonry veneer,Crawl space,No,,No,0,No,No,,,7,Tile,Mixed,Fair,2019.0,1,No,DEMO-ONLY/792/roof_verification,Copper,Circuit breakers,,200,PEX / PVC / CPVC,,1,Garage,Central gas,,No,No,No,,No,Yes,Yes,None,None,No,No,No,2.6,150,,Yes,Yes,No,No,No,No,,11,30,X,,No,No,No,,HO-5,241607,248000,24800,148800,49600,100000,5000,2500,2,No,No,No,No,In force,No,Example Mutual (synthetic),,0,No,,0,0,0,0,,Verified,Verified,Verified,Verified,Verified,DEMO-ONLY/792/property_verification,DEMO-ONLY/792/claims_verification,DEMO-ONLY/792/hazard_verification,DEMO-ONLY/792/replacement_cost_verification,Synthetic evidence scenario,2026-09-15,,No,Yes,Yes,Yes,,DEMO-2026-00792,2,Demo portfolio,2026-08-16T12:00:00+00:00,0.0,A
Morgan Reed · Demo 793,,homeowner793@example.com,202-555-0100,HomeGuard Demo Agency,2026-09-15,Individual,,892 Example Lane,Sample City,NV,01792,Sample County,Owner-occupied,Yes,Detached single family,1,2006,2500,3,Masonry veneer,Basement,No,,No,18,No,No,,,18,Slate,Hip,Good,2008.0,1,No,DEMO-ONLY/793/roof_verification,Copper,Circuit breakers,,200,PEX / PVC / CPVC,,7,Garage,Central electric,,No,No,No,,No,Yes,Yes,None,None,No,No,No,4.2,400,,No,No,No,No,No,No,,45,21,X,,No,No,No,,HO-5,1479312,1490000,149000,894000,298000,300000,5000,2500,2,No,No,No,No,In force,No,Example Mutual (synthetic),,0,No,,1,0,156392,0,"Synthetic loss-run example: 1 claim(s), 0 open; total paid $156,392. Not a real claims report.",Verified,Verified,Verified,Verified,Verified,DEMO-ONLY/793/property_verification,DEMO-ONLY/793/claims_verification,DEMO-ONLY/793/hazard_verification,DEMO-ONLY/793/replacement_cost_verification,Synthetic evidence scenario,2026-09-15,,No,Yes,Yes,Yes,,DEMO-2026-00793,2,Demo portfolio,2026-08-23T12:00:00+00:00,0.10496107382550336,A
Taylor Parker · Demo 794,,homeowner794@example.com,202-555-0100,HomeGuard Demo Agency,2026-09-15,Individual,,893 Example Lane,Sample City,NH,01793,Sample County,Owner-occupied,Yes,Detached single family,1,1970,2100,2,Solid masonry,Slab,No,,No,4,No,No,,,5,Tile,Gable,Good,2021.0,1,No,DEMO-ONLY/794/roof_verification,Copper,Circuit breakers,,200,PEX / PVC / CPVC,,8,Garage,Central electric,,No,No,No,,No,Yes,Yes,None,None,No,No,No,3.9,550,,No,No,No,No,No,No,,9,31,X,,No,No,No,,HO-5,861320,857000,85700,514200,171400,500000,5000,5000,2,No,No,No,No,In force,No,Example Mutual (synthetic),,0,No,,0,0,0,0,,Verified,Verified,Verified,Verified,Verified,DEMO-ONLY/794/property_verification,DEMO-ONLY/794/claims_verification,DEMO-ONLY/794/hazard_verification,DEMO-ONLY/794/replacement_cost_verification,Synthetic evidence scenario,2026-09-15,,No,Yes,Yes,Yes,,DEMO-2026-00794,2,Demo portfolio,2026-07-30T12:00:00+00:00,0.0,A
Jordan Reed · Demo 795,,homeowner795@example.com,202-555-0100,HomeGuard Demo Agency,2026-09-15,Individual,,894 Example Lane,Sample City,NJ,01794,Sample County,Owner-occupied,Yes,Detached single family,1,1998,2400,2,Solid masonry,Basement,No,,No,11,No,No,,,9,Slate,Mixed,Good,2017.0,1,No,DEMO-ONLY/795/roof_verification,Copper,Circuit breakers,,200,PEX / PVC / CPVC,,10,Garage,Heat pump,,No,No,No,,No,Yes,Yes,None,None,No,No,No,2.4,600,,No,No,No,No,No,No,,33,18,X,,No,No,No,,HO-5,909961,923000,92300,553800,184600,500000,5000,2500,2,No,No,No,No,In force,No,Example Mutual (synthetic),,0,No,,0,0,0,0,,Verified,Verified,Verified,Verified,Verified,DEMO-ONLY/795/property_verification,DEMO-ONLY/795/claims_verification,DEMO-ONLY/795/hazard_verification,DEMO-ONLY/795/replacement_cost_verification,Synthetic evidence scenario,2026-09-15,,No,Yes,Yes,Yes,,DEMO-2026-00795,2,Demo portfolio,2026-08-16T12:00:00+00:00,0.0,A
Alex Ellis · Demo 796,,homeowner796@example.com,202-555-0100,HomeGuard Demo Agency,2026-09-15,Individual,,895 Example Lane,Sample City,NM,01795,Sample County,Owner-occupied,Yes,Detached single family,1,1966,4200,2,Masonry veneer,Crawl space,No,,No,6,No,No,,,13,Architectural shingle,Hip,Fair,2013.0,1,No,DEMO-ONLY/796/roof_verification,Copper,Circuit breakers,,200,PEX / PVC / CPVC,,14,Garage,Central gas,,No,No,No,,No,Yes,Yes,None,None,No,No,No,1.2,850,,No,No,No,No,No,No,,5,47,X,,No,No,No,,HO-5,991372,1037000,103700,622200,207400,100000,5000,1000,2,No,No,No,No,In force,No,Example Mutual (synthetic),,0,No,,0,0,0,0,,Verified,Verified,Verified,Verified,Verified,DEMO-ONLY/796/property_verification,DEMO-ONLY/796/claims_verification,DEMO-ONLY/796/hazard_verification,DEMO-ONLY/796/replacement_cost_verification,Synthetic evidence scenario,2026-09-15,,No,Yes,Yes,Yes,,DEMO-2026-00796,2,Demo portfolio,2026-09-12T12:00:00+00:00,0.0,A
Sam Hayes · Demo 797,,homeowner797@example.com,202-555-0100,HomeGuard Demo Agency,2026-09-15,Individual,,896 Example Lane,Sample City,NY,01796,Sample County,Owner-occupied,Yes,Detached single family,1,1965,1800,3,Masonry veneer,Crawl space,No,,No,15,No,No,,,18,Slate,Gable,Fair,2008.0,1,No,DEMO-ONLY/797/roof_verification,Copper,Circuit breakers,,200,PEX / PVC / CPVC,,4,Garage,Heat pump,,No,No,No,,No,Yes,Yes,None,None,No,No,No,1.8,700,,No,No,No,No,No,No,,14,35,X,,No,No,No,,HO-5,432000,384000,38400,230400,76800,100000,5000,2500,2,No,No,No,No,In force,No,Example Mutual (synthetic),,0,No,,1,0,41548,0,"Synthetic loss-run example: 1 claim(s), 0 open; total paid $41,548. Not a real claims report.",Verified,Verified,Verified,Verified,Verified,DEMO-ONLY/797/property_verification,DEMO-ONLY/797/claims_verification,DEMO-ONLY/797/hazard_verification,DEMO-ONLY/797/replacement_cost_verification,Synthetic evidence scenario,2026-09-15,,No,Yes,Yes,Yes,,DEMO-2026-00797,2,Demo portfolio,2026-07-22T12:00:00+00:00,0.10819791666666667,A
Taylor Parker · Demo 798,,homeowner798@example.com,202-555-0100,HomeGuard Demo Agency,2026-09-15,Individual,,897 Example Lane,Sample City,NC,01797,Sample County,Owner-occupied,Yes,Detached single family,1,1987,1850,1,Masonry veneer,Slab,No,,No,14,No,No,,,15,Architectural shingle,Gable,Good,2011.0,1,No,DEMO-ONLY/798/roof_verification,Copper,Circuit breakers,,200,Copper,,3,Garage,Central gas,,No,No,No,,No,Yes,Yes,None,None,No,No,No,1.6,100,,No,No,No,No,No,No,,6,24,X,,No,No,No,,HO-5,388534,402000,40200,241200,80400,300000,5000,5000,2,No,No,No,No,In force,No,Example Mutual (synthetic),,0,No,,0,0,0,0,,Verified,Verified,Verified,Verified,Verified,DEMO-ONLY/798/property_verification,DEMO-ONLY/798/claims_verification,DEMO-ONLY/798/hazard_verification,DEMO-ONLY/798/replacement_cost_verification,Synthetic evidence scenario,2026-09-15,,No,Yes,Yes,Yes,,DEMO-2026-00798,2,Demo portfolio,2026-08-14T12:00:00+00:00,0.0,A
Morgan Hayes · Demo 799,,homeowner799@example.com,202-555-0100,HomeGuard Demo Agency,2026-09-15,Individual,,898 Example Lane,Sample City,ND,01798,Sample County,Owner-occupied,Yes,Detached single family,1,2007,2700,2,Masonry veneer,Basement,No,,No,3,No,No,,,17,Slate,Mixed,Good,2009.0,1,No,DEMO-ONLY/799/roof_verification,Copper,Circuit breakers,,200,Copper,,3,Garage,Central gas,,No,No,No,,No,Yes,Yes,None,None,No,No,No,3.3,350,,Yes,Yes,No,No,No,No,,9,12,X,,No,No,No,,HO-5,488436,528000,52800,316800,105600,500000,5000,5000,2,No,No,No,No,In force,No,Example Mutual (synthetic),,0,No,,0,0,0,0,,Verified,Verified,Verified,Verified,Verified,DEMO-ONLY/799/property_verification,DEMO-ONLY/799/claims_verification,DEMO-ONLY/799/hazard_verification,DEMO-ONLY/799/replacement_cost_verification,Synthetic evidence scenario,2026-09-15,,No,Yes,Yes,Yes,,DEMO-2026-00799,2,Demo portfolio,2026-08-26T12:00:00+00:00,0.0,A
Taylor Hayes · Demo 800,,homeowner800@example.com,202-555-0100,HomeGuard Demo Agency,2026-09-15,Individual,,899 Example Lane,Sample City,OH,01799,Sample County,Owner-occupied,Yes,Detached single family,1,1993,1300,3,Solid masonry,Crawl space,No,,No,15,No,No,,,12,Architectural shingle,Hip,Good,2014.0,1,No,DEMO-ONLY/800/roof_verification,Copper,Circuit breakers,,200,Copper,,10,Garage,Central gas,,No,No,No,,No,Yes,Yes,None,None,No,No,No,2.0,400,,No,No,No,No,No,No,,5,16,X,,No,No,No,,HO-5,355412,416000,41600,249600,83200,100000,5000,1000,2,No,No,No,No,In force,No,Example Mutual (synthetic),,0,No,,0,0,0,0,,Verified,Verified,Verified,Verified,Verified,DEMO-ONLY/800/property_verification,DEMO-ONLY/800/claims_verification,DEMO-ONLY/800/hazard_verification,DEMO-ONLY/800/replacement_cost_verification,Synthetic evidence scenario,2026-09-15,,No,Yes,Yes,Yes,,DEMO-2026-00800,2,Demo portfolio,2026-08-30T12:00:00+00:00,0.0,A
Taylor Brooks · Demo 801,,homeowner801@example.com,202-555-0100,HomeGuard Demo Agency,2026-09-15,Individual,,900 Example Lane,Sample City,OK,01800,Sample County,Owner-occupied,Yes,Detached single family,1,1978,1300,2,Frame,Crawl space,No,,No,6,No,No,,,7,Tile,Hip,Fair,2019.0,1,No,DEMO-ONLY/801/roof_verification,Copper,Circuit breakers,,200,Copper,,1,Garage,Central gas,,No,No,No,,No,Yes,Yes,None,None,No,No,No,2.7,700,,No,No,No,No,No,No,,34,42,X,,No,No,No,,HO-3,796201,908000,90800,544800,181600,100000,5000,5000,2,No,No,No,No,In force,No,Example Mutual (synthetic),,0,No,,1,0,164304,0,"Synthetic loss-run example: 1 claim(s), 0 open; total paid $164,304. Not a real claims report.",Verified,Verified,Verified,Not checked,Verified,DEMO-ONLY/801/property_verification,DEMO-ONLY/801/claims_verification,,DEMO-ONLY/801/replacement_cost_verification,Synthetic evidence scenario,2026-09-15,,No,Yes,Yes,Yes,,DEMO-2026-00801,2,Demo portfolio,2026-07-25T12:00:00+00:00,0.18095154185022028,B
Sam Brooks · Demo 802,,homeowner802@example.com,202-555-0100,HomeGuard Demo Agency,2026-09-15,Individual,,901 Example Lane,Sample City,OR,01801,Sample County,Owner-occupied,Yes,Detached single family,1,1959,1050,1,Masonry veneer,Slab,No,,No,7,No,No,,,18,Architectural shingle,Gable,Fair,2008.0,1,No,DEMO-ONLY/802/roof_verification,Copper,Circuit breakers,,200,Copper,,8,Garage,Central electric,,No,No,No,,No,Yes,Yes,None,None,No,No,No,2.8,100,,No,No,No,No,No,No,,20,44,X,,No,No,No,,HO-5,1491170,1400000,140000,840000,280000,300000,5000,5000,2,No,No,No,No,In force,No,Example Mutual (synthetic),,0,No,,0,0,0,0,,Verified,Verified,Verified,Verified,Verified,DEMO-ONLY/802/property_verification,DEMO-ONLY/802/claims_verification,DEMO-ONLY/802/hazard_verification,DEMO-ONLY/802/replacement_cost_verification,Synthetic evidence scenario,2026-09-15,,No,Yes,Yes,Yes,,DEMO-2026-00802,2,Demo portfolio,2026-08-04T12:00:00+00:00,0.0,A
Taylor Parker · Demo 803,,homeowner803@example.com,202-555-0100,HomeGuard Demo Agency,2026-09-15,Individual,,902 Example Lane,Sample City,PA,01802,Sample County,Owner-occupied,Yes,Detached single family,1,2001,2300,3,Solid masonry,Slab,No,,No,13,No,No,,,15,Metal,Mixed,Fair,2011.0,1,No,DEMO-ONLY/803/roof_verification,Copper,Circuit breakers,,200,Copper,,1,Garage,Heat pump,,No,No,No,,No,Yes,Yes,None,None,No,No,No,3.4,200,,No,No,No,No,No,No,,40,30,X,,No,No,No,,HO-5,334334,302000,30200,181200,60400,100000,5000,5000,2,No,No,No,No,In force,No,Example Mutual (synthetic),,0,No,,1,0,10000,1,"Synthetic loss-run example: 1 claim(s), 1 open; total paid $10,000. Not a real claims report.",Verified,Verified,Verified,Verified,Verified,DEMO-ONLY/803/property_verification,DEMO-ONLY/803/claims_verification,DEMO-ONLY/803/hazard_verification,DEMO-ONLY/803/replacement_cost_verification,Synthetic evidence scenario,2026-09-15,,No,Yes,Yes,Yes,,DEMO-2026-00803,2,Demo portfolio,2026-07-30T12:00:00+00:00,0.033112582781456956,F
Sam Brooks · Demo 804,,homeowner804@example.com,202-555-0100,HomeGuard Demo Agency,2026-09-15,Individual,,903 Example Lane,Sample City,RI,01803,Sample County,Owner-occupied,Yes,Detached single family,1,1954,3050,2,Masonry veneer,Crawl space,No,,No,5,No,No,,,15,Tile,Mixed,Fair,2011.0,1,No,DEMO-ONLY/804/roof_verification,Copper,Circuit breakers,,200,PEX / PVC / CPVC,,4,Garage,Central electric,,No,No,No,,No,Yes,Yes,None,None,No,No,No,3.5,500,,No,No,No,No,No,No,,34,43,X,,No,No,No,,HO-5,1374666,1396000,139600,837600,279200,100000,5000,5000,2,No,No,No,No,In force,No,Example Mutual (synthetic),,0,No,,0,0,0,0,,Verified,Verified,Verified,Verified,Verified,DEMO-ONLY/804/property_verification,DEMO-ONLY/804/claims_verification,DEMO-ONLY/804/hazard_verification,DEMO-ONLY/804/replacement_cost_verification,Synthetic evidence scenario,2026-09-15,,No,Yes,Yes,Yes,,DEMO-2026-00804,2,Demo portfolio,2026-09-06T12:00:00+00:00,0.0,A
Morgan Brooks · Demo 805,,homeowner805@example.com,202-555-0100,HomeGuard Demo Agency,2026-09-15,Individual,,904 Example Lane,Sample City,SC,01804,Sample County,Owner-occupied,Yes,Detached single family,1,1952,4200,1,Frame,Crawl space,No,,No,5,No,No,,,3,Metal,Mixed,Fair,2023.0,1,No,DEMO-ONLY/805/roof_verification,Copper,Circuit breakers,,200,PEX / PVC / CPVC,,2,Garage,Heat pump,,No,No,No,,No,Yes,Yes,None,None,No,No,No,4.5,350,,No,No,No,No,No,No,,47,23,X,,No,No,No,,HO-5,1183664,1186000,118600,711600,237200,500000,5000,2500,2,No,No,No,No,In force,No,Example Mutual (synthetic),,0,No,,1,0,187448,0,"Synthetic loss-run example: 1 claim(s), 0 open; total paid $187,448. Not a real claims report.",Verified,Verified,Verified,Verified,Verified,DEMO-ONLY/805/property_verification,DEMO-ONLY/805/claims_verification,DEMO-ONLY/805/hazard_verification,DEMO-ONLY/805/replacement_cost_verification,Synthetic evidence scenario,2026-09-15,,No,Yes,Yes,Yes,,DEMO-2026-00805,2,Demo portfolio,2026-07-26T12:00:00+00:00,0.1580505902192243,A
Taylor Brooks · Demo 806,,homeowner806@example.com,202-555-0100,HomeGuard Demo Agency,2026-09-15,Individual,,905 Example Lane,Sample City,SD,01805,Sample County,Owner-occupied,Yes,Detached single family,1,1968,1400,3,Solid masonry,Basement,No,,No,3,No,No,,,11,Slate,Mixed,Poor,2015.0,1,No,DEMO-ONLY/806/roof_verification,Copper,Circuit breakers,,200,Copper,,7,Garage,Central electric,,No,No,No,,No,Yes,Yes,None,None,No,No,No,4.7,650,,No,No,No,No,No,No,,44,23,X,,No,No,No,,HO-5,1594869,1497000,149700,898200,299400,100000,5000,5000,2,No,No,No,No,In force,No,Example Mutual (synthetic),,0,No,,0,0,0,0,,Verified,Verified,Verified,Verified,Verified,DEMO-ONLY/806/property_verification,DEMO-ONLY/806/claims_verification,DEMO-ONLY/806/hazard_verification,DEMO-ONLY/806/replacement_cost_verification,Synthetic evidence scenario,2026-09-15,,No,Yes,Yes,Yes,,DEMO-2026-00806,2,Demo portfolio,2026-09-11T12:00:00+00:00,0.0,B
Casey Reed · Demo 807,,homeowner807@example.com,202-555-0100,HomeGuard Demo Agency,2026-09-15,Individual,,906 Example Lane,Sample City,TN,01806,Sample County,Owner-occupied,Yes,Detached single family,1,1986,4000,2,Frame,Crawl space,No,,No,17,No,No,,,13,Slate,Gable,Good,2013.0,1,No,DEMO-ONLY/807/roof_verification,Copper,Circuit breakers,,200,Copper,,4,Garage,Central gas,,No,No,No,,No,Yes,Yes,None,None,No,No,No,3.8,400,,No,No,No,No,No,No,,49,41,X,,No,No,No,,HO-3,1212504,1117000,111700,670200,223400,500000,5000,1000,2,No,No,No,No,In force,No,Example Mutual (synthetic),,0,No,,0,0,0,0,,Verified,Verified,Verified,Verified,Verified,DEMO-ONLY/807/property_verification,DEMO-ONLY/807/claims_verification,DEMO-ONLY/807/hazard_verification,DEMO-ONLY/807/replacement_cost_verification,Synthetic evidence scenario,2026-09-15,,No,Yes,Yes,Yes,,DEMO-2026-00807,2,Demo portfolio,2026-09-14T12:00:00+00:00,0.0,A
Taylor Parker · Demo 808,,homeowner808@example.com,202-555-0100,HomeGuard Demo Agency,2026-09-15,Individual,,907 Example Lane,Sample City,TX,01807,Sample County,Owner-occupied,Yes,Detached single family,1,1974,4400,3,Solid masonry,Crawl space,No,,No,15,No,No,,,16,Metal,Mixed,Fair,2010.0,1,No,DEMO-ONLY/808/roof_verification,Copper,Circuit breakers,,200,Copper,,5,Garage,Central gas,,No,No,No,,No,Yes,Yes,None,None,No,No,No,2.9,300,,No,No,No,No,No,No,,15,8,X,,No,No,No,,HO-3,854847,936000,93600,561600,187200,100000,5000,5000,2,No,No,No,No,In force,No,Example Mutual (synthetic),,0,No,,0,0,0,0,,Verified,Verified,Verified,Verified,Verified,DEMO-ONLY/808/property_verification,DEMO-ONLY/808/claims_verification,DEMO-ONLY/808/hazard_verification,DEMO-ONLY/808/replacement_cost_verification,Synthetic evidence scenario,2026-09-15,,No,Yes,Yes,Yes,,DEMO-2026-00808,2,Demo portfolio,2026-08-27T12:00:00+00:00,0.0,A
Alex Lane · Demo 809,,homeowner809@example.com,202-555-0100,HomeGuard Demo Agency,2026-09-15,Individual,,908 Example Lane,Sample City,UT,01808,Sample County,Owner-occupied,Yes,Detached single family,1,1990,1650,3,Solid masonry,Basement,No,,No,17,No,No,,,3,Metal,Mixed,Good,2023.0,1,No,DEMO-ONLY/809/roof_verification,Copper,Circuit breakers,,200,Copper,,13,Garage,Central electric,,No,No,No,,No,Yes,Yes,None,None,No,No,No,3.8,750,,No,No,No,No,No,No,,37,4,X,,No,No,No,,HO-3,236945,264000,26400,158400,52800,300000,5000,1000,2,No,No,No,No,In force,No,Example Mutual (synthetic),,0,No,,1,0,11402,0,"Synthetic loss-run example: 1 claim(s), 0 open; total paid $11,402. Not a real claims report.",Verified,Verified,Verified,Verified,Verified,DEMO-ONLY/809/property_verification,DEMO-ONLY/809/claims_verification,DEMO-ONLY/809/hazard_verification,DEMO-ONLY/809/replacement_cost_verification,Synthetic evidence scenario,2026-09-15,,No,Yes,Yes,Yes,,DEMO-2026-00809,2,Demo portfolio,2026-08-29T12:00:00+00:00,0.04318939393939394,A
Sam Ellis · Demo 810,,homeowner810@example.com,202-555-0100,HomeGuard Demo Agency,2026-09-15,Individual,,909 Example Lane,Sample City,VT,01809,Sample County,Owner-occupied,Yes,Detached single family,1,2016,4700,3,Solid masonry,Slab,No,,No,10,No,No,,,5,Metal,Hip,Good,2021.0,1,No,DEMO-ONLY/810/roof_verification,Copper,Circuit breakers,,200,PEX / PVC / CPVC,,9,Garage,Central electric,,No,No,No,,No,Yes,Yes,None,None,No,No,No,1.4,100,,No,No,No,No,No,No,,15,89,X,,No,No,No,,HO-3,451200,398000,39800,238800,79600,100000,5000,5000,2,No,No,No,No,In force,No,Example Mutual (synthetic),,0,No,,0,0,0,0,,Verified,Verified,Verified,Verified,Verified,DEMO-ONLY/810/property_verification,DEMO-ONLY/810/claims_verification,DEMO-ONLY/810/hazard_verification,DEMO-ONLY/810/replacement_cost_verification,Synthetic evidence scenario,2026-09-15,,No,Yes,Yes,Yes,,DEMO-2026-00810,2,Demo portfolio,2026-09-04T12:00:00+00:00,0.0,F
Casey Ellis · Demo 811,,homeowner811@example.com,202-555-0100,HomeGuard Demo Agency,2026-09-15,Individual,,910 Example Lane,Sample City,VA,01810,Sample County,Owner-occupied,Yes,Detached single family,1,1996,4600,1,Masonry veneer,Slab,No,,No,15,No,No,,,9,Metal,Mixed,Good,2017.0,1,No,DEMO-ONLY/811/roof_verification,Copper,Circuit breakers,,200,Copper,,1,Garage,Heat pump,,No,No,No,,No,Yes,Yes,None,None,No,No,No,4.5,450,,No,No,No,No,No,No,,9,27,X,,No,No,No,,HO-5,914541,935000,93500,561000,187000,300000,5000,5000,2,No,No,No,No,In force,No,Example Mutual (synthetic),,0,No,,0,0,0,0,,Verified,Verified,Verified,Not checked,Verified,DEMO-ONLY/811/property_verification,DEMO-ONLY/811/claims_verification,,DEMO-ONLY/811/replacement_cost_verification,Synthetic evidence scenario,2026-09-15,,No,Yes,Yes,Yes,,DEMO-2026-00811,2,Demo portfolio,2026-08-22T12:00:00+00:00,0.0,B
Taylor Lane · Demo 812,,homeowner812@example.com,202-555-0100,HomeGuard Demo Agency,2026-09-15,Individual,,911 Example Lane,Sample City,WA,01811,Sample County,Seasonal,Yes,Detached single family,1,1988,5100,3,Frame,Crawl space,No,,No,17,No,No,,,6,Metal,Mixed,Good,2020.0,1,No,DEMO-ONLY/812/roof_verification,Copper,Circuit breakers,,200,Copper,,3,Garage,Central electric,,No,No,No,,No,Yes,Yes,None,None,No,No,No,3.5,350,,No,No,No,No,No,No,,43,49,X,,No,No,No,,HO-3,799343,778000,77800,466800,155600,300000,5000,5000,2,No,No,No,No,In force,No,Example Mutual (synthetic),,0,No,,0,0,0,0,,Verified,Verified,Verified,Verified,Verified,DEMO-ONLY/812/property_verification,DEMO-ONLY/812/claims_verification,DEMO-ONLY/812/hazard_verification,DEMO-ONLY/812/replacement_cost_verification,Synthetic evidence scenario,2026-09-15,,No,Yes,Yes,Yes,,DEMO-2026-00812,2,Demo portfolio,2026-08-02T12:00:00+00:00,0.0,B
Alex Hayes · Demo 813,,homeowner813@example.com,202-555-0100,HomeGuard Demo Agency,2026-09-15,Individual,,912 Example Lane,Sample City,WV,01812,Sample County,Owner-occupied,Yes,Detached single family,1,2016,3100,3,Masonry veneer,Slab,No,,No,7,No,No,,,2,Slate,Mixed,Good,2024.0,1,No,DEMO-ONLY/813/roof_verification,Copper,Circuit breakers,,200,Copper,,10,Garage,Heat pump,,No,No,No,,No,Yes,Yes,None,None,No,No,No,0.3,300,,Yes,Yes,No,No,No,No,,19,21,X,,No,No,No,,HO-5,636388,644000,64400,386400,128800,500000,5000,5000,2,No,No,No,No,In force,No,Example Mutual (synthetic),,0,No,,1,0,9283,0,"Synthetic loss-run example: 1 claim(s), 0 open; total paid $9,283. Not a real claims report.",Verified,Verified,Verified,Verified,Verified,DEMO-ONLY/813/property_verification,DEMO-ONLY/813/claims_verification,DEMO-ONLY/813/hazard_verification,DEMO-ONLY/813/replacement_cost_verification,Synthetic evidence scenario,2026-09-15,,No,Yes,Yes,Yes,,DEMO-2026-00813,2,Demo portfolio,2026-09-15T12:00:00+00:00,0.014414596273291926,A
Jordan Reed · Demo 814,,homeowner814@example.com,202-555-0100,HomeGuard Demo Agency,2026-09-15,Individual,,913 Example Lane,Sample City,WI,01813,Sample County,Owner-occupied,Yes,Detached single family,1,1967,5300,2,Frame,Slab,No,,No,4,No,No,,,14,Tile,Gable,Good,2012.0,1,No,DEMO-ONLY/814/roof_verification,Copper,Circuit breakers,,200,Copper,,12,Garage,Central electric,,No,No,No,,No,Yes,Yes,None,None,No,No,No,1.3,850,,No,No,No,No,No,No,,16,28,X,,No,No,No,,HO-5,581223,775000,77500,465000,155000,500000,5000,1000,2,No,No,No,No,In force,No,Example Mutual (synthetic),,0,No,,0,0,0,0,,Verified,Verified,Verified,Verified,Verified,DEMO-ONLY/814/property_verification,DEMO-ONLY/814/claims_verification,DEMO-ONLY/814/hazard_verification,DEMO-ONLY/814/replacement_cost_verification,Synthetic evidence scenario,2026-09-15,,No,Yes,Yes,Yes,,DEMO-2026-00814,2,Demo portfolio,2026-07-23T12:00:00+00:00,0.0,B
Jordan Ellis · Demo 815,,homeowner815@example.com,202-555-0100,HomeGuard Demo Agency,2026-09-15,Individual,,914 Example Lane,Sample City,WY,01814,Sample County,Owner-occupied,Yes,Detached single family,1,1972,3050,3,Masonry veneer,Basement,No,,No,5,No,No,,,11,Metal,Hip,Good,2015.0,1,No,DEMO-ONLY/815/roof_verification,Copper,Circuit breakers,,200,Copper,,4,Garage,Central electric,,No,No,No,,No,Yes,Yes,None,None,No,No,No,2.2,200,,Yes,No,No,No,No,No,,36,48,X,,No,No,No,,HO-3,1552377,1473000,147300,883800,294600,100000,5000,5000,2,No,No,No,No,In force,No,Example Mutual (synthetic),,0,No,,0,0,0,0,,Verified,Verified,Verified,Verified,Verified,DEMO-ONLY/815/property_verification,DEMO-ONLY/815/claims_verification,DEMO-ONLY/815/hazard_verification,DEMO-ONLY/815/replacement_cost_verification,Synthetic evidence scenario,2026-09-15,,No,Yes,Yes,Yes,,DEMO-2026-00815,2,Demo portfolio,2026-08-04T12:00:00+00:00,0.0,B
Sam Ellis · Demo 816,,homeowner816@example.com,202-555-0100,HomeGuard Demo Agency,2026-09-15,Individual,,915 Example Lane,Sample City,DC,01815,Sample County,Owner-occupied,Yes,Detached single family,1,1950,4700,3,Solid masonry,Basement,No,,No,1,No,No,,,15,Slate,Hip,Fair,2011.0,1,No,DEMO-ONLY/816/roof_verification,Copper,Circuit breakers,,200,Copper,,14,Garage,Central electric,,No,No,No,,No,Yes,Yes,None,None,No,No,No,1.4,500,,No,No,No,No,No,No,,19,5,X,,No,No,No,,HO-5,770109,789000,78900,473400,157800,300000,5000,1000,2,No,No,No,No,In force,No,Example Mutual (synthetic),,0,No,,3,0,271851,0,"Synthetic loss-run example: 3 claim(s), 0 open; total paid $271,851. Not a real claims report.",Verified,Verified,Verified,Verified,Verified,DEMO-ONLY/816/property_verification,DEMO-ONLY/816/claims_verification,DEMO-ONLY/816/hazard_verification,DEMO-ONLY/816/replacement_cost_verification,Synthetic evidence scenario,2026-09-15,,No,Yes,Yes,Yes,,DEMO-2026-00816,2,Demo portfolio,2026-08-12T12:00:00+00:00,0.3445513307984791,F
Morgan Hayes · Demo 817,,homeowner817@example.com,202-555-0100,HomeGuard Demo Agency,2026-09-15,Individual,,916 Example Lane,Sample City,AL,01816,Sample County,Owner-occupied,Yes,Detached single family,1,1997,2250,2,Frame,Basement,No,,No,16,No,No,,,3,Slate,Hip,Good,2023.0,1,No,DEMO-ONLY/817/roof_verification,Copper,Circuit breakers,,200,Copper,,7,Garage,Heat pump,,No,No,No,,No,Yes,Yes,None,None,No,No,No,2.2,800,,No,No,No,No,No,No,,43,39,X,,No,No,No,,HO-3,1176235,1124000,112400,674400,224800,100000,5000,2500,2,No,No,No,No,In force,No,Example Mutual (synthetic),,0,No,,1,0,135966,0,"Synthetic loss-run example: 1 claim(s), 0 open; total paid $135,966. Not a real claims report.",Verified,Verified,Verified,Verified,Verified,DEMO-ONLY/817/property_verification,DEMO-ONLY/817/claims_verification,DEMO-ONLY/817/hazard_verification,DEMO-ONLY/817/replacement_cost_verification,Synthetic evidence scenario,2026-09-15,,No,Yes,Yes,Yes,,DEMO-2026-00817,2,Demo portfolio,2026-07-30T12:00:00+00:00,0.12096619217081851,A
Jordan Hayes · Demo 818,,homeowner818@example.com,202-555-0100,HomeGuard Demo Agency,2026-09-15,Individual,,917 Example Lane,Sample City,AK,01817,Sample County,Owner-occupied,Yes,Detached single family,1,1977,4000,1,Frame,Crawl space,No,,No,11,No,No,,,14,Metal,Mixed,Fair,2012.0,1,No,DEMO-ONLY/818/roof_verification,Copper,Circuit breakers,,200,Copper,,12,Garage,Heat pump,,No,No,No,,No,Yes,Yes,None,None,No,No,No,4.4,100,,No,No,No,No,No,No,,7,46,X,,No,No,No,,HO-3,951373,1067000,106700,640200,213400,100000,5000,5000,2,No,No,No,No,In force,No,Example Mutual (synthetic),,0,No,,0,0,0,0,,Verified,Verified,Verified,Verified,Verified,DEMO-ONLY/818/property_verification,DEMO-ONLY/818/claims_verification,DEMO-ONLY/818/hazard_verification,DEMO-ONLY/818/replacement_cost_verification,Synthetic evidence scenario,2026-09-15,,No,Yes,Yes,Yes,,DEMO-2026-00818,2,Demo portfolio,2026-08-20T12:00:00+00:00,0.0,A
Taylor Reed · Demo 819,,homeowner819@example.com,202-555-0100,HomeGuard Demo Agency,2026-09-15,Individual,,918 Example Lane,Sample City,AZ,01818,Sample County,Owner-occupied,Yes,Detached single family,1,1950,2400,3,Frame,Crawl space,No,,No,1,No,No,,,10,Slate,Gable,Good,2016.0,1,No,DEMO-ONLY/819/roof_verification,Copper,Circuit breakers,,200,PEX / PVC / CPVC,,7,Garage,Central gas,,No,No,No,,No,Yes,Yes,None,None,No,No,No,4.7,600,,No,No,No,No,No,No,,7,16,X,,No,No,No,,HO-5,628133,723000,72300,433800,144600,300000,5000,5000,2,No,No,No,No,In force,No,Example Mutual (synthetic),,0,No,,0,0,0,0,,Verified,Verified,Verified,Verified,Verified,DEMO-ONLY/819/property_verification,DEMO-ONLY/819/claims_verification,DEMO-ONLY/819/hazard_verification,DEMO-ONLY/819/replacement_cost_verification,Synthetic evidence scenario,2026-09-15,,No,Yes,Yes,Yes,,DEMO-2026-00819,2,Demo portfolio,2026-08-27T12:00:00+00:00,0.0,A
Morgan Lane · Demo 820,,homeowner820@example.com,202-555-0100,HomeGuard Demo Agency,2026-09-15,Individual,,919 Example Lane,Sample City,AR,01819,Sample County,Owner-occupied,Yes,Detached single family,1,1967,1450,1,Solid masonry,Slab,No,,No,12,No,No,,,15,Metal,Hip,Fair,2011.0,1,No,DEMO-ONLY/820/roof_verification,Copper,Circuit breakers,,200,PEX / PVC / CPVC,,2,Garage,Central electric,,No,No,No,,No,Yes,Yes,None,None,No,No,No,3.8,250,,Yes,Yes,No,No,No,No,,39,11,X,,No,No,No,,HO-5,996524,884000,88400,530400,176800,300000,5000,1000,2,No,No,No,No,In force,No,Example Mutual (synthetic),,0,No,,0,0,0,0,,Verified,Verified,Verified,Verified,Verified,DEMO-ONLY/820/property_verification,DEMO-ONLY/820/claims_verification,DEMO-ONLY/820/hazard_verification,DEMO-ONLY/820/replacement_cost_verification,Synthetic evidence scenario,2026-09-15,,No,Yes,Yes,Yes,,DEMO-2026-00820,2,Demo portfolio,2026-09-13T12:00:00+00:00,0.0,A
Sam Parker · Demo 821,,homeowner821@example.com,202-555-0100,HomeGuard Demo Agency,2026-09-15,Individual,,920 Example Lane,Sample City,CA,01820,Sample County,Owner-occupied,Yes,Detached single family,1,1977,2500,1,Frame,Crawl space,No,,No,4,No,No,,,15,Metal,Gable,Fair,2011.0,1,No,DEMO-ONLY/821/roof_verification,Copper,Circuit breakers,,200,Copper,,7,Garage,Central gas,,No,No,No,,No,Yes,Yes,None,None,No,No,No,6.5,750,,No,No,No,No,No,No,,28,23,X,,No,No,No,,HO-5,809518,906000,90600,543600,181200,300000,5000,5000,2,No,No,No,No,In force,No,Example Mutual (synthetic),,0,No,,0,0,0,0,,Verified,Verified,Verified,Not checked,Verified,DEMO-ONLY/821/property_verification,DEMO-ONLY/821/claims_verification,,DEMO-ONLY/821/replacement_cost_verification,Synthetic evidence scenario,2026-09-15,,No,Yes,Yes,Yes,,DEMO-2026-00821,2,Demo portfolio,2026-08-12T12:00:00+00:00,0.0,B
Taylor Hayes · Demo 822,,homeowner822@example.com,202-555-0100,HomeGuard Demo Agency,2026-09-15,Individual,,921 Example Lane,Sample City,CO,01821,Sample County,Owner-occupied,Yes,Detached single family,1,1965,5000,3,Masonry veneer,Crawl space,No,,No,7,No,No,,,14,Architectural shingle,Hip,Good,2012.0,1,No,DEMO-ONLY/822/roof_verification,Copper,Circuit breakers,,200,Copper,,10,Garage,Central electric,,No,No,No,,No,Yes,Yes,None,None,No,No,No,4.3,450,,No,No,No,No,No,No,,39,5,X,,No,No,No,,HO-3,237583,247000,24700,148200,49400,300000,5000,5000,2,No,No,No,No,In force,No,Example Mutual (synthetic),,0,No,,1,0,225753,0,"Synthetic loss-run example: 1 claim(s), 0 open; total paid $225,753. Not a real claims report.",Verified,Verified,Verified,Verified,Verified,DEMO-ONLY/822/property_verification,DEMO-ONLY/822/claims_verification,DEMO-ONLY/822/hazard_verification,DEMO-ONLY/822/replacement_cost_verification,Synthetic evidence scenario,2026-09-15,,No,Yes,Yes,Yes,,DEMO-2026-00822,2,Demo portfolio,2026-07-20T12:00:00+00:00,0.9139797570850202,F
Casey Reed · Demo 823,,homeowner823@example.com,202-555-0100,HomeGuard Demo Agency,2026-09-15,Individual,,922 Example Lane,Sample City,CT,01822,Sample County,Owner-occupied,Yes,Detached single family,1,1982,1350,2,Solid masonry,Slab,No,,No,4,No,No,,,16,Slate,Gable,Good,2010.0,1,No,DEMO-ONLY/823/roof_verification,Copper,Circuit breakers,,200,PEX / PVC / CPVC,,2,Garage,Heat pump,,No,No,Yes,,No,Yes,Yes,None,None,No,No,No,2.0,500,,No,No,No,No,No,No,,3,15,X,,No,No,No,,HO-5,539543,546000,54600,327600,109200,300000,5000,1000,2,No,No,No,No,In force,No,Example Mutual (synthetic),,0,No,,0,0,0,0,,Verified,Verified,Verified,Verified,Verified,DEMO-ONLY/823/property_verification,DEMO-ONLY/823/claims_verification,DEMO-ONLY/823/hazard_verification,DEMO-ONLY/823/replacement_cost_verification,Synthetic evidence scenario,2026-09-15,,No,Yes,Yes,Yes,,DEMO-2026-00823,2,Demo portfolio,2026-07-19T12:00:00+00:00,0.0,B
Morgan Hayes · Demo 824,,homeowner824@example.com,202-555-0100,HomeGuard Demo Agency,2026-09-15,Individual,,923 Example Lane,Sample City,DE,01823,Sample County,Owner-occupied,Yes,Detached single family,1,1998,4750,3,Masonry veneer,Crawl space,No,,No,9,No,No,,,6,Tile,Hip,Good,2020.0,1,No,DEMO-ONLY/824/roof_verification,Copper,Circuit breakers,,200,Copper,,4,Garage,Central electric,,No,No,No,,No,Yes,Yes,None,None,No,No,No,1.9,550,,No,No,No,No,No,No,,48,13,X,,No,No,No,,HO-5,635142,635000,63500,381000,127000,300000,5000,1000,2,No,No,No,No,In force,No,Example Mutual (synthetic),,0,No,,0,0,0,0,,Verified,Verified,Verified,Verified,Verified,DEMO-ONLY/824/property_verification,DEMO-ONLY/824/claims_verification,DEMO-ONLY/824/hazard_verification,DEMO-ONLY/824/replacement_cost_verification,Synthetic evidence scenario,2026-09-15,,No,Yes,Yes,Yes,,DEMO-2026-00824,2,Demo portfolio,2026-08-09T12:00:00+00:00,0.0,A
Taylor Ellis · Demo 825,,homeowner825@example.com,202-555-0100,HomeGuard Demo Agency,2026-09-15,Individual,,924 Example Lane,Sample City,FL,01824,Sample County,Owner-occupied,Yes,Detached single family,1,1960,2850,2,Frame,Basement,No,,No,12,No,No,,,8,Tile,Hip,Fair,2018.0,1,No,DEMO-ONLY/825/roof_verification,Copper,Circuit breakers,,200,Copper,,3,Garage,Central electric,,No,No,No,,No,Yes,Yes,None,None,No,No,No,0.4,300,,No,No,No,No,No,No,,98,6,X,,No,No,No,,HO-5,1345654,1384000,138400,830400,276800,500000,5000,2500,2,No,No,No,No,In force,No,Example Mutual (synthetic),,0,No,,0,0,0,0,,Verified,Verified,Verified,Verified,Verified,DEMO-ONLY/825/property_verification,DEMO-ONLY/825/claims_verification,DEMO-ONLY/825/hazard_verification,DEMO-ONLY/825/replacement_cost_verification,Synthetic evidence scenario,2026-09-15,,No,Yes,Yes,Yes,,DEMO-2026-00825,2,Demo portfolio,2026-08-23T12:00:00+00:00,0.0,F
Morgan Lane · Demo 826,,homeowner826@example.com,202-555-0100,HomeGuard Demo Agency,2026-09-15,Individual,,925 Example Lane,Sample City,GA,01825,Sample County,Owner-occupied,Yes,Detached single family,1,1979,5250,1,Solid masonry,Slab,No,,No,19,No,No,,,18,Metal,Hip,Fair,2008.0,1,No,DEMO-ONLY/826/roof_verification,Copper,Circuit breakers,,200,Copper,,8,Garage,Central electric,,No,No,No,,No,Yes,Yes,None,None,No,No,No,3.1,450,,No,No,No,No,No,No,,5,30,X,,No,No,No,,HO-5,367319,365000,36500,219000,73000,500000,5000,5000,2,No,No,No,No,In force,No,Example Mutual (synthetic),,0,No,,4,0,147228,0,"Synthetic loss-run example: 4 claim(s), 0 open; total paid $147,228. Not a real claims report.",Verified,Verified,Verified,Verified,Verified,DEMO-ONLY/826/property_verification,DEMO-ONLY/826/claims_verification,DEMO-ONLY/826/hazard_verification,DEMO-ONLY/826/replacement_cost_verification,Synthetic evidence scenario,2026-09-15,,No,Yes,Yes,Yes,,DEMO-2026-00826,2,Demo portfolio,2026-08-20T12:00:00+00:00,0.40336438356164384,F
Casey Lane · Demo 827,,homeowner827@example.com,202-555-0100,HomeGuard Demo Agency,2026-09-15,Individual,,926 Example Lane,Sample City,HI,01826,Sample County,Owner-occupied,Yes,Detached single family,1,1988,4350,3,Solid masonry,Slab,No,,No,13,No,No,,,16,Metal,Gable,Fair,2010.0,1,No,DEMO-ONLY/827/roof_verification,Copper,Circuit breakers,,200,PEX / PVC / CPVC,,11,Garage,Central electric,,No,No,No,,No,Yes,Yes,None,None,No,No,No,1.1,250,,Yes,Yes,No,No,No,No,,40,42,X,,No,No,No,,HO-5,712470,645000,64500,387000,129000,500000,5000,1000,2,No,No,No,No,In force,No,Example Mutual (synthetic),,0,No,,0,0,0,0,,Verified,Verified,Verified,Verified,Verified,DEMO-ONLY/827/property_verification,DEMO-ONLY/827/claims_verification,DEMO-ONLY/827/hazard_verification,DEMO-ONLY/827/replacement_cost_verification,Synthetic evidence scenario,2026-09-15,,No,Yes,Yes,Yes,,DEMO-2026-00827,2,Demo portfolio,2026-08-29T12:00:00+00:00,0.0,A
Sam Parker · Demo 828,,homeowner828@example.com,202-555-0100,HomeGuard Demo Agency,2026-09-15,Individual,,927 Example Lane,Sample City,ID,01827,Sample County,Owner-occupied,Yes,Detached single family,1,1990,2900,1,Masonry veneer,Crawl space,No,,No,1,No,No,,,4,Slate,Hip,Good,2022.0,1,No,DEMO-ONLY/828/roof_verification,Copper,Circuit breakers,,200,Copper,,14,Garage,Central electric,,No,No,No,,No,Yes,Yes,None,None,No,No,No,4.5,200,,No,No,No,No,No,No,,20,38,X,,No,No,No,,HO-3,759809,727000,72700,436200,145400,500000,5000,1000,2,No,No,No,No,In force,No,Example Mutual (synthetic),,0,No,,0,0,0,0,,Verified,Verified,Verified,Verified,Verified,DEMO-ONLY/828/property_verification,DEMO-ONLY/828/claims_verification,DEMO-ONLY/828/hazard_verification,DEMO-ONLY/828/replacement_cost_verification,Synthetic evidence scenario,2026-09-15,,No,Yes,Yes,Yes,,DEMO-2026-00828,2,Demo portfolio,2026-07-31T12:00:00+00:00,0.0,A
Taylor Hayes · Demo 829,,homeowner829@example.com,202-555-0100,HomeGuard Demo Agency,2026-09-15,Individual,,928 Example Lane,Sample City,IL,01828,Sample County,Owner-occupied,Yes,Detached single family,1,1987,4950,3,Solid masonry,Slab,No,,No,9,No,No,,,12,Architectural shingle,Gable,Fair,2014.0,1,No,DEMO-ONLY/829/roof_verification,Copper,Circuit breakers,,200,PEX / PVC / CPVC,,11,Garage,Central electric,,No,No,No,,No,Yes,Yes,None,None,No,No,No,2.8,650,,No,No,No,No,No,No,,34,42,X,,No,No,No,,HO-3,895458,863000,86300,517800,172600,300000,5000,2500,2,No,No,No,No,In force,No,Example Mutual (synthetic),,0,No,,1,0,132843,0,"Synthetic loss-run example: 1 claim(s), 0 open; total paid $132,843. Not a real claims report.",Verified,Verified,Verified,Verified,Verified,DEMO-ONLY/829/property_verification,DEMO-ONLY/829/claims_verification,DEMO-ONLY/829/hazard_verification,DEMO-ONLY/829/replacement_cost_verification,Synthetic evidence scenario,2026-09-15,,No,Yes,Yes,Yes,,DEMO-2026-00829,2,Demo portfolio,2026-08-04T12:00:00+00:00,0.15393163383545772,A
Sam Reed · Demo 830,,homeowner830@example.com,202-555-0100,HomeGuard Demo Agency,2026-09-15,Individual,,929 Example Lane,Sample City,IN,01829,Sample County,Owner-occupied,Yes,Detached single family,1,1990,3750,2,Solid masonry,Basement,No,,No,10,No,No,,,6,Architectural shingle,Hip,Fair,2020.0,1,No,DEMO-ONLY/830/roof_verification,Copper,Circuit breakers,,200,PEX / PVC / CPVC,,11,Garage,Central electric,,No,No,No,,No,No,Yes,None,None,No,No,No,4.1,800,,No,No,No,No,No,No,,29,31,X,,No,No,No,,HO-3,1205787,1330000,133000,798000,266000,300000,5000,1000,2,No,No,No,No,In force,No,Example Mutual (synthetic),,0,No,,0,0,0,0,,Verified,Verified,Verified,Verified,Verified,DEMO-ONLY/830/property_verification,DEMO-ONLY/830/claims_verification,DEMO-ONLY/830/hazard_verification,DEMO-ONLY/830/replacement_cost_verification,Synthetic evidence scenario,2026-09-15,,No,Yes,Yes,Yes,,DEMO-2026-00830,2,Demo portfolio,2026-08-06T12:00:00+00:00,0.0,B
Morgan Reed · Demo 831,,homeowner831@example.com,202-555-0100,HomeGuard Demo Agency,2026-09-15,Individual,,930 Example Lane,Sample City,IA,01830,Sample County,Owner-occupied,Yes,Detached single family,1,1950,1800,1,Frame,Basement,No,,No,16,No,No,,,6,Architectural shingle,Hip,Good,2020.0,1,No,DEMO-ONLY/831/roof_verification,Copper,Circuit breakers,,200,PEX / PVC / CPVC,,8,Garage,Central gas,,No,No,No,,No,Yes,Yes,None,None,No,No,No,0.2,500,,No,No,No,No,No,No,,17,22,X,,No,No,No,,HO-5,1148817,1076000,107600,645600,215200,300000,5000,1000,2,No,No,No,No,In force,No,Example Mutual (synthetic),,0,No,,0,0,0,0,,Verified,Verified,Verified,Not checked,Verified,DEMO-ONLY/831/property_verification,DEMO-ONLY/831/claims_verification,,DEMO-ONLY/831/replacement_cost_verification,Synthetic evidence scenario,2026-09-15,,No,Yes,Yes,Yes,,DEMO-2026-00831,2,Demo portfolio,2026-09-15T12:00:00+00:00,0.0,B
Taylor Parker · Demo 832,,homeowner832@example.com,202-555-0100,HomeGuard Demo Agency,2026-09-15,Individual,,931 Example Lane,Sample City,KS,01831,Sample County,Owner-occupied,Yes,Detached single family,1,1977,4250,1,Frame,Crawl space,No,,No,18,No,No,,,16,Metal,Hip,Fair,2010.0,1,No,DEMO-ONLY/832/roof_verification,Copper,Circuit breakers,,200,PEX / PVC / CPVC,,5,Garage,Central gas,,No,No,No,,No,Yes,Yes,None,None,No,No,No,2.6,100,,No,No,No,No,No,No,,30,5,X,,No,No,No,,HO-3,504133,462000,46200,277200,92400,300000,5000,2500,2,No,No,No,No,In force,No,Example Mutual (synthetic),,0,No,,0,0,0,0,,Verified,Verified,Verified,Verified,Verified,DEMO-ONLY/832/property_verification,DEMO-ONLY/832/claims_verification,DEMO-ONLY/832/hazard_verification,DEMO-ONLY/832/replacement_cost_verification,Synthetic evidence scenario,2026-09-15,,No,Yes,Yes,Yes,,DEMO-2026-00832,2,Demo portfolio,2026-09-06T12:00:00+00:00,0.0,A
Sam Parker · Demo 833,,homeowner833@example.com,202-555-0100,HomeGuard Demo Agency,2026-09-15,LLC / other entity,,932 Example Lane,Sample City,KY,01832,Sample County,Owner-occupied,Yes,Detached single family,1,2009,2800,3,Solid masonry,Crawl space,No,,No,19,No,No,,,9,Metal,Gable,Fair,2017.0,1,No,DEMO-ONLY/833/roof_verification,Copper,Circuit breakers,,200,Copper,,4,Garage,Heat pump,,No,No,No,,No,Yes,Yes,None,None,No,No,No,4.0,200,,No,No,No,No,No,No,,35,7,X,,No,No,No,,HO-5,614078,583000,58300,349800,116600,100000,5000,2500,2,No,No,No,No,In force,No,Example Mutual (synthetic),,0,No,,0,0,0,0,,Verified,Verified,Verified,Verified,Verified,DEMO-ONLY/833/property_verification,DEMO-ONLY/833/claims_verification,DEMO-ONLY/833/hazard_verification,DEMO-ONLY/833/replacement_cost_verification,Synthetic evidence scenario,2026-09-15,,No,Yes,Yes,Yes,,DEMO-2026-00833,2,Demo portfolio,2026-08-03T12:00:00+00:00,0.0,B
Morgan Hayes · Demo 834,,homeowner834@example.com,202-555-0100,HomeGuard Demo Agency,2026-09-15,Individual,,933 Example Lane,Sample City,LA,01833,Sample County,Owner-occupied,Yes,Detached single family,1,1990,3650,1,Solid masonry,Basement,No,,No,1,No,No,,,2,Slate,Mixed,Fair,2024.0,1,No,DEMO-ONLY/834/roof_verification,Copper,Circuit breakers,,200,Copper,,8,Garage,Heat pump,,No,No,No,,No,Yes,Yes,None,None,No,No,No,1.9,150,,Yes,Yes,No,No,No,No,,1,47,X,,No,No,No,,HO-5,714711,836000,83600,501600,167200,100000,5000,1000,2,No,No,No,No,In force,No,Example Mutual (synthetic),,0,No,,0,0,0,0,,Verified,Verified,Verified,Verified,Verified,DEMO-ONLY/834/property_verification,DEMO-ONLY/834/claims_verification,DEMO-ONLY/834/hazard_verification,DEMO-ONLY/834/replacement_cost_verification,Synthetic evidence scenario,2026-09-15,,No,Yes,Yes,Yes,,DEMO-2026-00834,2,Demo portfolio,2026-08-05T12:00:00+00:00,0.0,A
Alex Brooks · Demo 835,,homeowner835@example.com,202-555-0100,HomeGuard Demo Agency,2026-09-15,Individual,,934 Example Lane,Sample City,ME,01834,Sample County,Owner-occupied,Yes,Detached single family,1,2017,1100,3,Masonry veneer,Basement,No,,No,13,No,No,,,9,Architectural shingle,Mixed,Fair,2017.0,1,No,DEMO-ONLY/835/roof_verification,Copper,Circuit breakers,,200,PEX / PVC / CPVC,,12,Garage,Central gas,,No,No,No,,No,Yes,Yes,None,None,No,No,No,1.7,250,,No,No,No,No,No,No,,44,8,X,,No,No,No,,HO-5,605848,718000,71800,430800,143600,300000,5000,2500,2,No,No,No,No,In force,No,Example Mutual (synthetic),,80,No,,0,0,0,0,,Verified,Verified,Verified,Verified,Verified,DEMO-ONLY/835/property_verification,DEMO-ONLY/835/claims_verification,DEMO-ONLY/835/hazard_verification,DEMO-ONLY/835/replacement_cost_verification,Synthetic evidence scenario,2026-09-15,,No,Yes,Yes,Yes,,DEMO-2026-00835,2,Demo portfolio,2026-08-29T12:00:00+00:00,0.0,B
Morgan Lane · Demo 836,,homeowner836@example.com,202-555-0100,HomeGuard Demo Agency,2026-09-15,Individual,,935 Example Lane,Sample City,MD,01835,Sample County,Owner-occupied,Yes,Detached single family,1,1967,2500,3,Solid masonry,Basement,No,,No,18,No,No,,,6,Slate,Gable,Fair,2020.0,1,No,DEMO-ONLY/836/roof_verification,Copper,Circuit breakers,,200,Copper,,9,Garage,Central gas,,No,No,No,,No,Yes,Yes,None,None,No,No,No,4.6,300,,No,No,No,No,No,No,,23,2,X,,No,No,No,,HO-3,913480,897000,89700,538200,179400,500000,5000,5000,2,No,No,No,No,In force,No,Example Mutual (synthetic),,0,No,,0,0,0,0,,Verified,Verified,Verified,Verified,Verified,DEMO-ONLY/836/property_verification,DEMO-ONLY/836/claims_verification,DEMO-ONLY/836/hazard_verification,DEMO-ONLY/836/replacement_cost_verification,Synthetic evidence scenario,2026-09-15,,No,Yes,Yes,Yes,,DEMO-2026-00836,2,Demo portfolio,2026-07-29T12:00:00+00:00,0.0,A
Sam Hayes · Demo 837,,homeowner837@example.com,202-555-0100,HomeGuard Demo Agency,2026-09-15,Individual,,936 Example Lane,Sample City,MA,01836,Sample County,Owner-occupied,Yes,Detached single family,1,1986,2300,1,Solid masonry,Slab,No,,No,19,No,No,,,13,Tile,Mixed,Good,2013.0,1,No,DEMO-ONLY/837/roof_verification,Copper,Circuit breakers,,200,PEX / PVC / CPVC,,6,Garage,Central electric,,No,No,No,,No,Yes,Yes,None,None,No,No,No,2.4,150,,No,No,No,No,No,No,,43,0,X,,No,No,No,,HO-5,665285,598000,59800,358800,119600,100000,5000,1000,2,No,No,No,No,In force,No,Example Mutual (synthetic),,0,No,,1,0,93680,0,"Synthetic loss-run example: 1 claim(s), 0 open; total paid $93,680. Not a real claims report.",Verified,Verified,Verified,Verified,Verified,DEMO-ONLY/837/property_verification,DEMO-ONLY/837/claims_verification,DEMO-ONLY/837/hazard_verification,DEMO-ONLY/837/replacement_cost_verification,Synthetic evidence scenario,2026-09-15,,No,Yes,Yes,Yes,,DEMO-2026-00837,2,Demo portfolio,2026-07-26T12:00:00+00:00,0.15665551839464883,A
Jordan Lane · Demo 838,,homeowner838@example.com,202-555-0100,HomeGuard Demo Agency,2026-09-15,Individual,,937 Example Lane,Sample City,MI,01837,Sample County,Owner-occupied,Yes,Detached single family,1,1996,4550,1,Masonry veneer,Slab,No,,No,15,No,No,,,10,Architectural shingle,Mixed,Good,2016.0,1,No,DEMO-ONLY/838/roof_verification,Copper,Circuit breakers,,200,PEX / PVC / CPVC,,12,Garage,Central gas,,No,No,No,,No,Yes,Yes,None,None,No,No,No,2.0,100,,No,No,No,No,No,No,,37,8,X,,No,No,No,,HO-3,414473,390000,39000,234000,78000,300000,5000,1000,2,No,No,No,No,In force,No,Example Mutual (synthetic),,0,No,,0,0,0,0,,Verified,Verified,Verified,Verified,Verified,DEMO-ONLY/838/property_verification,DEMO-ONLY/838/claims_verification,DEMO-ONLY/838/hazard_verification,DEMO-ONLY/838/replacement_cost_verification,Synthetic evidence scenario,2026-09-15,,No,Yes,Yes,Yes,,DEMO-2026-00838,2,Demo portfolio,2026-07-24T12:00:00+00:00,0.0,A
Casey Lane · Demo 839,,homeowner839@example.com,202-555-0100,HomeGuard Demo Agency,2026-09-15,Individual,,938 Example Lane,Sample City,MN,01838,Sample County,Owner-occupied,Yes,Detached single family,1,1951,3250,3,Frame,Slab,No,,No,2,No,No,,,10,Tile,Hip,Good,2016.0,1,No,DEMO-ONLY/839/roof_verification,Copper,Circuit breakers,,200,PEX / PVC / CPVC,,5,Garage,Heat pump,,No,No,No,,No,Yes,Yes,None,None,No,No,No,0.2,200,,No,No,No,No,No,No,,6,32,X,,No,No,No,,HO-3,960684,836000,83600,501600,167200,300000,5000,1000,2,No,No,No,No,In force,No,Example Mutual (synthetic),,0,No,,2,0,38751,0,"Synthetic loss-run example: 2 claim(s), 0 open; total paid $38,751. Not a real claims report.",Verified,Verified,Verified,Verified,Verified,DEMO-ONLY/839/property_verification,DEMO-ONLY/839/claims_verification,DEMO-ONLY/839/hazard_verification,DEMO-ONLY/839/replacement_cost_verification,Synthetic evidence scenario,2026-09-15,,No,Yes,Yes,Yes,,DEMO-2026-00839,2,Demo portfolio,2026-08-08T12:00:00+00:00,0.04635287081339713,B
Casey Reed · Demo 840,,homeowner840@example.com,202-555-0100,HomeGuard Demo Agency,2026-09-15,Individual,,939 Example Lane,Sample City,MS,01839,Sample County,Owner-occupied,Yes,Detached single family,1,2000,3900,2,Solid masonry,Slab,No,,No,5,No,No,,,12,Tile,Hip,Fair,2014.0,1,No,DEMO-ONLY/840/roof_verification,Copper,Circuit breakers,,200,Copper,,12,Garage,Heat pump,,No,No,No,,No,Yes,Yes,None,None,No,No,No,2.8,100,,No,No,No,No,No,No,,30,49,X,,No,No,No,,HO-5,758465,879000,87900,527400,175800,300000,5000,1000,2,No,No,No,No,In force,No,Example Mutual (synthetic),,0,No,,0,0,0,0,,Verified,Verified,Verified,Verified,Verified,DEMO-ONLY/840/property_verification,DEMO-ONLY/840/claims_verification,DEMO-ONLY/840/hazard_verification,DEMO-ONLY/840/replacement_cost_verification,Synthetic evidence scenario,2026-09-15,,No,Yes,Yes,Yes,,DEMO-2026-00840,2,Demo portfolio,2026-08-28T12:00:00+00:00,0.0,A
Taylor Lane · Demo 841,,homeowner841@example.com,202-555-0100,HomeGuard Demo Agency,2026-09-15,Individual,,940 Example Lane,Sample City,MO,01840,Sample County,Owner-occupied,Yes,Detached single family,1,2011,5400,3,Frame,Crawl space,No,,No,14,No,No,,,2,Slate,Mixed,Fair,2024.0,1,No,DEMO-ONLY/841/roof_verification,Copper,Circuit breakers,,200,Copper,,2,Garage,Heat pump,,No,No,No,,No,Yes,Yes,None,None,No,No,No,2.1,150,,Yes,Yes,No,No,No,No,,6,4,X,,No,No,No,,HO-5,518262,504000,50400,302400,100800,300000,5000,5000,2,No,No,No,No,In force,No,Example Mutual (synthetic),,0,No,,1,0,35750,0,"Synthetic loss-run example: 1 claim(s), 0 open; total paid $35,750. Not a real claims report.",Verified,Verified,Verified,Not checked,Verified,DEMO-ONLY/841/property_verification,DEMO-ONLY/841/claims_verification,,DEMO-ONLY/841/replacement_cost_verification,Synthetic evidence scenario,2026-09-15,,No,Yes,Yes,Yes,,DEMO-2026-00841,2,Demo portfolio,2026-09-09T12:00:00+00:00,0.07093253968253968,B
Alex Reed · Demo 842,,homeowner842@example.com,202-555-0100,HomeGuard Demo Agency,2026-09-15,Individual,,941 Example Lane,Sample City,MT,01841,Sample County,Owner-occupied,Yes,Detached single family,1,1967,3450,2,Solid masonry,Slab,No,,No,17,No,No,,,15,Slate,Gable,Good,2011.0,1,No,DEMO-ONLY/842/roof_verification,Copper,Circuit breakers,,200,PEX / PVC / CPVC,,8,Garage,Central electric,,No,No,No,,No,Yes,Yes,None,None,No,No,No,3.9,450,,No,No,No,No,No,No,,4,3,X,,No,No,No,,HO-5,476418,503000,50300,301800,100600,100000,5000,1000,2,No,No,No,No,In force,No,Example Mutual (synthetic),,0,No,,0,0,0,0,,Verified,Verified,Verified,Verified,Verified,DEMO-ONLY/842/property_verification,DEMO-ONLY/842/claims_verification,DEMO-ONLY/842/hazard_verification,DEMO-ONLY/842/replacement_cost_verification,Synthetic evidence scenario,2026-09-15,,No,Yes,Yes,Yes,,DEMO-2026-00842,2,Demo portfolio,2026-08-14T12:00:00+00:00,0.0,A
Jordan Lane · Demo 843,,homeowner843@example.com,202-555-0100,HomeGuard Demo Agency,2026-09-15,Individual,,942 Example Lane,Sample City,NE,01842,Sample County,Owner-occupied,Yes,Detached single family,1,2020,4350,3,Frame,Crawl space,No,,No,13,No,No,,,4,Metal,Gable,Good,2022.0,1,No,DEMO-ONLY/843/roof_verification,Copper,Circuit breakers,,200,Copper,,3,Garage,Central gas,,No,No,No,,No,Yes,Yes,None,None,No,No,No,4.0,300,,No,No,No,No,No,No,,36,36,X,,No,No,No,,HO-3,312338,374000,37400,224400,74800,500000,5000,5000,2,No,No,No,No,In force,No,Example Mutual (synthetic),,0,No,,0,0,0,0,,Verified,Verified,Verified,Verified,Verified,DEMO-ONLY/843/property_verification,DEMO-ONLY/843/claims_verification,DEMO-ONLY/843/hazard_verification,DEMO-ONLY/843/replacement_cost_verification,Synthetic evidence scenario,2026-09-15,,No,Yes,Yes,Yes,,DEMO-2026-00843,2,Demo portfolio,2026-08-13T12:00:00+00:00,0.0,A
Morgan Hayes · Demo 844,,homeowner844@example.com,202-555-0100,HomeGuard Demo Agency,2026-09-15,Individual,,943 Example Lane,Sample City,NV,01843,Sample County,Owner-occupied,Yes,Detached single family,1,1960,1900,1,Solid masonry,Crawl space,No,,No,1,No,No,,,29,Slate,Mixed,Poor,,1,No,DEMO-ONLY/844/roof_verification,Copper,Circuit breakers,,200,Copper,,14,Garage,Central electric,,No,No,No,,No,Yes,Yes,None,None,No,No,No,0.5,650,,No,No,No,No,No,No,,34,33,X,,No,No,No,,HO-3,588584,561000,56100,336600,112200,500000,5000,1000,2,No,No,No,No,In force,No,Example Mutual (synthetic),,0,No,,0,0,0,0,,Verified,Verified,Verified,Verified,Verified,DEMO-ONLY/844/property_verification,DEMO-ONLY/844/claims_verification,DEMO-ONLY/844/hazard_verification,DEMO-ONLY/844/replacement_cost_verification,Synthetic evidence scenario,2026-09-15,,No,Yes,Yes,Yes,,DEMO-2026-00844,2,Demo portfolio,2026-08-23T12:00:00+00:00,0.0,F
Taylor Parker · Demo 845,,homeowner845@example.com,202-555-0100,HomeGuard Demo Agency,2026-09-15,Individual,,944 Example Lane,Sample City,NH,01844,Sample County,Owner-occupied,Yes,Detached single family,1,1991,2300,2,Frame,Basement,No,,No,6,No,No,,,6,Slate,Mixed,Good,2020.0,1,No,DEMO-ONLY/845/roof_verification,Copper,Circuit breakers,,200,PEX / PVC / CPVC,,11,Garage,Central electric,,No,No,No,,No,Yes,Yes,None,None,No,No,No,0.2,600,,No,No,No,No,No,No,,16,35,X,,No,No,No,,HO-5,243777,434000,43400,260400,86800,500000,5000,1000,2,No,No,No,No,In force,No,Example Mutual (synthetic),,0,No,,0,0,0,0,,Verified,Verified,Verified,Verified,Verified,DEMO-ONLY/845/property_verification,DEMO-ONLY/845/claims_verification,DEMO-ONLY/845/hazard_verification,DEMO-ONLY/845/replacement_cost_verification,Synthetic evidence scenario,2026-09-15,,No,Yes,Yes,Yes,,DEMO-2026-00845,2,Demo portfolio,2026-08-27T12:00:00+00:00,0.0,B
Morgan Lane · Demo 846,,homeowner846@example.com,202-555-0100,HomeGuard Demo Agency,2026-09-15,Individual,,945 Example Lane,Sample City,NJ,01845,Sample County,Owner-occupied,Yes,Detached single family,1,2007,3350,3,Masonry veneer,Slab,No,,No,8,No,No,,,16,Slate,Gable,Fair,2010.0,1,No,DEMO-ONLY/846/roof_verification,Copper,Circuit breakers,,200,Copper,,8,Garage,Central gas,,No,No,No,,No,Yes,Yes,None,None,No,No,No,4.4,350,,No,No,No,No,No,No,,11,31,X,,No,No,No,,HO-5,777821,734000,73400,440400,146800,300000,5000,2500,2,No,No,No,No,In force,No,Example Mutual (synthetic),,0,No,,0,0,0,0,,Verified,Verified,Verified,Verified,Verified,DEMO-ONLY/846/property_verification,DEMO-ONLY/846/claims_verification,DEMO-ONLY/846/hazard_verification,DEMO-ONLY/846/replacement_cost_verification,Synthetic evidence scenario,2026-09-15,,No,Yes,Yes,Yes,,DEMO-2026-00846,2,Demo portfolio,2026-08-07T12:00:00+00:00,0.0,A
Jordan Hayes · Demo 847,,homeowner847@example.com,202-555-0100,HomeGuard Demo Agency,2026-09-15,Individual,,946 Example Lane,Sample City,NM,01846,Sample County,Owner-occupied,Yes,Detached single family,1,2009,4450,3,Solid masonry,Slab,No,,No,11,No,No,,,8,Tile,Mixed,Good,2018.0,1,No,DEMO-ONLY/847/roof_verification,Copper,Circuit breakers,,200,Copper,,3,Garage,Heat pump,,No,No,No,,No,Yes,Yes,None,None,No,No,No,3.9,200,,No,No,No,No,No,No,,4,17,X,,No,No,No,,HO-3,233371,219000,21900,131400,43800,100000,5000,5000,2,No,No,No,No,In force,No,Example Mutual (synthetic),,0,No,,0,0,0,0,,Verified,Verified,Verified,Verified,Verified,DEMO-ONLY/847/property_verification,DEMO-ONLY/847/claims_verification,DEMO-ONLY/847/hazard_verification,DEMO-ONLY/847/replacement_cost_verification,Synthetic evidence scenario,2026-09-15,,No,Yes,Yes,Yes,,DEMO-2026-00847,2,Demo portfolio,2026-08-24T12:00:00+00:00,0.0,A
Morgan Ellis · Demo 848,,homeowner848@example.com,202-555-0100,HomeGuard Demo Agency,2026-09-15,Individual,,947 Example Lane,Sample City,NY,01847,Sample County,Owner-occupied,Yes,Detached single family,1,1960,3850,3,Masonry veneer,Basement,No,,No,10,No,No,,,13,Slate,Mixed,Good,2013.0,1,No,DEMO-ONLY/848/roof_verification,Copper,Circuit breakers,,200,Galvanized,,1,Garage,Central electric,,No,No,No,,No,Yes,Yes,None,None,No,No,No,1.0,850,,No,No,No,No,No,No,,13,5,X,,No,No,No,,HO-5,1208101,1311000,131100,786600,262200,300000,5000,5000,2,No,No,No,No,In force,No,Example Mutual (synthetic),,0,No,,0,0,0,0,,Verified,Verified,Verified,Verified,Verified,DEMO-ONLY/848/property_verification,DEMO-ONLY/848/claims_verification,DEMO-ONLY/848/hazard_verification,DEMO-ONLY/848/replacement_cost_verification,Synthetic evidence scenario,2026-09-15,,No,Yes,Yes,Yes,,DEMO-2026-00848,2,Demo portfolio,2026-07-21T12:00:00+00:00,0.0,B
Casey Ellis · Demo 849,,homeowner849@example.com,202-555-0100,HomeGuard Demo Agency,2026-09-15,Individual,,948 Example Lane,Sample City,NC,01848,Sample County,Owner-occupied,Yes,Detached single family,1,2024,1200,2,Solid masonry,Crawl space,No,,No,17,No,No,,,1,Metal,Hip,Fair,2025.0,1,No,DEMO-ONLY/849/roof_verification,Copper,Circuit breakers,,200,PEX / PVC / CPVC,,2,Garage,Central electric,,No,No,No,,No,Yes,Yes,None,None,No,No,No,4.1,850,,No,No,No,No,No,No,,42,20,X,,No,No,No,,HO-5,239073,251000,25100,150600,50200,300000,5000,2500,2,No,No,No,No,In force,No,Example Mutual (synthetic),,0,No,,1,0,42597,0,"Synthetic loss-run example: 1 claim(s), 0 open; total paid $42,597. Not a real claims report.",Verified,Verified,Verified,Verified,Verified,DEMO-ONLY/849/property_verification,DEMO-ONLY/849/claims_verification,DEMO-ONLY/849/hazard_verification,DEMO-ONLY/849/replacement_cost_verification,Synthetic evidence scenario,2026-09-15,,No,Yes,Yes,Yes,,DEMO-2026-00849,2,Demo portfolio,2026-09-12T12:00:00+00:00,0.16970916334661354,A
Casey Reed · Demo 850,,homeowner850@example.com,202-555-0100,HomeGuard Demo Agency,2026-09-15,Individual,,949 Example Lane,Sample City,ND,01849,Sample County,Owner-occupied,Yes,Detached single family,1,1973,5050,1,Masonry veneer,Basement,No,,No,17,No,No,,,16,Slate,Mixed,Fair,2010.0,1,No,DEMO-ONLY/850/roof_verification,Copper,Circuit breakers,,200,PEX / PVC / CPVC,,5,Garage,Central electric,,No,No,No,,No,Yes,Yes,None,None,No,No,No,1.7,700,,No,No,No,No,No,No,,32,44,X,,No,No,No,,HO-5,1337967,1413000,141300,847800,282600,300000,5000,5000,2,No,No,No,No,In force,No,Example Mutual (synthetic),,0,No,,0,0,0,0,,Verified,Verified,Verified,Verified,Verified,DEMO-ONLY/850/property_verification,DEMO-ONLY/850/claims_verification,DEMO-ONLY/850/hazard_verification,DEMO-ONLY/850/replacement_cost_verification,Synthetic evidence scenario,2026-09-15,,No,Yes,Yes,Yes,,DEMO-2026-00850,2,Demo portfolio,2026-08-23T12:00:00+00:00,0.0,A
Sam Hayes · Demo 851,,homeowner851@example.com,202-555-0100,HomeGuard Demo Agency,2026-09-15,Individual,,950 Example Lane,Sample City,OH,01850,Sample County,Owner-occupied,Yes,Detached single family,1,1993,3050,1,Masonry veneer,Slab,No,,No,9,No,No,,,12,Metal,Hip,Fair,2014.0,1,No,DEMO-ONLY/851/roof_verification,Copper,Circuit breakers,,200,Copper,,1,Garage,Central electric,,No,No,No,,No,Yes,Yes,None,None,No,No,No,1.7,200,,No,No,No,No,No,No,,32,8,X,,No,No,No,,HO-5,1008295,1175000,117500,705000,235000,300000,5000,5000,2,No,No,No,No,In force,No,Example Mutual (synthetic),,0,No,,0,0,0,0,,Verified,Verified,Verified,Not checked,Verified,DEMO-ONLY/851/property_verification,DEMO-ONLY/851/claims_verification,,DEMO-ONLY/851/replacement_cost_verification,Synthetic evidence scenario,2026-09-15,,No,Yes,Yes,Yes,,DEMO-2026-00851,2,Demo portfolio,2026-09-13T12:00:00+00:00,0.0,B
Jordan Reed · Demo 852,,homeowner852@example.com,202-555-0100,HomeGuard Demo Agency,2026-09-15,Individual,,951 Example Lane,Sample City,OK,01851,Sample County,Owner-occupied,Yes,Detached single family,1,1956,4500,3,Masonry veneer,Basement,No,,No,16,No,No,,,3,Slate,Gable,Good,2023.0,1,No,DEMO-ONLY/852/roof_verification,Copper,Circuit breakers,,200,Copper,,7,Garage,Central electric,,No,No,No,,No,Yes,Yes,None,None,No,No,No,4.0,650,,No,No,No,No,No,No,,11,46,X,,No,No,No,,HO-3,376864,338000,33800,202800,67600,500000,5000,1000,2,No,No,No,No,In force,No,Example Mutual (synthetic),,0,No,,0,0,0,0,,Verified,Verified,Verified,Verified,Verified,DEMO-ONLY/852/property_verification,DEMO-ONLY/852/claims_verification,DEMO-ONLY/852/hazard_verification,DEMO-ONLY/852/replacement_cost_verification,Synthetic evidence scenario,2026-09-15,,No,Yes,Yes,Yes,,DEMO-2026-00852,2,Demo portfolio,2026-09-12T12:00:00+00:00,0.0,A
Jordan Parker · Demo 853,,homeowner853@example.com,202-555-0100,HomeGuard Demo Agency,2026-09-15,Individual,,952 Example Lane,Sample City,OR,01852,Sample County,Owner-occupied,Yes,Detached single family,1,1952,3400,1,Masonry veneer,Crawl space,No,,No,15,No,No,,,16,Architectural shingle,Hip,Fair,2010.0,1,Yes,DEMO-ONLY/853/roof_verification,Copper,Circuit breakers,,200,PEX / PVC / CPVC,,9,Garage,Central gas,,No,No,No,,No,Yes,Yes,None,None,No,No,No,1.3,100,,No,No,No,No,No,No,,35,24,X,,No,No,No,,HO-3,808119,752000,75200,451200,150400,100000,5000,5000,2,No,No,No,No,In force,No,Example Mutual (synthetic),,0,No,,0,0,0,0,,Verified,Verified,Verified,Verified,Verified,DEMO-ONLY/853/property_verification,DEMO-ONLY/853/claims_verification,DEMO-ONLY/853/hazard_verification,DEMO-ONLY/853/replacement_cost_verification,Synthetic evidence scenario,2026-09-15,,No,Yes,Yes,Yes,,DEMO-2026-00853,2,Demo portfolio,2026-09-11T12:00:00+00:00,0.0,B
Taylor Brooks · Demo 854,,homeowner854@example.com,202-555-0100,HomeGuard Demo Agency,2026-09-15,Individual,,953 Example Lane,Sample City,PA,01853,Sample County,Owner-occupied,Yes,Detached single family,1,1972,1350,2,Masonry veneer,Crawl space,No,,No,20,No,No,,,10,Slate,Gable,Fair,2016.0,1,No,DEMO-ONLY/854/roof_verification,Copper,Circuit breakers,,200,Copper,,8,Garage,Central electric,,No,No,No,,No,Yes,Yes,None,None,No,No,No,4.6,400,,No,No,No,No,No,No,,38,8,X,,No,No,No,,HO-3,1417082,1371000,137100,822600,274200,300000,5000,5000,2,No,No,No,No,In force,No,Example Mutual (synthetic),,0,No,,0,0,0,0,,Verified,Verified,Verified,Verified,Verified,DEMO-ONLY/854/property_verification,DEMO-ONLY/854/claims_verification,DEMO-ONLY/854/hazard_verification,DEMO-ONLY/854/replacement_cost_verification,Synthetic evidence scenario,2026-09-15,,No,Yes,Yes,Yes,,DEMO-2026-00854,2,Demo portfolio,2026-07-23T12:00:00+00:00,0.0,A
Sam Hayes · Demo 855,,homeowner855@example.com,202-555-0100,HomeGuard Demo Agency,2026-09-15,Individual,,954 Example Lane,Sample City,RI,01854,Sample County,Owner-occupied,Yes,Detached single family,1,1964,4300,1,Solid masonry,Basement,No,,No,19,No,No,,,5,Slate,Gable,Good,2021.0,1,No,DEMO-ONLY/855/roof_verification,Copper,Circuit breakers,,200,PEX / PVC / CPVC,,11,Garage,Heat pump,,No,No,No,,No,Yes,Yes,None,None,No,No,No,2.7,900,,Yes,Yes,No,No,No,No,,23,33,X,,No,No,No,,HO-5,270984,267000,26700,160200,53400,300000,5000,2500,2,No,No,No,No,In force,No,Example Mutual (synthetic),,0,No,,0,0,0,0,,Verified,Verified,Verified,Verified,Verified,DEMO-ONLY/855/property_verification,DEMO-ONLY/855/claims_verification,DEMO-ONLY/855/hazard_verification,DEMO-ONLY/855/replacement_cost_verification,Synthetic evidence scenario,2026-09-15,,No,Yes,Yes,Yes,,DEMO-2026-00855,2,Demo portfolio,2026-09-06T12:00:00+00:00,0.0,A
Alex Brooks · Demo 856,,homeowner856@example.com,202-555-0100,HomeGuard Demo Agency,2026-09-15,Individual,,955 Example Lane,Sample City,SC,01855,Sample County,Owner-occupied,Yes,Detached single family,1,2011,3700,2,Solid masonry,Crawl space,No,,No,0,No,No,,,14,Metal,Hip,Good,2012.0,1,No,DEMO-ONLY/856/roof_verification,Copper,Circuit breakers,,200,PEX / PVC / CPVC,,5,Garage,Central gas,,No,No,No,,No,Yes,Yes,None,None,No,No,No,2.1,950,,No,No,No,No,No,No,,6,43,X,,No,No,No,,HO-5,1098947,1308000,130800,784800,261600,500000,5000,1000,2,No,No,No,No,In force,No,Example Mutual (synthetic),,0,No,,0,0,0,0,,Verified,Verified,Verified,Verified,Verified,DEMO-ONLY/856/property_verification,DEMO-ONLY/856/claims_verification,DEMO-ONLY/856/hazard_verification,DEMO-ONLY/856/replacement_cost_verification,Synthetic evidence scenario,2026-09-15,,No,Yes,Yes,Yes,,DEMO-2026-00856,2,Demo portfolio,2026-07-29T12:00:00+00:00,0.0,A
Taylor Lane · Demo 857,,homeowner857@example.com,202-555-0100,HomeGuard Demo Agency,2026-09-15,Individual,,956 Example Lane,Sample City,SD,01856,Sample County,Owner-occupied,Yes,Detached single family,1,1998,4900,3,Solid masonry,Basement,No,,No,16,No,No,,,6,Slate,Mixed,Good,2020.0,1,No,DEMO-ONLY/857/roof_verification,Copper,Circuit breakers,,200,PEX / PVC / CPVC,,2,Garage,Central electric,,No,No,No,,No,Yes,Yes,None,None,No,No,No,4.6,800,,No,No,No,No,No,Yes,,2,9,X,,No,No,No,,HO-5,1113405,1128000,112800,676800,225600,500000,5000,5000,2,No,No,No,No,In force,No,Example Mutual (synthetic),,0,No,,0,0,0,0,,Verified,Verified,Verified,Verified,Verified,DEMO-ONLY/857/property_verification,DEMO-ONLY/857/claims_verification,DEMO-ONLY/857/hazard_verification,DEMO-ONLY/857/replacement_cost_verification,Synthetic evidence scenario,2026-09-15,,No,Yes,Yes,Yes,,DEMO-2026-00857,2,Demo portfolio,2026-07-23T12:00:00+00:00,0.0,B
Casey Hayes · Demo 858,,homeowner858@example.com,202-555-0100,HomeGuard Demo Agency,2026-09-15,Individual,,957 Example Lane,Sample City,TN,01857,Sample County,Owner-occupied,Yes,Detached single family,1,1970,3100,3,Solid masonry,Slab,No,,No,14,No,No,,,17,Slate,Hip,Fair,2009.0,1,No,DEMO-ONLY/858/roof_verification,Copper,Circuit breakers,,200,PEX / PVC / CPVC,,9,Garage,Heat pump,,No,No,No,,No,Yes,Yes,None,None,No,No,No,2.7,500,,No,No,No,No,No,No,,18,41,X,,No,No,No,,HO-3,704492,805000,80500,483000,161000,300000,5000,2500,2,No,No,No,No,In force,No,Example Mutual (synthetic),,0,No,,1,0,10000,1,"Synthetic loss-run example: 1 claim(s), 1 open; total paid $10,000. Not a real claims report.",Verified,Verified,Verified,Verified,Verified,DEMO-ONLY/858/property_verification,DEMO-ONLY/858/claims_verification,DEMO-ONLY/858/hazard_verification,DEMO-ONLY/858/replacement_cost_verification,Synthetic evidence scenario,2026-09-15,,No,Yes,Yes,Yes,,DEMO-2026-00858,2,Demo portfolio,2026-08-01T12:00:00+00:00,0.012422360248447204,F
Sam Ellis · Demo 859,,homeowner859@example.com,202-555-0100,HomeGuard Demo Agency,2026-09-15,Individual,,958 Example Lane,Sample City,TX,01858,Sample County,Owner-occupied,Yes,Detached single family,1,2005,2800,2,Solid masonry,Basement,No,,No,8,No,No,,,16,Tile,Mixed,Good,2010.0,1,No,DEMO-ONLY/859/roof_verification,Copper,Circuit breakers,,200,Copper,,4,Garage,Central electric,,No,No,No,,No,Yes,Yes,None,None,No,No,No,1.3,500,,No,No,No,No,No,No,,13,6,X,,No,No,No,,HO-5,254187,249000,24900,149400,49800,100000,5000,5000,2,No,No,No,No,In force,No,Example Mutual (synthetic),,0,Yes,,0,0,0,0,,Verified,Verified,Verified,Verified,Verified,DEMO-ONLY/859/property_verification,DEMO-ONLY/859/claims_verification,DEMO-ONLY/859/hazard_verification,DEMO-ONLY/859/replacement_cost_verification,Synthetic evidence scenario,2026-09-15,,No,Yes,Yes,Yes,,DEMO-2026-00859,2,Demo portfolio,2026-09-08T12:00:00+00:00,0.0,B
Sam Brooks · Demo 860,,homeowner860@example.com,202-555-0100,HomeGuard Demo Agency,2026-09-15,Individual,,959 Example Lane,Sample City,UT,01859,Sample County,Owner-occupied,Yes,Detached single family,1,2001,1700,1,Solid masonry,Basement,No,,No,2,No,No,,,11,Metal,Hip,Good,2015.0,1,No,DEMO-ONLY/860/roof_verification,Copper,Fuses,,200,Copper,,4,Garage,Heat pump,,No,No,No,,No,Yes,Yes,None,None,No,No,No,2.6,250,,No,No,No,No,No,No,,18,27,X,,No,No,No,,HO-5,946976,889000,88900,533400,177800,500000,5000,1000,2,No,No,No,No,In force,No,Example Mutual (synthetic),,0,No,,0,0,0,0,,Verified,Verified,Verified,Verified,Verified,DEMO-ONLY/860/property_verification,DEMO-ONLY/860/claims_verification,DEMO-ONLY/860/hazard_verification,DEMO-ONLY/860/replacement_cost_verification,Synthetic evidence scenario,2026-09-15,,No,Yes,Yes,Yes,,DEMO-2026-00860,2,Demo portfolio,2026-08-31T12:00:00+00:00,0.0,B
Taylor Hayes · Demo 861,,homeowner861@example.com,202-555-0100,HomeGuard Demo Agency,2026-09-15,Individual,,960 Example Lane,Sample City,VT,01860,Sample County,Owner-occupied,Yes,Detached single family,1,1975,4550,3,Frame,Crawl space,No,,No,16,No,No,,,12,Metal,Hip,Good,2014.0,1,No,DEMO-ONLY/861/roof_verification,Copper,Circuit breakers,,200,PEX / PVC / CPVC,,8,Garage,Central gas,,No,No,No,,No,Yes,Yes,None,None,No,No,No,3.5,550,,No,No,No,No,No,No,,44,18,X,,No,No,No,,HO-5,1152796,1036000,103600,621600,207200,300000,5000,1000,2,No,No,No,No,In force,No,Example Mutual (synthetic),,0,No,,1,0,168419,0,"Synthetic loss-run example: 1 claim(s), 0 open; total paid $168,419. Not a real claims report.",Verified,Verified,Verified,Not checked,Verified,DEMO-ONLY/861/property_verification,DEMO-ONLY/861/claims_verification,,DEMO-ONLY/861/replacement_cost_verification,Synthetic evidence scenario,2026-09-15,,No,Yes,Yes,Yes,,DEMO-2026-00861,2,Demo portfolio,2026-08-15T12:00:00+00:00,0.1625666023166023,B
Sam Reed · Demo 862,,homeowner862@example.com,202-555-0100,HomeGuard Demo Agency,2026-09-15,Individual,,961 Example Lane,Sample City,VA,01861,Sample County,Owner-occupied,Yes,Detached single family,1,2013,5350,1,Frame,Slab,No,,No,0,No,No,,,4,Tile,Mixed,Fair,2022.0,1,No,DEMO-ONLY/862/roof_verification,Copper,Circuit breakers,,200,Copper,,14,Garage,Central gas,,No,No,No,,No,Yes,Yes,None,None,No,No,No,2.5,650,,No,No,No,No,No,No,,30,0,X,,No,No,No,,HO-5,198896,234000,23400,140400,46800,500000,5000,5000,2,No,No,No,No,In force,No,Example Mutual (synthetic),,0,No,,1,0,190455,0,"Synthetic loss-run example: 1 claim(s), 0 open; total paid $190,455. Not a real claims report.",Verified,Verified,Verified,Verified,Verified,DEMO-ONLY/862/property_verification,DEMO-ONLY/862/claims_verification,DEMO-ONLY/862/hazard_verification,DEMO-ONLY/862/replacement_cost_verification,Synthetic evidence scenario,2026-09-15,,No,Yes,Yes,Yes,,DEMO-2026-00862,2,Demo portfolio,2026-08-28T12:00:00+00:00,0.8139102564102564,F
Casey Brooks · Demo 863,,homeowner863@example.com,202-555-0100,HomeGuard Demo Agency,2026-09-15,Individual,,962 Example Lane,Sample City,WA,01862,Sample County,Owner-occupied,Yes,Condominium,1,1974,2850,1,Solid masonry,Slab,No,,No,12,No,No,,,12,Architectural shingle,Mixed,Fair,2014.0,1,No,DEMO-ONLY/863/roof_verification,Copper,Circuit breakers,,200,Copper,,5,Garage,Central gas,,No,No,No,,No,Yes,Yes,None,None,No,No,No,3.3,400,,No,No,No,No,No,No,,42,49,X,,No,No,No,,HO-5,525093,553000,55300,331800,110600,300000,5000,5000,2,No,No,No,No,In force,No,Example Mutual (synthetic),,0,No,,0,0,0,0,,Verified,Verified,Verified,Verified,Verified,DEMO-ONLY/863/property_verification,DEMO-ONLY/863/claims_verification,DEMO-ONLY/863/hazard_verification,DEMO-ONLY/863/replacement_cost_verification,Synthetic evidence scenario,2026-09-15,,No,Yes,Yes,Yes,,DEMO-2026-00863,2,Demo portfolio,2026-07-21T12:00:00+00:00,0.0,B
Jordan Hayes · Demo 864,,homeowner864@example.com,202-555-0100,HomeGuard Demo Agency,2026-09-15,Individual,,963 Example Lane,Sample City,WV,01863,Sample County,Owner-occupied,Yes,Detached single family,1,1950,2200,1,Masonry veneer,Basement,No,,No,17,No,No,,,10,Metal,Hip,Good,2016.0,1,No,DEMO-ONLY/864/roof_verification,Copper,Circuit breakers,,200,PEX / PVC / CPVC,,11,Garage,Heat pump,,No,No,No,,No,Yes,Yes,None,None,No,No,No,2.6,800,,No,No,No,No,No,No,,21,1,X,,No,No,No,,HO-3,595882,723000,72300,433800,144600,500000,5000,1000,2,No,No,No,No,In force,No,Example Mutual (synthetic),,0,No,,0,0,0,0,,Verified,Verified,Verified,Verified,Verified,DEMO-ONLY/864/property_verification,DEMO-ONLY/864/claims_verification,DEMO-ONLY/864/hazard_verification,DEMO-ONLY/864/replacement_cost_verification,Synthetic evidence scenario,2026-09-15,,No,Yes,Yes,Yes,,DEMO-2026-00864,2,Demo portfolio,2026-08-17T12:00:00+00:00,0.0,A
Alex Lane · Demo 865,,homeowner865@example.com,202-555-0100,HomeGuard Demo Agency,2026-09-15,Individual,,964 Example Lane,Sample City,WI,01864,Sample County,Owner-occupied,Yes,Detached single family,1,1955,3950,3,Solid masonry,Basement,No,,No,20,No,No,,,10,Architectural shingle,Mixed,Fair,2016.0,1,No,DEMO-ONLY/865/roof_verification,Copper,Circuit breakers,,200,Copper,,12,Garage,Central gas,,No,No,No,,No,Yes,Yes,None,None,No,No,No,3.3,600,,No,No,No,No,No,No,,28,2,X,,No,No,No,,HO-3,269885,274000,27400,164400,54800,100000,5000,1000,2,No,No,No,No,In force,No,Example Mutual (synthetic),,0,No,,1,0,31123,0,"Synthetic loss-run example: 1 claim(s), 0 open; total paid $31,123. Not a real claims report.",Verified,Verified,Verified,Verified,Verified,DEMO-ONLY/865/property_verification,DEMO-ONLY/865/claims_verification,DEMO-ONLY/865/hazard_verification,DEMO-ONLY/865/replacement_cost_verification,Synthetic evidence scenario,2026-09-15,,No,Yes,Yes,Yes,,DEMO-2026-00865,2,Demo portfolio,2026-09-04T12:00:00+00:00,0.11358759124087592,A
Jordan Reed · Demo 866,,homeowner866@example.com,202-555-0100,HomeGuard Demo Agency,2026-09-15,Individual,,965 Example Lane,Sample City,WY,01865,Sample County,Owner-occupied,Yes,Detached single family,1,1990,1650,3,Masonry veneer,Slab,No,,No,6,No,No,,,6,Slate,Hip,Good,2020.0,1,No,DEMO-ONLY/866/roof_verification,Copper,Circuit breakers,,200,Copper,,8,Garage,Central gas,,No,No,No,,No,Yes,Yes,None,None,No,No,No,4.8,300,,No,No,No,No,No,No,,39,28,X,,No,No,No,,HO-5,1259547,1145000,114500,687000,229000,100000,5000,1000,2,No,No,No,No,In force,No,Example Mutual (synthetic),,107,No,,0,0,0,0,,Verified,Verified,Verified,Verified,Verified,DEMO-ONLY/866/property_verification,DEMO-ONLY/866/claims_verification,DEMO-ONLY/866/hazard_verification,DEMO-ONLY/866/replacement_cost_verification,Synthetic evidence scenario,2026-09-15,,No,Yes,Yes,Yes,,DEMO-2026-00866,2,Demo portfolio,2026-07-27T12:00:00+00:00,0.0,B
Sam Parker · Demo 867,,homeowner867@example.com,202-555-0100,HomeGuard Demo Agency,2026-09-15,Individual,,966 Example Lane,Sample City,DC,01866,Sample County,Owner-occupied,Yes,Detached single family,1,1971,1550,2,Frame,Slab,No,,No,6,No,No,,,7,Slate,Gable,Good,2019.0,1,No,DEMO-ONLY/867/roof_verification,Copper,Circuit breakers,,200,PEX / PVC / CPVC,,2,Garage,Central electric,,No,No,No,,No,Yes,Yes,None,None,No,No,No,3.8,150,,No,No,No,No,No,No,,12,45,X,,No,No,No,,HO-3,1191541,1150000,115000,690000,230000,300000,5000,5000,2,No,No,No,No,In force,No,Example Mutual (synthetic),,0,No,,0,0,0,0,,Verified,Verified,Verified,Verified,Verified,DEMO-ONLY/867/property_verification,DEMO-ONLY/867/claims_verification,DEMO-ONLY/867/hazard_verification,DEMO-ONLY/867/replacement_cost_verification,Synthetic evidence scenario,2026-09-15,,No,Yes,Yes,Yes,,DEMO-2026-00867,2,Demo portfolio,2026-08-09T12:00:00+00:00,0.0,A
Morgan Hayes · Demo 868,,homeowner868@example.com,202-555-0100,HomeGuard Demo Agency,2026-09-15,Individual,,967 Example Lane,Sample City,AL,01867,Sample County,Owner-occupied,Yes,Detached single family,1,1964,4300,2,Masonry veneer,Slab,No,,No,0,No,No,,,15,Tile,Mixed,Fair,2011.0,1,No,DEMO-ONLY/868/roof_verification,Copper,Circuit breakers,,200,Copper,,13,Garage,Central gas,,No,No,No,,No,Yes,Yes,None,None,No,No,No,4.6,250,,No,No,No,No,No,No,,6,48,X,,No,No,No,,HO-5,545790,593000,59300,355800,118600,100000,5000,2500,2,No,No,No,No,In force,No,Example Mutual (synthetic),,0,No,,0,0,0,0,,Verified,Verified,Verified,Verified,Verified,DEMO-ONLY/868/property_verification,DEMO-ONLY/868/claims_verification,DEMO-ONLY/868/hazard_verification,DEMO-ONLY/868/replacement_cost_verification,Synthetic evidence scenario,2026-09-15,,No,Yes,Yes,Yes,,DEMO-2026-00868,2,Demo portfolio,2026-08-25T12:00:00+00:00,0.0,A
Jordan Brooks · Demo 869,,homeowner869@example.com,202-555-0100,HomeGuard Demo Agency,2026-09-15,Individual,,968 Example Lane,Sample City,AK,01868,Sample County,Owner-occupied,Yes,Detached single family,1,1960,2750,2,Solid masonry,Basement,No,,No,4,No,No,,,26,Tile,Hip,Poor,,1,No,DEMO-ONLY/869/roof_verification,Copper,Circuit breakers,,200,Copper,,10,Garage,Central gas,,No,No,No,,No,Yes,Yes,None,None,No,No,No,1.4,750,,No,No,No,No,No,No,,11,15,X,,No,No,No,,HO-3,1475309,1425000,142500,855000,285000,300000,5000,5000,2,No,No,No,No,In force,No,Example Mutual (synthetic),,0,No,,0,0,0,0,,Verified,Verified,Verified,Verified,Verified,DEMO-ONLY/869/property_verification,DEMO-ONLY/869/claims_verification,DEMO-ONLY/869/hazard_verification,DEMO-ONLY/869/replacement_cost_verification,Synthetic evidence scenario,2026-09-15,,No,Yes,Yes,Yes,,DEMO-2026-00869,2,Demo portfolio,2026-09-14T12:00:00+00:00,0.0,F
Casey Parker · Demo 870,,homeowner870@example.com,202-555-0100,HomeGuard Demo Agency,2026-09-15,Individual,,969 Example Lane,Sample City,AZ,01869,Sample County,Owner-occupied,Yes,Detached single family,1,1995,1900,3,Solid masonry,Slab,No,,No,19,No,No,,,16,Architectural shingle,Mixed,Good,2010.0,1,No,DEMO-ONLY/870/roof_verification,Copper,Circuit breakers,,200,PEX / PVC / CPVC,,13,Garage,Heat pump,,No,No,No,,No,Yes,Yes,None,None,No,No,No,1.0,300,,No,No,No,No,No,No,,23,18,X,,No,No,No,,HO-3,279906,300000,30000,180000,60000,500000,5000,2500,2,No,No,No,No,In force,No,Example Mutual (synthetic),,0,No,,0,0,0,0,,Verified,Verified,Verified,Verified,Verified,DEMO-ONLY/870/property_verification,DEMO-ONLY/870/claims_verification,DEMO-ONLY/870/hazard_verification,DEMO-ONLY/870/replacement_cost_verification,Synthetic evidence scenario,2026-09-15,,No,Yes,Yes,Yes,,DEMO-2026-00870,2,Demo portfolio,2026-09-04T12:00:00+00:00,0.0,A
Taylor Ellis · Demo 871,,homeowner871@example.com,202-555-0100,HomeGuard Demo Agency,2026-09-15,Individual,,970 Example Lane,Sample City,AR,01870,Sample County,Owner-occupied,Yes,Detached single family,1,1998,4450,2,Masonry veneer,Crawl space,No,,No,3,No,No,,,6,Metal,Hip,Fair,2020.0,1,No,DEMO-ONLY/871/roof_verification,Copper,Circuit breakers,,200,Copper,,14,Garage,Central electric,,No,No,No,,No,Yes,Yes,None,None,No,No,No,4.5,850,,No,No,No,No,No,No,,48,43,X,,No,No,No,,HO-3,394897,474000,47400,284400,94800,300000,5000,1000,2,No,No,No,No,In force,No,Example Mutual (synthetic),,0,No,,1,0,236336,0,"Synthetic loss-run example: 1 claim(s), 0 open; total paid $236,336. Not a real claims report.",Verified,Verified,Verified,Not checked,Verified,DEMO-ONLY/871/property_verification,DEMO-ONLY/871/claims_verification,,DEMO-ONLY/871/replacement_cost_verification,Synthetic evidence scenario,2026-09-15,,No,Yes,Yes,Yes,,DEMO-2026-00871,2,Demo portfolio,2026-08-21T12:00:00+00:00,0.4985991561181435,B
Alex Ellis · Demo 872,,homeowner872@example.com,202-555-0100,HomeGuard Demo Agency,2026-09-15,Individual,,971 Example Lane,Sample City,CA,01871,Sample County,Owner-occupied,Yes,Detached single family,1,1994,5350,3,Frame,Slab,No,,No,13,No,No,,,15,Metal,Mixed,Good,2011.0,1,No,DEMO-ONLY/872/roof_verification,Copper,Circuit breakers,,200,Copper,,10,Garage,Central gas,,No,No,No,,No,Yes,Yes,None,None,No,No,No,4.2,950,,No,No,No,No,No,No,,3,14,X,,No,No,No,,HO-3,1531786,1494000,149400,896400,298800,100000,5000,5000,2,No,No,No,No,In force,No,Example Mutual (synthetic),,0,No,,0,0,0,0,,Verified,Verified,Verified,Verified,Verified,DEMO-ONLY/872/property_verification,DEMO-ONLY/872/claims_verification,DEMO-ONLY/872/hazard_verification,DEMO-ONLY/872/replacement_cost_verification,Synthetic evidence scenario,2026-09-15,,No,Yes,Yes,Yes,,DEMO-2026-00872,2,Demo portfolio,2026-08-14T12:00:00+00:00,0.0,A
Morgan Parker · Demo 873,,homeowner873@example.com,202-555-0100,HomeGuard Demo Agency,2026-09-15,Individual,,972 Example Lane,Sample City,CO,01872,Sample County,Owner-occupied,Yes,Detached single family,1,2006,3050,1,Masonry veneer,Slab,No,,No,7,No,No,,,14,Metal,Hip,Fair,2012.0,1,No,DEMO-ONLY/873/roof_verification,Copper,Circuit breakers,,200,Copper,,5,Garage,Central gas,,No,No,No,,No,Yes,Yes,None,None,No,No,No,4.8,450,,No,No,No,No,No,No,,84,9,X,,No,No,No,,HO-3,222394,215000,21500,129000,43000,100000,5000,1000,2,No,No,No,No,In force,No,Example Mutual (synthetic),,0,No,,0,0,0,0,,Verified,Verified,Verified,Verified,Verified,DEMO-ONLY/873/property_verification,DEMO-ONLY/873/claims_verification,DEMO-ONLY/873/hazard_verification,DEMO-ONLY/873/replacement_cost_verification,Synthetic evidence scenario,2026-09-15,,No,Yes,Yes,Yes,,DEMO-2026-00873,2,Demo portfolio,2026-09-12T12:00:00+00:00,0.0,B
Taylor Ellis · Demo 874,,homeowner874@example.com,202-555-0100,HomeGuard Demo Agency,2026-09-15,Individual,,973 Example Lane,Sample City,CT,01873,Sample County,Owner-occupied,Yes,Detached single family,1,2011,1900,2,Frame,Crawl space,No,,No,3,No,No,,,4,Slate,Gable,Good,2022.0,1,No,DEMO-ONLY/874/roof_verification,Copper,Circuit breakers,,200,Copper,,9,Garage,Central gas,,No,No,No,,No,Yes,Yes,None,None,No,No,No,4.5,350,,No,No,No,No,No,No,,35,33,X,,No,No,No,,HO-5,994320,1195000,119500,717000,239000,100000,5000,5000,2,No,No,No,No,In force,No,Example Mutual (synthetic),,0,No,,0,0,0,0,,Verified,Verified,Verified,Verified,Verified,DEMO-ONLY/874/property_verification,DEMO-ONLY/874/claims_verification,DEMO-ONLY/874/hazard_verification,DEMO-ONLY/874/replacement_cost_verification,Synthetic evidence scenario,2026-09-15,,No,Yes,Yes,Yes,,DEMO-2026-00874,2,Demo portfolio,2026-09-04T12:00:00+00:00,0.0,A
Alex Lane · Demo 875,,homeowner875@example.com,202-555-0100,HomeGuard Demo Agency,2026-09-15,Individual,,974 Example Lane,Sample City,DE,01874,Sample County,Owner-occupied,Yes,Detached single family,1,1995,3100,3,Solid masonry,Basement,No,,No,10,No,No,,,7,Metal,Mixed,Fair,2019.0,1,No,DEMO-ONLY/875/roof_verification,Copper,Circuit breakers,,200,Copper,,8,Garage,Central electric,,No,No,No,,No,Yes,Yes,None,None,No,No,No,3.8,800,,No,No,No,No,No,No,,23,49,A,,No,No,No,,HO-3,952800,1002000,100200,601200,200400,500000,5000,2500,2,No,No,No,No,In force,No,Example Mutual (synthetic),,0,No,,0,0,0,0,,Verified,Verified,Verified,Verified,Verified,DEMO-ONLY/875/property_verification,DEMO-ONLY/875/claims_verification,DEMO-ONLY/875/hazard_verification,DEMO-ONLY/875/replacement_cost_verification,Synthetic evidence scenario,2026-09-15,,No,Yes,Yes,Yes,,DEMO-2026-00875,2,Demo portfolio,2026-08-17T12:00:00+00:00,0.0,B
Morgan Brooks · Demo 876,,homeowner876@example.com,202-555-0100,HomeGuard Demo Agency,2026-09-15,Individual,,975 Example Lane,Sample City,FL,01875,Sample County,Owner-occupied,Yes,Detached single family,1,1997,4350,2,Frame,Crawl space,No,,No,8,No,No,,,8,Tile,Gable,Fair,2018.0,1,No,DEMO-ONLY/876/roof_verification,Copper,Circuit breakers,,200,PEX / PVC / CPVC,,5,Garage,Central gas,,No,No,No,,No,Yes,Yes,None,None,No,No,No,4.7,450,,Yes,Yes,No,No,No,No,,44,33,X,,No,No,No,,HO-3,893200,951000,95100,570600,190200,100000,5000,1000,2,No,No,No,No,In force,No,Example Mutual (synthetic),,0,No,,0,0,0,0,,Verified,Verified,Verified,Verified,Verified,DEMO-ONLY/876/property_verification,DEMO-ONLY/876/claims_verification,DEMO-ONLY/876/hazard_verification,DEMO-ONLY/876/replacement_cost_verification,Synthetic evidence scenario,2026-09-15,,No,Yes,Yes,Yes,,DEMO-2026-00876,2,Demo portfolio,2026-09-15T12:00:00+00:00,0.0,A
Jordan Hayes · Demo 877,,homeowner877@example.com,202-555-0100,HomeGuard Demo Agency,2026-09-15,Individual,,976 Example Lane,Sample City,GA,01876,Sample County,Owner-occupied,Yes,Detached single family,1,1978,3450,1,Masonry veneer,Basement,No,,No,9,No,No,,,15,Metal,Hip,Good,2011.0,1,No,DEMO-ONLY/877/roof_verification,Copper,Circuit breakers,,200,Copper,,2,Garage,Central gas,,No,No,No,,No,Yes,Yes,None,None,No,No,No,1.3,100,,No,No,No,No,No,No,,35,34,X,,No,No,No,,HO-3,267301,246000,24600,147600,49200,500000,5000,1000,2,No,No,No,No,In force,No,Example Mutual (synthetic),,0,No,,1,0,14972,0,"Synthetic loss-run example: 1 claim(s), 0 open; total paid $14,972. Not a real claims report.",Verified,Verified,Verified,Verified,Verified,DEMO-ONLY/877/property_verification,DEMO-ONLY/877/claims_verification,DEMO-ONLY/877/hazard_verification,DEMO-ONLY/877/replacement_cost_verification,Synthetic evidence scenario,2026-09-15,,No,Yes,Yes,Yes,,DEMO-2026-00877,2,Demo portfolio,2026-07-21T12:00:00+00:00,0.06086178861788618,A
Taylor Hayes · Demo 878,,homeowner878@example.com,202-555-0100,HomeGuard Demo Agency,2026-09-15,Individual,,977 Example Lane,Sample City,HI,01877,Sample County,Owner-occupied,Yes,Detached single family,1,1979,1500,2,Masonry veneer,Basement,No,,No,11,No,No,,,4,Architectural shingle,Mixed,Good,2022.0,1,No,DEMO-ONLY/878/roof_verification,Knob and tube,Circuit breakers,,200,Copper,,11,Garage,Heat pump,,No,No,No,,No,Yes,Yes,None,None,No,No,No,3.9,150,,No,No,No,No,No,No,,49,29,X,,No,No,No,,HO-5,1170913,1325000,132500,795000,265000,500000,5000,2500,2,No,No,No,No,In force,No,Example Mutual (synthetic),,0,No,,0,0,0,0,,Verified,Verified,Verified,Verified,Verified,DEMO-ONLY/878/property_verification,DEMO-ONLY/878/claims_verification,DEMO-ONLY/878/hazard_verification,DEMO-ONLY/878/replacement_cost_verification,Synthetic evidence scenario,2026-09-15,,No,Yes,Yes,Yes,,DEMO-2026-00878,2,Demo portfolio,2026-08-01T12:00:00+00:00,0.0,B
Sam Ellis · Demo 879,,homeowner879@example.com,202-555-0100,HomeGuard Demo Agency,2026-09-15,Individual,,978 Example Lane,Sample City,ID,01878,Sample County,Owner-occupied,Yes,Detached single family,1,1960,4200,1,Frame,Slab,No,,No,10,No,No,,,13,Metal,Hip,Fair,2013.0,1,No,DEMO-ONLY/879/roof_verification,Copper,Circuit breakers,,200,Copper,,13,Garage,Central gas,,No,No,No,,No,Yes,Yes,None,None,No,No,No,2.8,500,,No,No,No,No,No,No,,19,38,X,,No,No,No,,HO-5,218057,265000,26500,159000,53000,300000,5000,5000,2,No,No,No,No,In force,No,Example Mutual (synthetic),,0,No,,0,0,0,0,,Verified,Verified,Verified,Verified,Verified,DEMO-ONLY/879/property_verification,DEMO-ONLY/879/claims_verification,DEMO-ONLY/879/hazard_verification,DEMO-ONLY/879/replacement_cost_verification,Synthetic evidence scenario,2026-09-15,,No,Yes,Yes,Yes,,DEMO-2026-00879,2,Demo portfolio,2026-07-23T12:00:00+00:00,0.0,A
Sam Parker · Demo 880,,homeowner880@example.com,202-555-0100,HomeGuard Demo Agency,2026-09-15,Individual,,979 Example Lane,Sample City,IL,01879,Sample County,Owner-occupied,Yes,Detached single family,1,1981,2750,1,Solid masonry,Crawl space,No,,No,3,No,No,,,15,Metal,Hip,Good,2011.0,1,No,DEMO-ONLY/880/roof_verification,Copper,Circuit breakers,,200,Copper,,1,Garage,Heat pump,,No,No,No,,No,Yes,Yes,None,None,No,No,No,2.1,700,,No,No,No,No,No,No,,32,47,X,,No,No,No,,HO-3,255862,273000,27300,163800,54600,100000,5000,2500,2,No,No,No,No,In force,No,Example Mutual (synthetic),,0,No,,0,0,0,0,,Verified,Verified,Verified,Verified,Verified,DEMO-ONLY/880/property_verification,DEMO-ONLY/880/claims_verification,DEMO-ONLY/880/hazard_verification,DEMO-ONLY/880/replacement_cost_verification,Synthetic evidence scenario,2026-09-15,,No,Yes,Yes,Yes,,DEMO-2026-00880,2,Demo portfolio,2026-07-27T12:00:00+00:00,0.0,A
Casey Brooks · Demo 881,,homeowner881@example.com,202-555-0100,HomeGuard Demo Agency,2026-09-15,Individual,,980 Example Lane,Sample City,IN,01880,Sample County,Owner-occupied,Yes,Detached single family,1,1965,4850,3,Frame,Basement,No,,No,17,No,No,,,18,Metal,Gable,Good,2008.0,1,No,DEMO-ONLY/881/roof_verification,Copper,Circuit breakers,,200,Copper,,7,Garage,Central gas,,No,No,No,,No,Yes,Yes,None,None,No,No,No,0.3,200,,No,No,No,No,No,No,,47,26,X,,No,No,No,,HO-3,1214307,1463000,146300,877800,292600,100000,5000,5000,2,No,No,No,No,In force,No,Example Mutual (synthetic),,0,No,,1,0,76989,0,"Synthetic loss-run example: 1 claim(s), 0 open; total paid $76,989. Not a real claims report.",Verified,Verified,Verified,Not checked,Verified,DEMO-ONLY/881/property_verification,DEMO-ONLY/881/claims_verification,,DEMO-ONLY/881/replacement_cost_verification,Synthetic evidence scenario,2026-09-15,,No,Yes,Yes,Yes,,DEMO-2026-00881,2,Demo portfolio,2026-08-19T12:00:00+00:00,0.05262406015037594,B
Alex Brooks · Demo 882,,homeowner882@example.com,202-555-0100,HomeGuard Demo Agency,2026-09-15,Individual,,981 Example Lane,Sample City,IA,01881,Sample County,Owner-occupied,Yes,Detached single family,1,1955,1500,1,Masonry veneer,Basement,No,,No,18,No,No,,,8,Slate,Hip,Fair,2018.0,1,No,DEMO-ONLY/882/roof_verification,Copper,Circuit breakers,,200,Copper,,5,Garage,Heat pump,,No,No,No,,No,Yes,Yes,None,None,No,No,No,2.1,950,,No,No,No,No,No,No,,29,23,X,,No,No,No,,HO-3,990445,1105000,110500,663000,221000,300000,5000,1000,2,No,No,No,No,In force,No,Example Mutual (synthetic),,0,No,,0,0,0,0,,Verified,Verified,Verified,Verified,Verified,DEMO-ONLY/882/property_verification,DEMO-ONLY/882/claims_verification,DEMO-ONLY/882/hazard_verification,DEMO-ONLY/882/replacement_cost_verification,Synthetic evidence scenario,2026-09-15,,No,Yes,Yes,Yes,,DEMO-2026-00882,2,Demo portfolio,2026-08-30T12:00:00+00:00,0.0,A
Sam Ellis · Demo 883,,homeowner883@example.com,202-555-0100,HomeGuard Demo Agency,2026-09-15,Individual,,982 Example Lane,Sample City,KS,01882,Sample County,Owner-occupied,Yes,Detached single family,1,1951,2500,1,Frame,Crawl space,No,,No,13,No,No,,,15,Architectural shingle,Mixed,Good,2011.0,1,No,DEMO-ONLY/883/roof_verification,Copper,Circuit breakers,,200,PEX / PVC / CPVC,,1,Garage,Central gas,,No,No,No,,No,Yes,Yes,None,None,No,No,No,4.6,550,,Yes,Yes,No,No,No,No,,6,40,X,,No,No,No,,HO-3,876661,842000,84200,505200,168400,500000,5000,5000,2,No,No,No,No,In force,No,Example Mutual (synthetic),,0,No,,0,0,0,0,,Verified,Verified,Verified,Verified,Verified,DEMO-ONLY/883/property_verification,DEMO-ONLY/883/claims_verification,DEMO-ONLY/883/hazard_verification,DEMO-ONLY/883/replacement_cost_verification,Synthetic evidence scenario,2026-09-15,,No,Yes,Yes,Yes,,DEMO-2026-00883,2,Demo portfolio,2026-09-08T12:00:00+00:00,0.0,A
Alex Parker · Demo 884,,homeowner884@example.com,202-555-0100,HomeGuard Demo Agency,2026-09-15,Individual,,983 Example Lane,Sample City,KY,01883,Sample County,Owner-occupied,Yes,Detached single family,1,1961,4300,2,Frame,Crawl space,No,,No,20,No,No,,,7,Metal,Gable,Good,2019.0,1,No,DEMO-ONLY/884/roof_verification,Copper,Circuit breakers,,200,Copper,,12,Garage,Heat pump,,No,No,No,,No,Yes,Yes,None,None,No,No,No,2.2,450,,No,No,No,No,No,No,,12,21,X,,No,No,No,,HO-5,402620,365000,36500,219000,73000,300000,5000,5000,2,No,No,No,No,In force,No,Example Mutual (synthetic),,0,No,,0,0,0,0,,Verified,Verified,Verified,Verified,Verified,DEMO-ONLY/884/property_verification,DEMO-ONLY/884/claims_verification,DEMO-ONLY/884/hazard_verification,DEMO-ONLY/884/replacement_cost_verification,Synthetic evidence scenario,2026-09-15,,No,Yes,Yes,Yes,,DEMO-2026-00884,2,Demo portfolio,2026-07-25T12:00:00+00:00,0.0,A
Morgan Reed · Demo 885,,homeowner885@example.com,202-555-0100,HomeGuard Demo Agency,2026-09-15,Individual,,984 Example Lane,Sample City,LA,01884,Sample County,Owner-occupied,Yes,Detached single family,1,1965,2500,3,Frame,Slab,No,,No,6,No,No,,,1,Architectural shingle,Mixed,Fair,2025.0,1,No,DEMO-ONLY/885/roof_verification,Copper,Circuit breakers,,200,PEX / PVC / CPVC,,5,Garage,Central gas,,No,No,Yes,,No,Yes,Yes,None,None,No,No,No,2.1,900,,No,No,No,No,No,No,,45,2,X,,No,No,No,,HO-3,361705,374000,37400,224400,74800,100000,5000,1000,2,No,No,No,No,In force,No,Example Mutual (synthetic),,0,No,,0,0,0,0,,Verified,Verified,Verified,Verified,Verified,DEMO-ONLY/885/property_verification,DEMO-ONLY/885/claims_verification,DEMO-ONLY/885/hazard_verification,DEMO-ONLY/885/replacement_cost_verification,Synthetic evidence scenario,2026-09-15,,No,Yes,Yes,Yes,,DEMO-2026-00885,2,Demo portfolio,2026-07-24T12:00:00+00:00,0.0,B
Casey Ellis · Demo 886,,homeowner886@example.com,202-555-0100,HomeGuard Demo Agency,2026-09-15,Individual,,985 Example Lane,Sample City,ME,01885,Sample County,Owner-occupied,Yes,Detached single family,1,1993,3450,1,Frame,Slab,No,,No,2,No,No,,,11,Architectural shingle,Gable,Fair,2015.0,1,No,DEMO-ONLY/886/roof_verification,Copper,Circuit breakers,,200,Copper,,5,Garage,Central gas,,No,No,No,,No,Yes,Yes,None,None,No,No,No,3.5,500,,No,No,No,No,No,No,,36,15,X,,No,No,No,,HO-5,426066,386000,38600,231600,77200,500000,5000,1000,2,No,No,No,No,In force,No,Example Mutual (synthetic),,0,No,,5,0,85108,0,"Synthetic loss-run example: 5 claim(s), 0 open; total paid $85,108. Not a real claims report.",Verified,Verified,Verified,Verified,Verified,DEMO-ONLY/886/property_verification,DEMO-ONLY/886/claims_verification,DEMO-ONLY/886/hazard_verification,DEMO-ONLY/886/replacement_cost_verification,Synthetic evidence scenario,2026-09-15,,No,Yes,Yes,Yes,,DEMO-2026-00886,2,Demo portfolio,2026-08-08T12:00:00+00:00,0.22048704663212434,F
Jordan Brooks · Demo 887,,homeowner887@example.com,202-555-0100,HomeGuard Demo Agency,2026-09-15,Individual,,986 Example Lane,Sample City,MD,01886,Sample County,Owner-occupied,Yes,Detached single family,1,1977,3550,3,Frame,Crawl space,No,,Yes,6,No,No,,,12,Architectural shingle,Hip,Good,2014.0,1,No,DEMO-ONLY/887/roof_verification,Copper,Circuit breakers,,200,Copper,,1,Garage,Central gas,,No,No,No,,No,Yes,Yes,None,None,No,No,No,4.7,950,,No,No,No,No,No,No,,10,34,X,,No,No,No,,HO-5,1202672,1373000,137300,823800,274600,500000,5000,1000,2,No,No,No,No,In force,No,Example Mutual (synthetic),,0,No,,0,0,0,0,,Verified,Verified,Verified,Verified,Verified,DEMO-ONLY/887/property_verification,DEMO-ONLY/887/claims_verification,DEMO-ONLY/887/hazard_verification,DEMO-ONLY/887/replacement_cost_verification,Synthetic evidence scenario,2026-09-15,,No,Yes,Yes,Yes,,DEMO-2026-00887,2,Demo portfolio,2026-08-05T12:00:00+00:00,0.0,B
Taylor Parker · Demo 888,,homeowner888@example.com,202-555-0100,HomeGuard Demo Agency,2026-09-15,Individual,,987 Example Lane,Sample City,MA,01887,Sample County,Owner-occupied,Yes,Detached single family,1,1981,2200,1,Solid masonry,Basement,No,,No,9,No,No,,,13,Metal,Hip,Fair,2013.0,1,No,DEMO-ONLY/888/roof_verification,Copper,Circuit breakers,,200,PEX / PVC / CPVC,,5,Garage,Heat pump,,No,No,No,,No,Yes,Yes,None,None,No,No,No,4.5,900,,No,No,No,No,No,No,,49,16,X,,No,No,No,,HO-3,658652,669000,66900,401400,133800,100000,5000,1000,2,No,No,No,No,In force,No,Example Mutual (synthetic),,0,No,,0,0,0,0,,Verified,Verified,Verified,Verified,Verified,DEMO-ONLY/888/property_verification,DEMO-ONLY/888/claims_verification,DEMO-ONLY/888/hazard_verification,DEMO-ONLY/888/replacement_cost_verification,Synthetic evidence scenario,2026-09-15,,No,Yes,Yes,Yes,,DEMO-2026-00888,2,Demo portfolio,2026-09-14T12:00:00+00:00,0.0,A
Sam Reed · Demo 889,,homeowner889@example.com,202-555-0100,HomeGuard Demo Agency,2026-09-15,Individual,,988 Example Lane,Sample City,MI,01888,Sample County,Owner-occupied,Yes,Detached single family,1,1956,4750,3,Masonry veneer,Slab,No,,No,8,No,No,,,9,Metal,Hip,Fair,2017.0,1,No,DEMO-ONLY/889/roof_verification,Copper,Circuit breakers,,200,PEX / PVC / CPVC,,7,Garage,Central gas,,No,No,No,,No,Yes,Yes,None,None,No,No,No,0.4,650,,No,No,No,No,No,No,,31,14,X,,No,No,Yes,,HO-3,347806,373000,37300,223800,74600,300000,5000,5000,2,No,No,No,No,In force,No,Example Mutual (synthetic),,0,No,,0,0,0,0,,Verified,Verified,Verified,Verified,Verified,DEMO-ONLY/889/property_verification,DEMO-ONLY/889/claims_verification,DEMO-ONLY/889/hazard_verification,DEMO-ONLY/889/replacement_cost_verification,Synthetic evidence scenario,2026-09-15,,No,Yes,Yes,Yes,,DEMO-2026-00889,2,Demo portfolio,2026-08-19T12:00:00+00:00,0.0,B
Casey Lane · Demo 890,,homeowner890@example.com,202-555-0100,HomeGuard Demo Agency,2026-09-15,Individual,,989 Example Lane,Sample City,MN,01889,Sample County,Owner-occupied,Yes,Detached single family,1,1979,5000,3,Frame,Crawl space,No,,No,7,No,No,,,1,Architectural shingle,Gable,Fair,2025.0,1,No,DEMO-ONLY/890/roof_verification,Copper,Circuit breakers,,200,Copper,,12,Garage,Central electric,,No,No,No,,No,Yes,Yes,None,None,No,No,No,4.3,500,,Yes,Yes,No,No,No,No,,11,30,X,,No,No,No,,HO-5,672208,685000,68500,411000,137000,300000,5000,5000,2,No,No,No,No,In force,No,Example Mutual (synthetic),,0,No,,0,0,0,0,,Verified,Verified,Verified,Verified,Verified,DEMO-ONLY/890/property_verification,DEMO-ONLY/890/claims_verification,DEMO-ONLY/890/hazard_verification,DEMO-ONLY/890/replacement_cost_verification,Synthetic evidence scenario,2026-09-15,,No,Yes,Yes,Yes,,DEMO-2026-00890,2,Demo portfolio,2026-08-20T12:00:00+00:00,0.0,A
Taylor Parker · Demo 891,,homeowner891@example.com,202-555-0100,HomeGuard Demo Agency,2026-09-15,Individual,,990 Example Lane,Sample City,MS,01890,Sample County,Owner-occupied,Yes,Detached single family,1,1962,1250,3,Masonry veneer,Slab,No,,No,10,No,No,,,7,Slate,Hip,Good,2019.0,1,No,DEMO-ONLY/891/roof_verification,Copper,Fuses,,200,PEX / PVC / CPVC,,10,Garage,Central electric,,No,No,No,,No,Yes,Yes,None,None,No,No,No,4.5,650,,No,No,No,No,No,No,,8,4,X,,No,No,No,,HO-3,694812,619000,61900,371400,123800,300000,5000,5000,2,No,No,No,No,In force,No,Example Mutual (synthetic),,0,No,,0,0,0,0,,Verified,Verified,Verified,Not checked,Verified,DEMO-ONLY/891/property_verification,DEMO-ONLY/891/claims_verification,,DEMO-ONLY/891/replacement_cost_verification,Synthetic evidence scenario,2026-09-15,,No,Yes,Yes,Yes,,DEMO-2026-00891,2,Demo portfolio,2026-07-24T12:00:00+00:00,0.0,B
Morgan Parker · Demo 892,,homeowner892@example.com,202-555-0100,HomeGuard Demo Agency,2026-09-15,Individual,,991 Example Lane,Sample City,MO,01891,Sample County,Owner-occupied,Yes,Detached single family,1,1954,3500,3,Masonry veneer,Basement,No,,No,4,No,No,,,3,Metal,Hip,Good,2023.0,1,No,DEMO-ONLY/892/roof_verification,Copper,Circuit breakers,,200,PEX / PVC / CPVC,,3,Garage,Heat pump,,No,No,No,,No,Yes,Yes,None,None,No,No,No,2.7,200,,No,No,No,No,No,No,,30,9,X,,No,No,No,,HO-3,192580,214000,21400,128400,42800,100000,5000,1000,2,No,No,No,No,In force,No,Example Mutual (synthetic),,0,No,,0,0,0,0,,Verified,Verified,Verified,Verified,Verified,DEMO-ONLY/892/property_verification,DEMO-ONLY/892/claims_verification,DEMO-ONLY/892/hazard_verification,DEMO-ONLY/892/replacement_cost_verification,Synthetic evidence scenario,2026-09-15,,No,Yes,Yes,Yes,,DEMO-2026-00892,2,Demo portfolio,2026-08-09T12:00:00+00:00,0.0,A
Morgan Lane · Demo 893,,homeowner893@example.com,202-555-0100,HomeGuard Demo Agency,2026-09-15,Individual,,992 Example Lane,Sample City,MT,01892,Sample County,Owner-occupied,Yes,Detached single family,1,2005,3400,1,Frame,Slab,No,,No,15,No,No,,,6,Metal,Gable,Fair,2020.0,1,No,DEMO-ONLY/893/roof_verification,Copper,Circuit breakers,,200,PEX / PVC / CPVC,,1,Garage,Heat pump,,Yes,No,No,,No,Yes,Yes,None,None,No,No,No,4.6,100,,No,No,No,No,No,No,,21,38,X,,No,No,No,,HO-5,1049967,1138000,113800,682800,227600,300000,5000,5000,2,No,No,No,No,In force,No,Example Mutual (synthetic),,0,No,,0,0,0,0,,Verified,Verified,Verified,Verified,Verified,DEMO-ONLY/893/property_verification,DEMO-ONLY/893/claims_verification,DEMO-ONLY/893/hazard_verification,DEMO-ONLY/893/replacement_cost_verification,Synthetic evidence scenario,2026-09-15,,No,Yes,Yes,Yes,,DEMO-2026-00893,2,Demo portfolio,2026-08-25T12:00:00+00:00,0.0,B
Casey Brooks · Demo 894,,homeowner894@example.com,202-555-0100,HomeGuard Demo Agency,2026-09-15,Individual,,993 Example Lane,Sample City,NE,01893,Sample County,Owner-occupied,Yes,Detached single family,1,1956,4350,2,Masonry veneer,Basement,No,,No,14,No,No,,,3,Metal,Mixed,Good,2023.0,1,No,DEMO-ONLY/894/roof_verification,Copper,Circuit breakers,,200,PEX / PVC / CPVC,,1,Garage,Heat pump,,No,No,No,,No,Yes,Yes,None,None,No,No,No,3.2,650,,No,No,No,No,No,No,,23,1,X,,No,No,No,,HO-3,626957,695000,69500,417000,139000,100000,5000,2500,2,No,No,No,No,In force,No,Example Mutual (synthetic),,0,No,,0,0,0,0,,Verified,Verified,Verified,Verified,Verified,DEMO-ONLY/894/property_verification,DEMO-ONLY/894/claims_verification,DEMO-ONLY/894/hazard_verification,DEMO-ONLY/894/replacement_cost_verification,Synthetic evidence scenario,2026-09-15,,No,Yes,Yes,Yes,,DEMO-2026-00894,2,Demo portfolio,2026-08-20T12:00:00+00:00,0.0,A
Morgan Brooks · Demo 895,,homeowner895@example.com,202-555-0100,HomeGuard Demo Agency,2026-09-15,Individual,,994 Example Lane,Sample City,NV,01894,Sample County,Owner-occupied,Yes,Detached single family,1,1974,3000,2,Masonry veneer,Slab,No,,No,19,No,No,,,11,Architectural shingle,Hip,Fair,2015.0,1,No,DEMO-ONLY/895/roof_verification,Copper,Circuit breakers,,200,PEX / PVC / CPVC,,6,Garage,Central gas,,No,No,No,,No,Yes,Yes,None,None,No,No,No,3.2,800,,No,No,No,No,No,No,,1,19,X,,No,No,No,,HO-3,1210041,1442000,144200,865200,288400,300000,5000,2500,2,No,No,No,No,In force,No,Example Mutual (synthetic),,0,No,,0,0,0,0,,Verified,Verified,Verified,Verified,Verified,DEMO-ONLY/895/property_verification,DEMO-ONLY/895/claims_verification,DEMO-ONLY/895/hazard_verification,DEMO-ONLY/895/replacement_cost_verification,Synthetic evidence scenario,2026-09-15,,No,Yes,Yes,Yes,,DEMO-2026-00895,2,Demo portfolio,2026-09-04T12:00:00+00:00,0.0,A
Alex Brooks · Demo 896,,homeowner896@example.com,202-555-0100,HomeGuard Demo Agency,2026-09-15,Individual,,995 Example Lane,Sample City,NH,01895,Sample County,Owner-occupied,Yes,Detached single family,1,1969,2500,1,Solid masonry,Slab,No,,No,16,No,No,,,1,Tile,Hip,Fair,2025.0,1,No,DEMO-ONLY/896/roof_verification,Copper,Circuit breakers,,200,Copper,,12,Garage,Heat pump,,No,No,No,,No,Yes,Yes,None,None,No,No,No,0.1,600,,No,No,No,No,No,No,,0,11,X,,No,No,No,,HO-5,283298,331000,33100,198600,66200,100000,5000,5000,2,No,No,No,No,In force,No,Example Mutual (synthetic),,0,No,,4,0,11225,0,"Synthetic loss-run example: 4 claim(s), 0 open; total paid $11,225. Not a real claims report.",Verified,Verified,Verified,Verified,Verified,DEMO-ONLY/896/property_verification,DEMO-ONLY/896/claims_verification,DEMO-ONLY/896/hazard_verification,DEMO-ONLY/896/replacement_cost_verification,Synthetic evidence scenario,2026-09-15,,No,Yes,Yes,Yes,,DEMO-2026-00896,2,Demo portfolio,2026-08-29T12:00:00+00:00,0.03391238670694864,F
Jordan Parker · Demo 897,,homeowner897@example.com,202-555-0100,HomeGuard Demo Agency,2026-09-15,Individual,,996 Example Lane,Sample City,NJ,01896,Sample County,Owner-occupied,Yes,Detached single family,1,2007,3450,3,Solid masonry,Slab,No,,No,16,No,No,,,17,Architectural shingle,Hip,Good,2009.0,1,No,DEMO-ONLY/897/roof_verification,Copper,Circuit breakers,,200,Copper,,1,Garage,Central gas,,No,No,No,,No,Yes,Yes,None,None,No,No,No,0.6,600,,No,No,No,No,No,No,,25,36,X,,No,No,No,,HO-3,1339455,1234000,123400,740400,246800,100000,5000,5000,2,No,No,No,No,In force,No,Example Mutual (synthetic),,0,No,,1,0,1421266,0,"Synthetic loss-run example: 1 claim(s), 0 open; total paid $1,421,266. Not a real claims report.",Verified,Verified,Verified,Verified,Verified,DEMO-ONLY/897/property_verification,DEMO-ONLY/897/claims_verification,DEMO-ONLY/897/hazard_verification,DEMO-ONLY/897/replacement_cost_verification,Synthetic evidence scenario,2026-09-15,,No,Yes,Yes,Yes,,DEMO-2026-00897,2,Demo portfolio,2026-08-22T12:00:00+00:00,1.1517552674230145,F
Casey Brooks · Demo 898,,homeowner898@example.com,202-555-0100,HomeGuard Demo Agency,2026-09-15,Individual,,997 Example Lane,Sample City,NM,01897,Sample County,Owner-occupied,Yes,Detached single family,1,1994,4300,1,Masonry veneer,Basement,No,,No,9,No,No,,,12,Metal,Mixed,Fair,2014.0,1,No,DEMO-ONLY/898/roof_verification,Copper,Circuit breakers,,200,Copper,,6,Garage,Central gas,,No,No,No,,No,Yes,Yes,None,None,No,No,No,1.7,600,,No,No,No,No,No,No,,20,24,X,,No,No,No,,HO-3,743628,825000,82500,495000,165000,100000,5000,5000,2,No,No,No,No,In force,No,Example Mutual (synthetic),,0,No,,0,0,0,0,,Verified,Verified,Verified,Verified,Verified,DEMO-ONLY/898/property_verification,DEMO-ONLY/898/claims_verification,DEMO-ONLY/898/hazard_verification,DEMO-ONLY/898/replacement_cost_verification,Synthetic evidence scenario,2026-09-15,,No,Yes,Yes,Yes,,DEMO-2026-00898,2,Demo portfolio,2026-08-01T12:00:00+00:00,0.0,A
Morgan Reed · Demo 899,,homeowner899@example.com,202-555-0100,HomeGuard Demo Agency,2026-09-15,Individual,,998 Example Lane,Sample City,NY,01898,Sample County,Owner-occupied,Yes,Detached single family,1,1960,1950,3,Masonry veneer,Slab,No,,No,12,No,No,,,27,Architectural shingle,Hip,Poor,,1,No,DEMO-ONLY/899/roof_verification,Copper,Circuit breakers,,200,Copper,,3,Garage,Heat pump,,No,No,No,,No,Yes,Yes,None,None,No,No,No,2.5,150,,No,No,No,No,No,No,,39,10,X,,No,No,No,,HO-3,1333963,1282000,128200,769200,256400,500000,5000,5000,2,No,No,No,No,In force,No,Example Mutual (synthetic),,0,No,,0,0,0,0,,Verified,Verified,Verified,Verified,Verified,DEMO-ONLY/899/property_verification,DEMO-ONLY/899/claims_verification,DEMO-ONLY/899/hazard_verification,DEMO-ONLY/899/replacement_cost_verification,Synthetic evidence scenario,2026-09-15,,No,Yes,Yes,Yes,,DEMO-2026-00899,2,Demo portfolio,2026-07-20T12:00:00+00:00,0.0,F
Jordan Brooks · Demo 900,,homeowner900@example.com,202-555-0100,HomeGuard Demo Agency,2026-09-15,Individual,,999 Example Lane,Sample City,NC,01899,Sample County,Owner-occupied,Yes,Detached single family,1,1964,3750,1,Masonry veneer,Crawl space,No,,No,18,No,No,,,8,Metal,Gable,Fair,2018.0,1,No,DEMO-ONLY/900/roof_verification,Copper,Circuit breakers,,200,PEX / PVC / CPVC,,8,Garage,Central gas,,No,No,No,,No,Yes,Yes,None,None,No,No,No,2.9,250,,No,No,No,No,No,No,,6,49,X,,No,No,No,,HO-5,1246444,1222000,122200,733200,244400,300000,5000,1000,2,No,No,No,No,In force,No,Example Mutual (synthetic),,0,No,,0,0,0,0,,Verified,Verified,Verified,Verified,Verified,DEMO-ONLY/900/property_verification,DEMO-ONLY/900/claims_verification,DEMO-ONLY/900/hazard_verification,DEMO-ONLY/900/replacement_cost_verification,Synthetic evidence scenario,2026-09-15,,No,Yes,Yes,Yes,,DEMO-2026-00900,2,Demo portfolio,2026-07-20T12:00:00+00:00,0.0,A
Taylor Ellis · Demo 901,,homeowner901@example.com,202-555-0100,HomeGuard Demo Agency,2026-09-15,Individual,,1000 Example Lane,Sample City,ND,01900,Sample County,Owner-occupied,Yes,Detached single family,1,1992,1700,2,Masonry veneer,Crawl space,No,,No,4,No,No,,,10,Metal,Hip,Fair,2016.0,1,No,DEMO-ONLY/901/roof_verification,Copper,Circuit breakers,,200,Copper,,13,Garage,Central gas,,No,No,No,,No,Yes,Yes,None,None,No,No,No,3.5,750,,No,No,No,No,No,No,,25,18,X,,No,No,No,,HO-3,879032,916000,91600,549600,183200,500000,5000,5000,2,No,No,No,No,In force,No,Example Mutual (synthetic),,0,No,,1,0,128888,0,"Synthetic loss-run example: 1 claim(s), 0 open; total paid $128,888. Not a real claims report.",Verified,Verified,Verified,Not checked,Verified,DEMO-ONLY/901/property_verification,DEMO-ONLY/901/claims_verification,,DEMO-ONLY/901/replacement_cost_verification,Synthetic evidence scenario,2026-09-15,,No,Yes,Yes,Yes,,DEMO-2026-00901,2,Demo portfolio,2026-09-07T12:00:00+00:00,0.14070742358078603,B
Morgan Hayes · Demo 902,,homeowner902@example.com,202-555-0100,HomeGuard Demo Agency,2026-09-15,Individual,,1001 Example Lane,Sample City,OH,01901,Sample County,Owner-occupied,Yes,Detached single family,1,2024,3250,3,Masonry veneer,Slab,No,,No,11,No,No,,,1,Metal,Mixed,Fair,2025.0,1,No,DEMO-ONLY/902/roof_verification,Copper,Circuit breakers,,200,PEX / PVC / CPVC,,14,Garage,Central electric,,No,No,No,,No,Yes,Yes,None,None,No,No,No,1.4,350,,No,No,No,No,No,No,,40,23,X,,No,No,No,,HO-5,414860,419000,41900,251400,83800,300000,5000,1000,2,No,No,No,No,In force,No,Example Mutual (synthetic),,0,No,,1,0,420716,0,"Synthetic loss-run example: 1 claim(s), 0 open; total paid $420,716. Not a real claims report.",Verified,Verified,Verified,Verified,Verified,DEMO-ONLY/902/property_verification,DEMO-ONLY/902/claims_verification,DEMO-ONLY/902/hazard_verification,DEMO-ONLY/902/replacement_cost_verification,Synthetic evidence scenario,2026-09-15,,No,Yes,Yes,Yes,,DEMO-2026-00902,2,Demo portfolio,2026-09-09T12:00:00+00:00,1.0040954653937948,F
Casey Hayes · Demo 903,,homeowner903@example.com,202-555-0100,HomeGuard Demo Agency,2026-09-15,Individual,,1002 Example Lane,Sample City,OK,01902,Sample County,Owner-occupied,Yes,Detached single family,1,1958,2800,1,Solid masonry,Slab,No,,No,12,No,No,,,16,Architectural shingle,Mixed,Fair,2010.0,1,No,DEMO-ONLY/903/roof_verification,Copper,Circuit breakers,,200,PEX / PVC / CPVC,,10,Garage,Central gas,,No,No,No,,No,Yes,Yes,None,None,No,No,No,2.5,950,,No,No,No,No,No,No,,44,56,X,,No,No,No,,HO-5,802006,747000,74700,448200,149400,300000,5000,1000,2,No,No,No,No,In force,No,Example Mutual (synthetic),,0,No,,0,0,0,0,,Verified,Verified,Verified,Verified,Verified,DEMO-ONLY/903/property_verification,DEMO-ONLY/903/claims_verification,DEMO-ONLY/903/hazard_verification,DEMO-ONLY/903/replacement_cost_verification,Synthetic evidence scenario,2026-09-15,,No,Yes,Yes,Yes,,DEMO-2026-00903,2,Demo portfolio,2026-09-01T12:00:00+00:00,0.0,B
Morgan Lane · Demo 904,,homeowner904@example.com,202-555-0100,HomeGuard Demo Agency,2026-09-15,Individual,,1003 Example Lane,Sample City,OR,01903,Sample County,Owner-occupied,Yes,Detached single family,1,1967,2500,2,Solid masonry,Basement,No,,No,0,No,No,,,15,Architectural shingle,Hip,Good,2011.0,1,No,DEMO-ONLY/904/roof_verification,Copper,Circuit breakers,,200,PEX / PVC / CPVC,,2,Garage,Central gas,,No,No,No,,No,Yes,Yes,None,None,No,No,No,1.6,650,,Yes,Yes,No,No,No,No,,9,43,X,,No,No,No,,HO-5,1403166,1238000,123800,742800,247600,500000,5000,1000,2,No,No,No,No,In force,No,Example Mutual (synthetic),,0,No,,0,0,0,0,,Verified,Verified,Verified,Verified,Verified,DEMO-ONLY/904/property_verification,DEMO-ONLY/904/claims_verification,DEMO-ONLY/904/hazard_verification,DEMO-ONLY/904/replacement_cost_verification,Synthetic evidence scenario,2026-09-15,,No,Yes,Yes,Yes,,DEMO-2026-00904,2,Demo portfolio,2026-07-27T12:00:00+00:00,0.0,A
Jordan Ellis · Demo 905,,homeowner905@example.com,202-555-0100,HomeGuard Demo Agency,2026-09-15,Individual,,1004 Example Lane,Sample City,PA,01904,Sample County,Owner-occupied,Yes,Detached single family,1,1986,3600,3,Frame,Basement,No,,No,14,No,No,,,3,Architectural shingle,Gable,Fair,2023.0,1,No,DEMO-ONLY/905/roof_verification,Copper,Circuit breakers,,200,PEX / PVC / CPVC,,13,Garage,Central electric,,No,No,No,,No,Yes,Yes,None,None,No,No,No,2.7,250,,No,No,No,No,No,No,,37,13,X,,No,No,No,,HO-5,374592,347000,34700,208200,69400,100000,5000,1000,2,No,No,No,No,In force,No,Example Mutual (synthetic),,0,No,,1,0,40837,0,"Synthetic loss-run example: 1 claim(s), 0 open; total paid $40,837. Not a real claims report.",Verified,Verified,Verified,Verified,Verified,DEMO-ONLY/905/property_verification,DEMO-ONLY/905/claims_verification,DEMO-ONLY/905/hazard_verification,DEMO-ONLY/905/replacement_cost_verification,Synthetic evidence scenario,2026-09-15,,No,Yes,Yes,Yes,,DEMO-2026-00905,2,Demo portfolio,2026-09-01T12:00:00+00:00,0.11768587896253602,A
Casey Reed · Demo 906,,homeowner906@example.com,202-555-0100,HomeGuard Demo Agency,2026-09-15,Individual,,1005 Example Lane,Sample City,RI,01905,Sample County,Owner-occupied,Yes,Detached single family,1,1952,4500,3,Frame,Basement,No,,No,8,No,No,,,5,Slate,Hip,Fair,2021.0,1,No,DEMO-ONLY/906/roof_verification,Copper,Circuit breakers,,200,PEX / PVC / CPVC,,12,Garage,Heat pump,,No,No,No,,No,Yes,Yes,None,None,No,No,No,3.4,550,,No,No,No,No,No,No,,15,1,X,,No,No,No,,HO-3,819910,843000,84300,505800,168600,300000,5000,1000,2,No,No,No,No,In force,No,Example Mutual (synthetic),,0,No,,0,0,0,0,,Verified,Verified,Verified,Verified,Verified,DEMO-ONLY/906/property_verification,DEMO-ONLY/906/claims_verification,DEMO-ONLY/906/hazard_verification,DEMO-ONLY/906/replacement_cost_verification,Synthetic evidence scenario,2026-09-15,,No,Yes,Yes,Yes,,DEMO-2026-00906,2,Demo portfolio,2026-08-01T12:00:00+00:00,0.0,A
Sam Hayes · Demo 907,,homeowner907@example.com,202-555-0100,HomeGuard Demo Agency,2026-09-15,Individual,,1006 Example Lane,Sample City,SC,01906,Sample County,Owner-occupied,Yes,Detached single family,1,2021,3550,2,Solid masonry,Slab,No,,No,1,No,No,,,4,Tile,Hip,Fair,2022.0,1,No,DEMO-ONLY/907/roof_verification,Copper,Circuit breakers,,200,PEX / PVC / CPVC,,12,Garage,Central gas,,No,No,No,,No,Yes,Yes,None,None,No,No,No,4.9,350,,No,No,No,No,No,No,,43,45,X,,No,No,No,,HO-3,1256012,1373000,137300,823800,274600,100000,5000,2500,2,No,No,No,No,In force,No,Example Mutual (synthetic),,0,No,,1,0,1276449,0,"Synthetic loss-run example: 1 claim(s), 0 open; total paid $1,276,449. Not a real claims report.",Verified,Verified,Verified,Verified,Verified,DEMO-ONLY/907/property_verification,DEMO-ONLY/907/claims_verification,DEMO-ONLY/907/hazard_verification,DEMO-ONLY/907/replacement_cost_verification,Synthetic evidence scenario,2026-09-15,,No,Yes,Yes,Yes,,DEMO-2026-00907,2,Demo portfolio,2026-08-30T12:00:00+00:00,0.9296788055353241,F
Morgan Reed · Demo 908,,homeowner908@example.com,202-555-0100,HomeGuard Demo Agency,2026-09-15,Individual,,1007 Example Lane,Sample City,SD,01907,Sample County,Owner-occupied,Yes,Detached single family,1,1985,1650,3,Solid masonry,Slab,No,,No,14,No,No,,,17,Slate,Mixed,Fair,2009.0,1,No,DEMO-ONLY/908/roof_verification,Copper,Circuit breakers,,200,PEX / PVC / CPVC,,8,Garage,Central gas,,No,No,No,,No,Yes,Yes,None,None,No,No,No,1.0,250,,Yes,No,No,No,No,No,,39,34,X,,No,No,No,,HO-3,1133858,1144000,114400,686400,228800,500000,5000,1000,2,No,No,No,No,In force,No,Example Mutual (synthetic),,0,No,,0,0,0,0,,Verified,Verified,Verified,Verified,Verified,DEMO-ONLY/908/property_verification,DEMO-ONLY/908/claims_verification,DEMO-ONLY/908/hazard_verification,DEMO-ONLY/908/replacement_cost_verification,Synthetic evidence scenario,2026-09-15,,No,Yes,Yes,Yes,,DEMO-2026-00908,2,Demo portfolio,2026-09-09T12:00:00+00:00,0.0,B
Taylor Ellis · Demo 909,,homeowner909@example.com,202-555-0100,HomeGuard Demo Agency,2026-09-15,Individual,,1008 Example Lane,Sample City,TN,01908,Sample County,Owner-occupied,Yes,Detached single family,1,1965,2300,2,Solid masonry,Slab,No,,No,18,No,No,,,5,Slate,Gable,Fair,2021.0,1,No,DEMO-ONLY/909/roof_verification,Copper,Circuit breakers,,200,Copper,,14,Garage,Heat pump,,No,No,No,,No,Yes,Yes,None,None,No,No,No,3.8,450,,No,No,No,No,No,No,,14,26,X,,No,No,No,,HO-3,674186,600000,60000,360000,120000,300000,5000,5000,2,No,No,No,No,In force,No,Example Mutual (synthetic),,0,No,,1,0,92080,0,"Synthetic loss-run example: 1 claim(s), 0 open; total paid $92,080. Not a real claims report.",Verified,Verified,Verified,Verified,Verified,DEMO-ONLY/909/property_verification,DEMO-ONLY/909/claims_verification,DEMO-ONLY/909/hazard_verification,DEMO-ONLY/909/replacement_cost_verification,Synthetic evidence scenario,2026-09-15,,No,Yes,Yes,Yes,,DEMO-2026-00909,2,Demo portfolio,2026-08-30T12:00:00+00:00,0.15346666666666667,A
Sam Parker · Demo 910,,homeowner910@example.com,202-555-0100,HomeGuard Demo Agency,2026-09-15,Individual,,1009 Example Lane,Sample City,TX,01909,Sample County,Owner-occupied,Yes,Detached single family,1,1985,1600,1,Masonry veneer,Basement,No,,No,7,No,No,,,9,Architectural shingle,Hip,Good,2017.0,1,No,DEMO-ONLY/910/roof_verification,Copper,Circuit breakers,,200,Polybutylene,,14,Garage,Heat pump,,No,No,No,,No,Yes,Yes,None,None,No,No,No,1.0,450,,No,No,No,No,No,No,,46,39,X,,No,No,No,,HO-5,683692,657000,65700,394200,131400,300000,5000,2500,2,No,No,No,No,In force,No,Example Mutual (synthetic),,0,No,,0,0,0,0,,Verified,Verified,Verified,Verified,Verified,DEMO-ONLY/910/property_verification,DEMO-ONLY/910/claims_verification,DEMO-ONLY/910/hazard_verification,DEMO-ONLY/910/replacement_cost_verification,Synthetic evidence scenario,2026-09-15,,No,Yes,Yes,Yes,,DEMO-2026-00910,2,Demo portfolio,2026-07-20T12:00:00+00:00,0.0,B
Jordan Lane · Demo 911,,homeowner911@example.com,202-555-0100,HomeGuard Demo Agency,2026-09-15,Individual,,1010 Example Lane,Sample City,UT,01910,Sample County,Owner-occupied,Yes,Detached single family,1,1953,3700,1,Frame,Basement,No,,No,7,Yes,No,,,17,Metal,Hip,Good,2009.0,1,No,DEMO-ONLY/911/roof_verification,Copper,Circuit breakers,,200,PEX / PVC / CPVC,,3,Garage,Central electric,,No,No,No,,No,Yes,Yes,None,None,No,No,No,3.6,950,,No,No,No,No,No,No,,27,45,X,,No,No,No,,HO-3,240812,271000,27100,162600,54200,100000,5000,5000,2,No,No,No,No,In force,No,Example Mutual (synthetic),,0,No,,0,0,0,0,,Verified,Verified,Verified,Not checked,Verified,DEMO-ONLY/911/property_verification,DEMO-ONLY/911/claims_verification,,DEMO-ONLY/911/replacement_cost_verification,Synthetic evidence scenario,2026-09-15,,No,Yes,Yes,Yes,,DEMO-2026-00911,2,Demo portfolio,2026-08-06T12:00:00+00:00,0.0,B
Taylor Lane · Demo 912,,homeowner912@example.com,202-555-0100,HomeGuard Demo Agency,2026-09-15,Individual,,1011 Example Lane,Sample City,VT,01911,Sample County,Owner-occupied,Yes,Detached single family,1,2007,3400,1,Frame,Basement,No,,No,13,No,No,,,16,Metal,Mixed,Good,2010.0,1,No,DEMO-ONLY/912/roof_verification,Copper,Circuit breakers,,200,Copper,,8,Garage,Central electric,,No,No,No,,No,Yes,Yes,None,None,No,No,No,0.5,400,,No,No,No,No,No,No,,33,41,X,,No,No,No,,HO-3,303845,300000,30000,180000,60000,500000,5000,1000,2,No,No,No,No,In force,No,Example Mutual (synthetic),,0,No,,1,1,10000,0,"Synthetic loss-run example: 1 claim(s), 0 open; total paid $10,000. Not a real claims report.",Verified,Verified,Verified,Verified,Verified,DEMO-ONLY/912/property_verification,DEMO-ONLY/912/claims_verification,DEMO-ONLY/912/hazard_verification,DEMO-ONLY/912/replacement_cost_verification,Synthetic evidence scenario,2026-09-15,,No,Yes,Yes,Yes,,DEMO-2026-00912,2,Demo portfolio,2026-08-08T12:00:00+00:00,0.03333333333333333,B
Sam Lane · Demo 913,,homeowner913@example.com,202-555-0100,HomeGuard Demo Agency,2026-09-15,Individual,,1012 Example Lane,Sample City,VA,01912,Sample County,Owner-occupied,Yes,Detached single family,1,1992,1950,1,Solid masonry,Crawl space,No,,No,9,No,No,,,7,Metal,Hip,Good,2019.0,1,No,DEMO-ONLY/913/roof_verification,Copper,Circuit breakers,,200,PEX / PVC / CPVC,,9,Garage,Central gas,,No,No,No,,No,Yes,Yes,None,None,No,No,No,2.0,550,,No,No,No,No,No,No,,1,14,X,,No,No,No,,HO-3,859140,924000,92400,554400,184800,300000,5000,5000,2,No,No,No,No,In force,No,Example Mutual (synthetic),,0,No,,1,0,183337,0,"Synthetic loss-run example: 1 claim(s), 0 open; total paid $183,337. Not a real claims report.",Verified,Verified,Verified,Verified,Verified,DEMO-ONLY/913/property_verification,DEMO-ONLY/913/claims_verification,DEMO-ONLY/913/hazard_verification,DEMO-ONLY/913/replacement_cost_verification,Synthetic evidence scenario,2026-09-15,,No,Yes,Yes,Yes,,DEMO-2026-00913,2,Demo portfolio,2026-08-13T12:00:00+00:00,0.19841666666666666,A
Alex Ellis · Demo 914,,homeowner914@example.com,202-555-0100,HomeGuard Demo Agency,2026-09-15,Individual,,1013 Example Lane,Sample City,WA,01913,Sample County,Owner-occupied,Yes,Detached single family,1,1956,5400,3,Solid masonry,Slab,No,,No,4,No,No,,,2,Tile,Mixed,Good,2024.0,1,No,DEMO-ONLY/914/roof_verification,Copper,Circuit breakers,,200,PEX / PVC / CPVC,,11,Garage,Heat pump,,No,No,No,,No,Yes,Yes,None,None,No,No,No,3.2,550,,No,No,No,No,No,No,,20,8,X,,No,No,No,,HO-3,887222,918000,91800,550800,183600,500000,5000,5000,2,No,No,No,No,In force,No,Example Mutual (synthetic),,0,No,,0,0,0,0,,Verified,Verified,Verified,Verified,Verified,DEMO-ONLY/914/property_verification,DEMO-ONLY/914/claims_verification,DEMO-ONLY/914/hazard_verification,DEMO-ONLY/914/replacement_cost_verification,Synthetic evidence scenario,2026-09-15,,No,Yes,Yes,Yes,,DEMO-2026-00914,2,Demo portfolio,2026-08-21T12:00:00+00:00,0.0,A
Jordan Parker · Demo 915,,homeowner915@example.com,202-555-0100,HomeGuard Demo Agency,2026-09-15,Individual,,1014 Example Lane,Sample City,WV,01914,Sample County,Owner-occupied,Yes,Detached single family,1,1967,3650,3,Masonry veneer,Basement,No,,No,17,No,No,,,16,Tile,Hip,Good,2010.0,1,No,DEMO-ONLY/915/roof_verification,Copper,Circuit breakers,,200,Copper,,13,Garage,Heat pump,,No,No,No,,No,Yes,Yes,None,None,No,No,No,0.2,200,,No,No,No,No,No,No,,47,46,X,,No,No,No,,HO-5,555722,556000,55600,333600,111200,100000,5000,2500,2,No,No,No,No,In force,No,Example Mutual (synthetic),,0,No,,0,0,0,0,,Verified,Verified,Verified,Verified,Verified,DEMO-ONLY/915/property_verification,DEMO-ONLY/915/claims_verification,DEMO-ONLY/915/hazard_verification,DEMO-ONLY/915/replacement_cost_verification,Synthetic evidence scenario,2026-09-15,,No,Yes,Yes,Yes,,DEMO-2026-00915,2,Demo portfolio,2026-08-27T12:00:00+00:00,0.0,A
Jordan Ellis · Demo 916,,homeowner916@example.com,202-555-0100,HomeGuard Demo Agency,2026-09-15,Individual,,1015 Example Lane,Sample City,WI,01915,Sample County,Owner-occupied,Yes,Detached single family,1,1974,1200,1,Masonry veneer,Slab,No,,No,20,No,No,,,13,Slate,Gable,Fair,2013.0,1,No,DEMO-ONLY/916/roof_verification,Copper,Circuit breakers,,200,Copper,,6,Garage,Central electric,,No,No,Yes,,No,Yes,Yes,None,None,No,No,No,2.6,800,,No,No,No,No,No,No,,7,19,X,,No,No,No,,HO-5,1263727,1431000,143100,858600,286200,500000,5000,2500,2,No,No,No,No,In force,No,Example Mutual (synthetic),,0,No,,0,0,0,0,,Verified,Verified,Verified,Verified,Verified,DEMO-ONLY/916/property_verification,DEMO-ONLY/916/claims_verification,DEMO-ONLY/916/hazard_verification,DEMO-ONLY/916/replacement_cost_verification,Synthetic evidence scenario,2026-09-15,,No,Yes,Yes,Yes,,DEMO-2026-00916,2,Demo portfolio,2026-09-09T12:00:00+00:00,0.0,B
Alex Parker · Demo 917,,homeowner917@example.com,202-555-0100,HomeGuard Demo Agency,2026-09-15,Individual,,1016 Example Lane,Sample City,WY,01916,Sample County,Owner-occupied,Yes,Detached single family,1,1958,2250,1,Solid masonry,Basement,No,,No,9,No,No,,,9,Slate,Mixed,Fair,2017.0,1,No,DEMO-ONLY/917/roof_verification,Copper,Circuit breakers,,200,Copper,,4,Garage,Central gas,,No,No,No,,No,Yes,Yes,None,None,No,No,No,1.9,800,,No,No,No,No,No,No,,42,34,X,,No,No,No,,HO-5,1217242,1154000,115400,692400,230800,100000,5000,1000,2,No,No,No,No,In force,No,Example Mutual (synthetic),,0,No,,1,0,55516,0,"Synthetic loss-run example: 1 claim(s), 0 open; total paid $55,516. Not a real claims report.",Verified,Verified,Verified,Verified,Verified,DEMO-ONLY/917/property_verification,DEMO-ONLY/917/claims_verification,DEMO-ONLY/917/hazard_verification,DEMO-ONLY/917/replacement_cost_verification,Synthetic evidence scenario,2026-09-15,,No,Yes,Yes,Yes,,DEMO-2026-00917,2,Demo portfolio,2026-08-24T12:00:00+00:00,0.048107452339688044,A
Casey Ellis · Demo 918,,homeowner918@example.com,202-555-0100,HomeGuard Demo Agency,2026-09-15,Individual,,1017 Example Lane,Sample City,DC,01917,Sample County,Owner-occupied,Yes,Detached single family,1,1976,3800,2,Frame,Crawl space,No,,No,17,No,No,,,5,Tile,Gable,Good,2021.0,1,No,DEMO-ONLY/918/roof_verification,Copper,Circuit breakers,,200,PEX / PVC / CPVC,,12,Garage,Central electric,,No,No,No,,No,Yes,Yes,None,None,No,No,No,1.2,950,,Yes,Yes,No,No,No,No,,27,40,X,,No,No,No,,HO-3,1434274,1380000,138000,828000,276000,500000,5000,1000,2,No,No,No,No,In force,No,Example Mutual (synthetic),,0,No,,0,0,0,0,,Verified,Verified,Verified,Verified,Verified,DEMO-ONLY/918/property_verification,DEMO-ONLY/918/claims_verification,DEMO-ONLY/918/hazard_verification,DEMO-ONLY/918/replacement_cost_verification,Synthetic evidence scenario,2026-09-15,,No,Yes,Yes,Yes,,DEMO-2026-00918,2,Demo portfolio,2026-07-24T12:00:00+00:00,0.0,A
Sam Hayes · Demo 919,,homeowner919@example.com,202-555-0100,HomeGuard Demo Agency,2026-09-15,Individual,,1018 Example Lane,Sample City,AL,01918,Sample County,Owner-occupied,Yes,Detached single family,1,2002,2550,3,Frame,Slab,No,,No,10,No,No,,,13,Metal,Mixed,Fair,2013.0,1,No,DEMO-ONLY/919/roof_verification,Copper,Circuit breakers,,200,Copper,,3,Garage,Central electric,,No,No,No,,No,Yes,Yes,None,None,No,No,No,4.9,450,,No,No,No,No,No,No,,11,24,X,,No,No,No,,HO-3,891047,1027000,102700,616200,205400,100000,5000,1000,2,No,No,No,No,In force,No,Example Mutual (synthetic),,0,No,,0,0,0,0,,Verified,Verified,Verified,Verified,Verified,DEMO-ONLY/919/property_verification,DEMO-ONLY/919/claims_verification,DEMO-ONLY/919/hazard_verification,DEMO-ONLY/919/replacement_cost_verification,Synthetic evidence scenario,2026-09-15,,No,Yes,Yes,Yes,,DEMO-2026-00919,2,Demo portfolio,2026-07-30T12:00:00+00:00,0.0,A
Sam Lane · Demo 920,,homeowner920@example.com,202-555-0100,HomeGuard Demo Agency,2026-09-15,Individual,,1019 Example Lane,Sample City,AK,01919,Sample County,Owner-occupied,Yes,Detached single family,1,1970,4000,2,Solid masonry,Basement,No,,No,2,No,No,,,8,Metal,Gable,Good,2018.0,1,No,DEMO-ONLY/920/roof_verification,Copper,Circuit breakers,,200,PEX / PVC / CPVC,,5,Garage,Heat pump,,No,No,No,,No,Yes,Yes,None,None,No,No,No,3.5,500,,No,No,No,No,No,No,,91,44,X,,No,No,No,,HO-5,1091115,988000,98800,592800,197600,500000,5000,2500,2,No,No,No,No,In force,No,Example Mutual (synthetic),,0,No,,0,0,0,0,,Verified,Verified,Verified,Verified,Verified,DEMO-ONLY/920/property_verification,DEMO-ONLY/920/claims_verification,DEMO-ONLY/920/hazard_verification,DEMO-ONLY/920/replacement_cost_verification,Synthetic evidence scenario,2026-09-15,,No,Yes,Yes,Yes,,DEMO-2026-00920,2,Demo portfolio,2026-08-22T12:00:00+00:00,0.0,F
Alex Reed · Demo 921,,homeowner921@example.com,202-555-0100,HomeGuard Demo Agency,2026-09-15,Individual,,1020 Example Lane,Sample City,AZ,01920,Sample County,Owner-occupied,Yes,Detached single family,1,1972,3750,3,Solid masonry,Slab,No,,No,3,No,No,,,12,Tile,Mixed,Good,2014.0,1,No,DEMO-ONLY/921/roof_verification,Copper,Circuit breakers,,200,Copper,,14,Garage,Central gas,,No,No,No,,No,Yes,Yes,None,None,No,No,No,0.4,800,,No,No,No,No,No,No,,2,47,X,,No,No,No,,HO-3,828297,764000,76400,458400,152800,300000,5000,2500,2,No,No,No,No,In force,No,Example Mutual (synthetic),,0,No,,1,0,77482,0,"Synthetic loss-run example: 1 claim(s), 0 open; total paid $77,482. Not a real claims report.",Verified,Verified,Verified,Not checked,Verified,DEMO-ONLY/921/property_verification,DEMO-ONLY/921/claims_verification,,DEMO-ONLY/921/replacement_cost_verification,Synthetic evidence scenario,2026-09-15,,No,Yes,Yes,Yes,,DEMO-2026-00921,2,Demo portfolio,2026-09-02T12:00:00+00:00,0.10141623036649215,B
Morgan Ellis · Demo 922,,homeowner922@example.com,202-555-0100,HomeGuard Demo Agency,2026-09-15,Individual,,1021 Example Lane,Sample City,AR,01921,Sample County,Owner-occupied,Yes,Detached single family,1,1952,2000,2,Solid masonry,Basement,No,,No,12,No,No,,,8,Slate,Gable,Fair,2018.0,1,No,DEMO-ONLY/922/roof_verification,Copper,Circuit breakers,,200,Copper,,7,Garage,Heat pump,,No,No,No,,No,Yes,Yes,None,None,No,No,No,0.4,300,,No,No,No,No,No,No,,1,34,X,,No,No,No,,HO-5,184627,204000,20400,122400,40800,500000,5000,5000,2,No,No,No,No,In force,No,Example Mutual (synthetic),,0,No,,0,0,0,0,,Verified,Verified,Verified,Verified,Verified,DEMO-ONLY/922/property_verification,DEMO-ONLY/922/claims_verification,DEMO-ONLY/922/hazard_verification,DEMO-ONLY/922/replacement_cost_verification,Synthetic evidence scenario,2026-09-15,,No,Yes,Yes,Yes,,DEMO-2026-00922,2,Demo portfolio,2026-08-01T12:00:00+00:00,0.0,A
Sam Reed · Demo 923,,homeowner923@example.com,202-555-0100,HomeGuard Demo Agency,2026-09-15,Individual,,1022 Example Lane,Sample City,CA,01922,Sample County,Owner-occupied,Yes,Detached single family,1,1965,1000,2,Solid masonry,Basement,No,,No,2,No,No,,,8,Tile,Gable,Good,2018.0,1,No,DEMO-ONLY/923/roof_verification,Copper,Circuit breakers,,200,PEX / PVC / CPVC,,2,Garage,Heat pump,,No,No,No,,No,Yes,Yes,None,None,No,No,No,2.5,350,,No,No,No,No,No,No,,7,46,X,,No,No,No,,HO-3,564445,587000,58700,352200,117400,500000,5000,5000,2,No,No,No,No,In force,No,Example Mutual (synthetic),,0,No,,0,0,0,0,,Verified,Verified,Verified,Verified,Verified,DEMO-ONLY/923/property_verification,DEMO-ONLY/923/claims_verification,DEMO-ONLY/923/hazard_verification,DEMO-ONLY/923/replacement_cost_verification,Synthetic evidence scenario,2026-09-15,,No,Yes,Yes,Yes,,DEMO-2026-00923,2,Demo portfolio,2026-08-16T12:00:00+00:00,0.0,A
Jordan Parker · Demo 924,,homeowner924@example.com,202-555-0100,HomeGuard Demo Agency,2026-09-15,Individual,,1023 Example Lane,Sample City,CO,01923,Sample County,Owner-occupied,Yes,Detached single family,1,2015,3700,1,Frame,Basement,No,,No,20,No,No,,,5,Metal,Hip,Good,2021.0,1,No,DEMO-ONLY/924/roof_verification,Copper,Circuit breakers,,200,PEX / PVC / CPVC,,2,Garage,Heat pump,,No,No,No,,No,Yes,Yes,None,None,No,No,No,4.2,650,,No,No,No,No,No,No,,43,49,X,,No,No,No,,HO-3,1016647,1095000,109500,657000,219000,100000,5000,5000,2,No,No,No,No,In force,No,Example Mutual (synthetic),,0,No,,0,0,0,0,,Verified,Verified,Verified,Verified,Verified,DEMO-ONLY/924/property_verification,DEMO-ONLY/924/claims_verification,DEMO-ONLY/924/hazard_verification,DEMO-ONLY/924/replacement_cost_verification,Synthetic evidence scenario,2026-09-15,,No,Yes,Yes,Yes,,DEMO-2026-00924,2,Demo portfolio,2026-07-24T12:00:00+00:00,0.0,A
Taylor Parker · Demo 925,,homeowner925@example.com,202-555-0100,HomeGuard Demo Agency,2026-09-15,Individual,,1024 Example Lane,Sample City,CT,01924,Sample County,Owner-occupied,Yes,Detached single family,1,1977,4700,2,Solid masonry,Slab,No,,No,10,No,No,,,14,Slate,Gable,Good,2012.0,1,No,DEMO-ONLY/925/roof_verification,Copper,Circuit breakers,,200,PEX / PVC / CPVC,,11,Garage,Heat pump,,No,No,No,,No,Yes,Yes,None,None,No,No,No,2.4,950,,Yes,Yes,No,No,No,No,,7,28,X,,No,No,No,,HO-5,701696,832000,83200,499200,166400,100000,5000,1000,2,No,No,No,No,In force,No,Example Mutual (synthetic),,0,No,,1,0,152188,0,"Synthetic loss-run example: 1 claim(s), 0 open; total paid $152,188. Not a real claims report.",Verified,Verified,Verified,Verified,Verified,DEMO-ONLY/925/property_verification,DEMO-ONLY/925/claims_verification,DEMO-ONLY/925/hazard_verification,DEMO-ONLY/925/replacement_cost_verification,Synthetic evidence scenario,2026-09-15,,No,Yes,Yes,Yes,,DEMO-2026-00925,2,Demo portfolio,2026-07-18T12:00:00+00:00,0.18291826923076923,A
Alex Brooks · Demo 926,,homeowner926@example.com,202-555-0100,HomeGuard Demo Agency,2026-09-15,Individual,,1025 Example Lane,Sample City,DE,01925,Sample County,Owner-occupied,Yes,Detached single family,1,2011,3100,1,Frame,Basement,No,,No,14,No,No,,,8,Tile,Gable,Fair,2018.0,1,No,DEMO-ONLY/926/roof_verification,Copper,Circuit breakers,,200,PEX / PVC / CPVC,,5,Garage,Central gas,,No,No,No,,No,Yes,Yes,None,None,No,No,No,0.6,300,,No,No,No,No,No,No,,22,29,X,,No,No,No,,HO-5,268782,260000,26000,156000,52000,100000,5000,1000,2,No,No,No,No,In force,No,Example Mutual (synthetic),,0,No,,0,0,0,0,,Verified,Verified,Verified,Verified,Verified,DEMO-ONLY/926/property_verification,DEMO-ONLY/926/claims_verification,DEMO-ONLY/926/hazard_verification,DEMO-ONLY/926/replacement_cost_verification,Synthetic evidence scenario,2026-09-15,,No,Yes,Yes,Yes,,DEMO-2026-00926,2,Demo portfolio,2026-07-31T12:00:00+00:00,0.0,A
Casey Lane · Demo 927,,homeowner927@example.com,202-555-0100,HomeGuard Demo Agency,2026-09-15,Individual,,1026 Example Lane,Sample City,FL,01926,Sample County,Owner-occupied,Yes,Detached single family,1,1971,1250,1,Frame,Slab,No,,No,65,No,No,,,6,Tile,Gable,Fair,2020.0,1,No,DEMO-ONLY/927/roof_verification,Copper,Circuit breakers,,200,Copper,,13,Garage,Central gas,,No,No,No,,No,Yes,Yes,None,None,No,No,No,1.7,250,,No,No,No,No,No,No,,19,45,X,,No,No,No,,HO-3,426543,423000,42300,253800,84600,500000,5000,1000,2,No,No,No,No,In force,No,Example Mutual (synthetic),,0,No,,0,0,0,0,,Verified,Verified,Verified,Verified,Verified,DEMO-ONLY/927/property_verification,DEMO-ONLY/927/claims_verification,DEMO-ONLY/927/hazard_verification,DEMO-ONLY/927/replacement_cost_verification,Synthetic evidence scenario,2026-09-15,,No,Yes,Yes,Yes,,DEMO-2026-00927,2,Demo portfolio,2026-07-31T12:00:00+00:00,0.0,B
Jordan Lane · Demo 928,,homeowner928@example.com,202-555-0100,HomeGuard Demo Agency,2026-09-15,Individual,,1027 Example Lane,Sample City,GA,01927,Sample County,Owner-occupied,Yes,Detached single family,1,2008,4400,3,Frame,Crawl space,No,,No,9,No,No,,,10,Slate,Gable,Good,2016.0,1,No,DEMO-ONLY/928/roof_verification,Copper,Circuit breakers,,200,PEX / PVC / CPVC,,4,Garage,Central gas,,No,No,No,,No,Yes,Yes,None,None,No,No,No,1.3,900,,No,No,No,No,No,No,,18,37,X,,No,No,No,,HO-5,1328706,1261000,126100,756600,252200,500000,5000,2500,2,No,No,No,No,In force,No,Example Mutual (synthetic),,99,No,,0,0,0,0,,Verified,Verified,Verified,Verified,Verified,DEMO-ONLY/928/property_verification,DEMO-ONLY/928/claims_verification,DEMO-ONLY/928/hazard_verification,DEMO-ONLY/928/replacement_cost_verification,Synthetic evidence scenario,2026-09-15,,No,Yes,Yes,Yes,,DEMO-2026-00928,2,Demo portfolio,2026-08-26T12:00:00+00:00,0.0,B
Casey Ellis · Demo 929,,homeowner929@example.com,202-555-0100,HomeGuard Demo Agency,2026-09-15,Individual,,1028 Example Lane,Sample City,HI,01928,Sample County,Owner-occupied,Yes,Detached single family,1,2003,2500,1,Masonry veneer,Basement,No,,No,6,No,No,,,5,Tile,Mixed,Good,2021.0,1,No,DEMO-ONLY/929/roof_verification,Copper,Circuit breakers,,200,PEX / PVC / CPVC,,8,Garage,Heat pump,,No,No,No,,No,Yes,Yes,None,None,No,No,No,1.2,350,,No,No,No,No,No,No,,43,4,X,,No,No,No,,HO-3,542050,568000,56800,340800,113600,500000,5000,2500,2,No,No,No,No,In force,No,Example Mutual (synthetic),,0,No,,1,0,35957,0,"Synthetic loss-run example: 1 claim(s), 0 open; total paid $35,957. Not a real claims report.",Verified,Verified,Verified,Verified,Verified,DEMO-ONLY/929/property_verification,DEMO-ONLY/929/claims_verification,DEMO-ONLY/929/hazard_verification,DEMO-ONLY/929/replacement_cost_verification,Synthetic evidence scenario,2026-09-15,,No,Yes,Yes,Yes,,DEMO-2026-00929,2,Demo portfolio,2026-07-30T12:00:00+00:00,0.06330457746478874,A
Taylor Lane · Demo 930,,homeowner930@example.com,202-555-0100,HomeGuard Demo Agency,2026-09-15,Individual,,1029 Example Lane,Sample City,ID,01929,Sample County,Owner-occupied,Yes,Detached single family,1,1976,4550,3,Solid masonry,Crawl space,No,,No,18,No,No,,,3,Tile,Mixed,Fair,2023.0,1,No,DEMO-ONLY/930/roof_verification,Copper,Circuit breakers,,200,Copper,,10,Garage,Heat pump,,No,No,No,,No,Yes,Yes,None,None,No,No,No,2.5,300,,No,No,No,No,No,No,,14,30,X,,No,No,No,,HO-5,286744,300000,30000,180000,60000,100000,5000,1000,2,No,No,No,No,In force,No,Example Mutual (synthetic),,0,No,,0,0,0,0,,Verified,Verified,Verified,Verified,Verified,DEMO-ONLY/930/property_verification,DEMO-ONLY/930/claims_verification,DEMO-ONLY/930/hazard_verification,DEMO-ONLY/930/replacement_cost_verification,Synthetic evidence scenario,2026-09-15,,No,Yes,Yes,Yes,,DEMO-2026-00930,2,Demo portfolio,2026-09-07T12:00:00+00:00,0.0,A
Casey Hayes · Demo 931,,homeowner931@example.com,202-555-0100,HomeGuard Demo Agency,2026-09-15,Individual,,1030 Example Lane,Sample City,IL,01930,Sample County,Owner-occupied,Yes,Detached single family,1,2011,2250,3,Frame,Slab,No,,No,14,No,No,,,1,Architectural shingle,Gable,Good,2025.0,1,No,DEMO-ONLY/931/roof_verification,Copper,Circuit breakers,,200,PEX / PVC / CPVC,,7,Garage,Central gas,,No,No,No,,No,Yes,Yes,None,None,No,No,No,1.0,150,,No,No,No,No,No,No,,26,44,X,,No,No,No,,HO-5,1007502,899000,89900,539400,179800,500000,5000,1000,2,No,No,No,No,In force,No,Example Mutual (synthetic),,0,No,,0,0,0,0,,Verified,Verified,Verified,Not checked,Verified,DEMO-ONLY/931/property_verification,DEMO-ONLY/931/claims_verification,,DEMO-ONLY/931/replacement_cost_verification,Synthetic evidence scenario,2026-09-15,,No,Yes,Yes,Yes,,DEMO-2026-00931,2,Demo portfolio,2026-09-01T12:00:00+00:00,0.0,B
Alex Reed · Demo 932,,homeowner932@example.com,202-555-0100,HomeGuard Demo Agency,2026-09-15,Individual,,1031 Example Lane,Sample City,IN,01931,Sample County,Owner-occupied,Yes,Detached single family,1,1968,1650,3,Solid masonry,Crawl space,No,,No,0,No,No,,,17,Architectural shingle,Mixed,Fair,2009.0,1,No,DEMO-ONLY/932/roof_verification,Copper,Circuit breakers,,200,PEX / PVC / CPVC,,5,Garage,Central gas,,No,No,No,,No,Yes,Yes,None,None,No,No,No,2.4,400,,No,No,No,No,No,No,,10,45,X,,No,No,No,,HO-3,905239,1052000,105200,631200,210400,300000,5000,5000,2,No,No,No,No,In force,No,Example Mutual (synthetic),,0,No,,2,0,50036,0,"Synthetic loss-run example: 2 claim(s), 0 open; total paid $50,036. Not a real claims report.",Verified,Verified,Verified,Verified,Verified,DEMO-ONLY/932/property_verification,DEMO-ONLY/932/claims_verification,DEMO-ONLY/932/hazard_verification,DEMO-ONLY/932/replacement_cost_verification,Synthetic evidence scenario,2026-09-15,,No,Yes,Yes,Yes,,DEMO-2026-00932,2,Demo portfolio,2026-07-31T12:00:00+00:00,0.04756273764258555,B
Jordan Lane · Demo 933,,homeowner933@example.com,202-555-0100,HomeGuard Demo Agency,2026-09-15,Individual,,1032 Example Lane,Sample City,IA,01932,Sample County,Owner-occupied,Yes,Detached single family,1,1994,2600,3,Frame,Slab,No,,No,8,No,No,,,4,Slate,Gable,Good,2022.0,1,No,DEMO-ONLY/933/roof_verification,Copper,Circuit breakers,,200,PEX / PVC / CPVC,,4,Garage,Central electric,,No,No,No,,No,Yes,Yes,None,None,No,No,No,0.4,450,,No,No,No,No,No,No,,4,0,X,,No,No,No,,HO-3,565834,549000,54900,329400,109800,500000,5000,1000,2,No,No,No,No,In force,No,Example Mutual (synthetic),,0,No,,1,0,375839,0,"Synthetic loss-run example: 1 claim(s), 0 open; total paid $375,839. Not a real claims report.",Verified,Verified,Verified,Verified,Verified,DEMO-ONLY/933/property_verification,DEMO-ONLY/933/claims_verification,DEMO-ONLY/933/hazard_verification,DEMO-ONLY/933/replacement_cost_verification,Synthetic evidence scenario,2026-09-15,,No,Yes,Yes,Yes,,DEMO-2026-00933,2,Demo portfolio,2026-08-09T12:00:00+00:00,0.6845883424408015,B
Sam Ellis · Demo 934,,homeowner934@example.com,202-555-0100,HomeGuard Demo Agency,2026-09-15,Individual,,1033 Example Lane,Sample City,KS,01933,Sample County,Owner-occupied,Yes,Detached single family,1,2002,3800,3,Solid masonry,Basement,No,,No,6,No,No,,,13,Tile,Gable,Fair,2013.0,1,No,DEMO-ONLY/934/roof_verification,Copper,Circuit breakers,,200,Copper,,4,Garage,Central electric,,No,No,No,,No,Yes,Yes,None,None,No,No,No,3.7,150,,No,No,No,No,No,No,,40,64,X,,No,No,No,,HO-3,1089283,1197000,119700,718200,239400,500000,5000,1000,2,No,No,No,No,In force,No,Example Mutual (synthetic),,0,No,,0,0,0,0,,Verified,Verified,Verified,Verified,Verified,DEMO-ONLY/934/property_verification,DEMO-ONLY/934/claims_verification,DEMO-ONLY/934/hazard_verification,DEMO-ONLY/934/replacement_cost_verification,Synthetic evidence scenario,2026-09-15,,No,Yes,Yes,Yes,,DEMO-2026-00934,2,Demo portfolio,2026-07-20T12:00:00+00:00,0.0,B
Sam Reed · Demo 935,,homeowner935@example.com,202-555-0100,HomeGuard Demo Agency,2026-09-15,Individual,,1034 Example Lane,Sample City,KY,01934,Sample County,Owner-occupied,Yes,Detached single family,1,1952,4500,3,Solid masonry,Slab,No,,No,2,No,No,,,18,Metal,Mixed,Good,2008.0,1,No,DEMO-ONLY/935/roof_verification,Copper,Circuit breakers,,200,Copper,,7,Garage,Heat pump,,No,No,No,,No,Yes,Yes,None,None,No,No,No,1.7,550,,No,No,No,No,No,No,,84,49,X,,No,No,No,,HO-5,431815,524000,52400,314400,104800,500000,5000,5000,2,No,No,No,No,In force,No,Example Mutual (synthetic),,0,No,,0,0,0,0,,Verified,Verified,Verified,Verified,Verified,DEMO-ONLY/935/property_verification,DEMO-ONLY/935/claims_verification,DEMO-ONLY/935/hazard_verification,DEMO-ONLY/935/replacement_cost_verification,Synthetic evidence scenario,2026-09-15,,No,Yes,Yes,Yes,,DEMO-2026-00935,2,Demo portfolio,2026-09-15T12:00:00+00:00,0.0,B
Sam Lane · Demo 936,,homeowner936@example.com,202-555-0100,HomeGuard Demo Agency,2026-09-15,Individual,,1035 Example Lane,Sample City,LA,01935,Sample County,Owner-occupied,Yes,Detached single family,1,1987,1650,1,Masonry veneer,Slab,No,,No,2,No,No,,,11,Metal,Hip,Fair,2015.0,1,No,DEMO-ONLY/936/roof_verification,Copper,Circuit breakers,,200,Copper,,11,Garage,Central gas,,No,No,No,,No,Yes,Yes,None,None,No,No,No,2.1,750,,No,No,No,No,No,No,,11,1,X,,No,No,No,,HO-5,570658,693000,69300,415800,138600,300000,5000,1000,2,No,No,No,No,In force,No,Example Mutual (synthetic),,0,No,,0,0,0,0,,Verified,Verified,Verified,Verified,Verified,DEMO-ONLY/936/property_verification,DEMO-ONLY/936/claims_verification,DEMO-ONLY/936/hazard_verification,DEMO-ONLY/936/replacement_cost_verification,Synthetic evidence scenario,2026-09-15,,No,Yes,Yes,Yes,,DEMO-2026-00936,2,Demo portfolio,2026-07-18T12:00:00+00:00,0.0,A
Casey Parker · Demo 937,,homeowner937@example.com,202-555-0100,HomeGuard Demo Agency,2026-09-15,Individual,,1036 Example Lane,Sample City,ME,01936,Sample County,Owner-occupied,Yes,Detached single family,1,1983,3050,3,Frame,Basement,No,,No,9,No,No,,,4,Slate,Gable,Good,2022.0,1,No,DEMO-ONLY/937/roof_verification,Copper,Circuit breakers,,200,PEX / PVC / CPVC,,2,Garage,Central gas,,No,No,No,,No,Yes,Yes,None,None,No,No,No,3.0,900,,No,No,No,No,No,No,,36,18,X,,No,No,No,,HO-5,240535,220000,22000,132000,44000,300000,5000,1000,2,No,No,No,No,In force,No,Example Mutual (synthetic),,0,No,,1,0,14424,0,"Synthetic loss-run example: 1 claim(s), 0 open; total paid $14,424. Not a real claims report.",Verified,Verified,Verified,Verified,Verified,DEMO-ONLY/937/property_verification,DEMO-ONLY/937/claims_verification,DEMO-ONLY/937/hazard_verification,DEMO-ONLY/937/replacement_cost_verification,Synthetic evidence scenario,2026-09-15,,No,Yes,Yes,Yes,,DEMO-2026-00937,2,Demo portfolio,2026-09-09T12:00:00+00:00,0.06556363636363637,A
Casey Brooks · Demo 938,,homeowner938@example.com,202-555-0100,HomeGuard Demo Agency,2026-09-15,Individual,,1037 Example Lane,Sample City,MD,01937,Sample County,Owner-occupied,Yes,Detached single family,1,1978,1550,3,Solid masonry,Basement,No,,No,16,No,No,,,12,Metal,Hip,Fair,2014.0,1,No,DEMO-ONLY/938/roof_verification,Copper,Circuit breakers,,200,Copper,,14,Garage,Central electric,,No,No,No,,No,Yes,Yes,None,None,No,No,No,2.2,100,,No,No,No,No,No,No,,48,3,X,,No,No,No,,HO-3,507513,519000,51900,311400,103800,500000,5000,2500,2,No,No,No,No,In force,No,Example Mutual (synthetic),,0,No,,1,0,10000,1,"Synthetic loss-run example: 1 claim(s), 1 open; total paid $10,000. Not a real claims report.",Verified,Verified,Verified,Verified,Verified,DEMO-ONLY/938/property_verification,DEMO-ONLY/938/claims_verification,DEMO-ONLY/938/hazard_verification,DEMO-ONLY/938/replacement_cost_verification,Synthetic evidence scenario,2026-09-15,,No,Yes,Yes,Yes,,DEMO-2026-00938,2,Demo portfolio,2026-07-20T12:00:00+00:00,0.019267822736030827,F
Alex Hayes · Demo 939,,homeowner939@example.com,202-555-0100,HomeGuard Demo Agency,2026-09-15,Individual,,1038 Example Lane,Sample City,MA,01938,Sample County,Owner-occupied,Yes,Detached single family,1,2003,2150,1,Solid masonry,Slab,No,,No,11,No,No,,,12,Tile,Hip,Fair,2014.0,1,No,DEMO-ONLY/939/roof_verification,Copper,Circuit breakers,,200,PEX / PVC / CPVC,,14,Garage,Central electric,,No,No,No,,No,Yes,Yes,None,None,No,No,No,3.2,150,,Yes,Yes,No,No,No,No,,31,22,X,,No,No,No,,HO-3,1560075,1409000,140900,845400,281800,100000,5000,1000,2,No,No,No,No,In force,No,Example Mutual (synthetic),,0,No,,0,0,0,0,,Verified,Verified,Verified,Verified,Verified,DEMO-ONLY/939/property_verification,DEMO-ONLY/939/claims_verification,DEMO-ONLY/939/hazard_verification,DEMO-ONLY/939/replacement_cost_verification,Synthetic evidence scenario,2026-09-15,,No,Yes,Yes,Yes,,DEMO-2026-00939,2,Demo portfolio,2026-09-06T12:00:00+00:00,0.0,A
Morgan Lane · Demo 940,,homeowner940@example.com,202-555-0100,HomeGuard Demo Agency,2026-09-15,Individual,,1039 Example Lane,Sample City,MI,01939,Sample County,Owner-occupied,Yes,Detached single family,1,1991,2800,2,Masonry veneer,Slab,No,,No,9,No,No,,,14,Slate,Hip,Fair,2012.0,1,No,DEMO-ONLY/940/roof_verification,Copper,Circuit breakers,,200,PEX / PVC / CPVC,,5,Garage,Heat pump,,No,No,No,,No,Yes,Yes,None,None,No,No,No,0.2,450,,No,No,No,No,No,No,,21,48,X,,No,No,No,,HO-3,1528663,1393000,139300,835800,278600,500000,5000,2500,2,No,No,No,No,In force,No,Example Mutual (synthetic),,0,No,,0,0,0,0,,Verified,Verified,Verified,Verified,Verified,DEMO-ONLY/940/property_verification,DEMO-ONLY/940/claims_verification,DEMO-ONLY/940/hazard_verification,DEMO-ONLY/940/replacement_cost_verification,Synthetic evidence scenario,2026-09-15,,No,Yes,Yes,Yes,,DEMO-2026-00940,2,Demo portfolio,2026-09-15T12:00:00+00:00,0.0,A
Taylor Lane · Demo 941,,homeowner941@example.com,202-555-0100,HomeGuard Demo Agency,2026-09-15,Individual,,1040 Example Lane,Sample City,MN,01940,Sample County,Owner-occupied,Yes,Detached single family,1,1994,2000,2,Frame,Crawl space,No,,No,1,No,No,,,7,Metal,Mixed,Fair,2019.0,1,No,DEMO-ONLY/941/roof_verification,Copper,Circuit breakers,,200,Copper,,11,Garage,Central electric,,No,No,No,,No,Yes,Yes,None,None,No,No,No,2.1,900,,No,No,No,No,No,No,,26,6,X,,No,No,No,,HO-3,1021567,1117000,111700,670200,223400,500000,5000,2500,2,No,No,No,No,In force,No,Example Mutual (synthetic),,0,No,,1,0,56110,0,"Synthetic loss-run example: 1 claim(s), 0 open; total paid $56,110. Not a real claims report.",Verified,Verified,Verified,Not checked,Verified,DEMO-ONLY/941/property_verification,DEMO-ONLY/941/claims_verification,,DEMO-ONLY/941/replacement_cost_verification,Synthetic evidence scenario,2026-09-15,,No,Yes,Yes,Yes,,DEMO-2026-00941,2,Demo portfolio,2026-09-08T12:00:00+00:00,0.05023276633840645,B
Jordan Hayes · Demo 942,,homeowner942@example.com,202-555-0100,HomeGuard Demo Agency,2026-09-15,Individual,,1041 Example Lane,Sample City,MS,01941,Sample County,Owner-occupied,Yes,Detached single family,1,2014,5450,1,Masonry veneer,Basement,No,,No,14,No,No,,,4,Architectural shingle,Hip,Good,2022.0,1,No,DEMO-ONLY/942/roof_verification,Copper,Circuit breakers,,200,Copper,,11,Garage,Central electric,,No,No,No,,No,Yes,Yes,None,None,No,No,No,4.0,600,,No,No,No,No,No,No,,30,40,X,,No,No,No,,HO-3,501291,494000,49400,296400,98800,500000,5000,1000,2,No,No,No,No,In force,No,Example Mutual (synthetic),,0,No,,0,0,0,0,,Verified,Verified,Verified,Verified,Verified,DEMO-ONLY/942/property_verification,DEMO-ONLY/942/claims_verification,DEMO-ONLY/942/hazard_verification,DEMO-ONLY/942/replacement_cost_verification,Synthetic evidence scenario,2026-09-15,,No,Yes,Yes,Yes,,DEMO-2026-00942,2,Demo portfolio,2026-08-04T12:00:00+00:00,0.0,A
Taylor Hayes · Demo 943,,homeowner943@example.com,202-555-0100,HomeGuard Demo Agency,2026-09-15,Individual,,1042 Example Lane,Sample City,MO,01942,Sample County,Owner-occupied,Yes,Detached single family,1,1996,5300,2,Solid masonry,Crawl space,No,,No,6,No,No,,,10,Metal,Mixed,Good,2016.0,1,No,DEMO-ONLY/943/roof_verification,Copper,Circuit breakers,,200,PEX / PVC / CPVC,,14,Garage,Heat pump,,No,No,No,,No,Yes,Yes,None,None,No,No,No,0.7,650,,No,No,No,No,No,No,,7,48,X,,No,No,No,,HO-5,466625,421000,42100,252600,84200,300000,5000,5000,2,No,No,No,No,In force,No,Example Mutual (synthetic),,0,No,,0,0,0,0,,Verified,Verified,Verified,Verified,Verified,DEMO-ONLY/943/property_verification,DEMO-ONLY/943/claims_verification,DEMO-ONLY/943/hazard_verification,DEMO-ONLY/943/replacement_cost_verification,Synthetic evidence scenario,2026-09-15,,No,Yes,Yes,Yes,,DEMO-2026-00943,2,Demo portfolio,2026-07-22T12:00:00+00:00,0.0,A
Casey Reed · Demo 944,,homeowner944@example.com,202-555-0100,HomeGuard Demo Agency,2026-09-15,Individual,,1043 Example Lane,Sample City,MT,01943,Sample County,Owner-occupied,Yes,Detached single family,1,1981,1350,3,Masonry veneer,Basement,No,,No,20,No,No,,,10,Architectural shingle,Hip,Fair,2016.0,1,No,DEMO-ONLY/944/roof_verification,Copper,Circuit breakers,,200,PEX / PVC / CPVC,,17,Garage,Central gas,,No,No,No,,No,Yes,Yes,None,None,No,No,No,2.4,800,,No,No,No,No,No,No,,42,13,X,,No,No,No,,HO-3,792024,920000,92000,552000,184000,300000,5000,1000,2,No,No,No,No,In force,No,Example Mutual (synthetic),,0,No,,0,0,0,0,,Verified,Verified,Verified,Verified,Verified,DEMO-ONLY/944/property_verification,DEMO-ONLY/944/claims_verification,DEMO-ONLY/944/hazard_verification,DEMO-ONLY/944/replacement_cost_verification,Synthetic evidence scenario,2026-09-15,,No,Yes,Yes,Yes,,DEMO-2026-00944,2,Demo portfolio,2026-08-03T12:00:00+00:00,0.0,B
Alex Brooks · Demo 945,,homeowner945@example.com,202-555-0100,HomeGuard Demo Agency,2026-09-15,Individual,,1044 Example Lane,Sample City,NE,01944,Sample County,Owner-occupied,Yes,Detached single family,1,1996,1100,3,Masonry veneer,Crawl space,No,,No,10,No,No,,,14,Slate,Hip,Fair,2012.0,1,No,DEMO-ONLY/945/roof_verification,Copper,Circuit breakers,,200,Copper,,5,Garage,Central gas,,No,No,No,,No,Yes,Yes,None,None,No,No,No,4.8,300,,No,No,No,No,No,No,,7,11,X,,No,No,No,,HO-5,878194,1044000,104400,626400,208800,500000,5000,2500,2,No,No,No,No,In force,No,Example Mutual (synthetic),,0,No,,1,0,199791,0,"Synthetic loss-run example: 1 claim(s), 0 open; total paid $199,791. Not a real claims report.",Verified,Verified,Verified,Verified,Verified,DEMO-ONLY/945/property_verification,DEMO-ONLY/945/claims_verification,DEMO-ONLY/945/hazard_verification,DEMO-ONLY/945/replacement_cost_verification,Synthetic evidence scenario,2026-09-15,,No,Yes,Yes,Yes,,DEMO-2026-00945,2,Demo portfolio,2026-07-29T12:00:00+00:00,0.19137068965517243,A
Taylor Reed · Demo 946,,homeowner946@example.com,202-555-0100,HomeGuard Demo Agency,2026-09-15,Individual,,1045 Example Lane,Sample City,NV,01945,Sample County,Owner-occupied,Yes,Detached single family,1,1956,4350,3,Masonry veneer,Basement,No,,No,14,No,No,,,7,Tile,Mixed,Good,2019.0,1,Yes,DEMO-ONLY/946/roof_verification,Copper,Circuit breakers,,200,Copper,,11,Garage,Central gas,,No,No,No,,No,Yes,Yes,None,None,No,No,No,0.3,100,,No,No,No,No,No,No,,6,12,X,,No,No,No,,HO-5,1136750,1096000,109600,657600,219200,100000,5000,2500,2,No,No,No,No,In force,No,Example Mutual (synthetic),,0,No,,0,0,0,0,,Verified,Verified,Verified,Verified,Verified,DEMO-ONLY/946/property_verification,DEMO-ONLY/946/claims_verification,DEMO-ONLY/946/hazard_verification,DEMO-ONLY/946/replacement_cost_verification,Synthetic evidence scenario,2026-09-15,,No,Yes,Yes,Yes,,DEMO-2026-00946,2,Demo portfolio,2026-09-09T12:00:00+00:00,0.0,B
Sam Parker · Demo 947,,homeowner947@example.com,202-555-0100,HomeGuard Demo Agency,2026-09-15,Individual,,1046 Example Lane,Sample City,NH,01946,Sample County,Owner-occupied,Yes,Detached single family,1,2006,2650,3,Solid masonry,Crawl space,No,,No,9,No,No,,,12,Metal,Mixed,Good,2014.0,1,No,DEMO-ONLY/947/roof_verification,Copper,Circuit breakers,,200,Copper,,10,Garage,Central gas,,No,No,No,,No,Yes,Yes,None,None,No,No,No,4.7,500,,No,No,No,No,No,No,,3,23,X,,No,No,No,,HO-3,597790,538000,53800,322800,107600,100000,5000,1000,2,No,No,No,No,In force,No,Example Mutual (synthetic),,0,No,,0,0,0,0,,Verified,Verified,Verified,Verified,Verified,DEMO-ONLY/947/property_verification,DEMO-ONLY/947/claims_verification,DEMO-ONLY/947/hazard_verification,DEMO-ONLY/947/replacement_cost_verification,Synthetic evidence scenario,2026-09-15,,No,Yes,Yes,Yes,,DEMO-2026-00947,2,Demo portfolio,2026-09-11T12:00:00+00:00,0.0,A
Jordan Reed · Demo 948,,homeowner948@example.com,202-555-0100,HomeGuard Demo Agency,2026-09-15,Individual,,1047 Example Lane,Sample City,NJ,01947,Sample County,Owner-occupied,Yes,Detached single family,1,2007,3300,3,Masonry veneer,Crawl space,No,,No,7,No,Yes,,,10,Slate,Gable,Fair,2016.0,1,No,DEMO-ONLY/948/roof_verification,Copper,Circuit breakers,,200,PEX / PVC / CPVC,,10,Garage,Heat pump,,No,No,No,,No,Yes,Yes,None,None,No,No,No,1.0,350,,No,No,No,No,No,No,,31,31,X,,No,No,No,,HO-3,764641,842000,84200,505200,168400,100000,5000,2500,2,No,No,No,No,In force,No,Example Mutual (synthetic),,0,No,,0,0,0,0,,Verified,Verified,Verified,Verified,Verified,DEMO-ONLY/948/property_verification,DEMO-ONLY/948/claims_verification,DEMO-ONLY/948/hazard_verification,DEMO-ONLY/948/replacement_cost_verification,Synthetic evidence scenario,2026-09-15,,No,Yes,Yes,Yes,,DEMO-2026-00948,2,Demo portfolio,2026-09-03T12:00:00+00:00,0.0,B
Taylor Parker · Demo 949,,homeowner949@example.com,202-555-0100,HomeGuard Demo Agency,2026-09-15,Individual,,1048 Example Lane,Sample City,NM,01948,Sample County,Owner-occupied,Yes,Detached single family,1,2022,3850,3,Masonry veneer,Basement,No,,No,8,No,No,,,2,Architectural shingle,Hip,Fair,2024.0,1,No,DEMO-ONLY/949/roof_verification,Copper,Circuit breakers,,200,Copper,,10,Garage,Central gas,,No,No,No,,No,Yes,Yes,None,None,No,No,No,4.2,150,,No,No,No,No,No,No,,44,14,X,,No,No,No,,HO-5,1266225,1203000,120300,721800,240600,300000,5000,1000,2,No,No,No,No,In force,No,Example Mutual (synthetic),,0,No,,1,0,88999,0,"Synthetic loss-run example: 1 claim(s), 0 open; total paid $88,999. Not a real claims report.",Verified,Verified,Verified,Verified,Verified,DEMO-ONLY/949/property_verification,DEMO-ONLY/949/claims_verification,DEMO-ONLY/949/hazard_verification,DEMO-ONLY/949/replacement_cost_verification,Synthetic evidence scenario,2026-09-15,,No,Yes,Yes,Yes,,DEMO-2026-00949,2,Demo portfolio,2026-08-29T12:00:00+00:00,0.07398088113050706,A
Casey Brooks · Demo 950,,homeowner950@example.com,202-555-0100,HomeGuard Demo Agency,2026-09-15,Individual,,1049 Example Lane,Sample City,NY,01949,Sample County,Owner-occupied,Yes,Detached single family,1,1950,3450,2,Masonry veneer,Crawl space,No,,No,9,No,No,,,15,Architectural shingle,Mixed,Fair,2011.0,1,No,DEMO-ONLY/950/roof_verification,Copper,Circuit breakers,,200,Copper,,13,Garage,Central electric,,No,No,No,,No,Yes,Yes,None,None,No,No,No,4.2,750,,No,No,No,No,No,Yes,,36,33,X,,No,No,No,,HO-3,1277743,1120000,112000,672000,224000,300000,5000,5000,2,No,No,No,No,In force,No,Example Mutual (synthetic),,0,No,,0,0,0,0,,Verified,Verified,Verified,Verified,Verified,DEMO-ONLY/950/property_verification,DEMO-ONLY/950/claims_verification,DEMO-ONLY/950/hazard_verification,DEMO-ONLY/950/replacement_cost_verification,Synthetic evidence scenario,2026-09-15,,No,Yes,Yes,Yes,,DEMO-2026-00950,2,Demo portfolio,2026-08-03T12:00:00+00:00,0.0,B
Alex Ellis · Demo 951,,homeowner951@example.com,202-555-0100,HomeGuard Demo Agency,2026-09-15,Individual,,1050 Example Lane,Sample City,NC,01950,Sample County,Owner-occupied,Yes,Detached single family,1,1964,1050,2,Solid masonry,Slab,No,,No,18,No,No,,,3,Tile,Gable,Good,2023.0,1,No,DEMO-ONLY/951/roof_verification,Copper,Circuit breakers,,200,Copper,,1,Garage,Heat pump,,No,No,No,,No,Yes,Yes,None,None,No,No,No,4.7,650,,No,No,No,No,No,No,,40,39,X,,No,No,No,,HO-5,570547,574000,57400,344400,114800,100000,5000,1000,2,No,No,No,No,In force,No,Example Mutual (synthetic),,0,No,,0,0,0,0,,Verified,Verified,Verified,Not checked,Verified,DEMO-ONLY/951/property_verification,DEMO-ONLY/951/claims_verification,,DEMO-ONLY/951/replacement_cost_verification,Synthetic evidence scenario,2026-09-15,,No,Yes,Yes,Yes,,DEMO-2026-00951,2,Demo portfolio,2026-09-07T12:00:00+00:00,0.0,B
Jordan Hayes · Demo 952,,homeowner952@example.com,202-555-0100,HomeGuard Demo Agency,2026-09-15,Individual,,1051 Example Lane,Sample City,ND,01951,Sample County,Owner-occupied,Yes,Detached single family,1,2010,3050,2,Solid masonry,Basement,No,,No,3,No,No,,,7,Slate,Hip,Good,2019.0,1,No,DEMO-ONLY/952/roof_verification,Copper,Circuit breakers,,200,PEX / PVC / CPVC,,10,Garage,Central gas,,No,No,No,,No,Yes,Yes,None,None,No,No,No,0.5,150,,No,No,No,No,No,No,,11,17,X,,No,No,No,,HO-5,191430,212000,21200,127200,42400,300000,5000,1000,2,No,No,No,No,In force,No,Example Mutual (synthetic),,0,No,,1,0,222432,0,"Synthetic loss-run example: 1 claim(s), 0 open; total paid $222,432. Not a real claims report.",Verified,Verified,Verified,Verified,Verified,DEMO-ONLY/952/property_verification,DEMO-ONLY/952/claims_verification,DEMO-ONLY/952/hazard_verification,DEMO-ONLY/952/replacement_cost_verification,Synthetic evidence scenario,2026-09-15,,No,Yes,Yes,Yes,,DEMO-2026-00952,2,Demo portfolio,2026-08-04T12:00:00+00:00,1.0492075471698112,F
Casey Lane · Demo 953,,homeowner953@example.com,202-555-0100,HomeGuard Demo Agency,2026-09-15,Individual,,1052 Example Lane,Sample City,OH,01952,Sample County,Owner-occupied,Yes,Detached single family,1,2000,3950,3,Frame,Crawl space,No,,No,6,No,No,,,16,Slate,Hip,Fair,2010.0,1,No,DEMO-ONLY/953/roof_verification,Copper,Circuit breakers,,200,PEX / PVC / CPVC,,12,Garage,Central gas,,No,No,No,,No,Yes,Yes,None,None,No,No,No,0.2,600,,Yes,Yes,No,No,No,No,,11,12,X,,No,No,No,,HO-3,1175469,1278000,127800,766800,255600,300000,5000,1000,2,No,No,No,No,In force,No,Example Mutual (synthetic),,0,No,,1,0,147753,0,"Synthetic loss-run example: 1 claim(s), 0 open; total paid $147,753. Not a real claims report.",Verified,Verified,Verified,Verified,Verified,DEMO-ONLY/953/property_verification,DEMO-ONLY/953/claims_verification,DEMO-ONLY/953/hazard_verification,DEMO-ONLY/953/replacement_cost_verification,Synthetic evidence scenario,2026-09-15,,No,Yes,Yes,Yes,,DEMO-2026-00953,2,Demo portfolio,2026-07-20T12:00:00+00:00,0.11561267605633803,A
Casey Brooks · Demo 954,,homeowner954@example.com,202-555-0100,HomeGuard Demo Agency,2026-09-15,Individual,,1053 Example Lane,Sample City,OK,01953,Sample County,Owner-occupied,Yes,Detached single family,1,1976,2250,3,Frame,Basement,No,,No,6,No,No,,,10,Slate,Gable,Fair,2016.0,1,No,DEMO-ONLY/954/roof_verification,Copper,Circuit breakers,,200,PEX / PVC / CPVC,,7,Garage,Central electric,,No,No,No,,No,Yes,Yes,None,None,No,No,No,2.9,700,,No,No,No,No,No,No,,27,41,X,,No,No,No,,HO-3,1296664,1235000,123500,741000,247000,100000,5000,2500,2,No,No,No,No,In force,No,Example Mutual (synthetic),,0,No,,0,0,0,0,,Verified,Verified,Verified,Verified,Verified,DEMO-ONLY/954/property_verification,DEMO-ONLY/954/claims_verification,DEMO-ONLY/954/hazard_verification,DEMO-ONLY/954/replacement_cost_verification,Synthetic evidence scenario,2026-09-15,,No,Yes,Yes,Yes,,DEMO-2026-00954,2,Demo portfolio,2026-09-07T12:00:00+00:00,0.0,A
Casey Reed · Demo 955,,homeowner955@example.com,202-555-0100,HomeGuard Demo Agency,2026-09-15,Individual,,1054 Example Lane,Sample City,OR,01954,Sample County,Owner-occupied,Yes,Detached single family,1,1968,3150,3,Frame,Crawl space,No,,No,7,No,No,,,2,Metal,Gable,Good,2024.0,1,No,DEMO-ONLY/955/roof_verification,Copper,Circuit breakers,,200,PEX / PVC / CPVC,,8,Garage,Central electric,,No,No,No,,No,Yes,Yes,None,None,No,No,No,1.2,850,,No,No,No,No,No,No,,30,1,X,,No,No,No,,HO-5,1202432,1438000,143800,862800,287600,100000,5000,2500,2,No,No,No,No,In force,No,Example Mutual (synthetic),,0,No,,0,0,0,0,,Verified,Verified,Verified,Verified,Verified,DEMO-ONLY/955/property_verification,DEMO-ONLY/955/claims_verification,DEMO-ONLY/955/hazard_verification,DEMO-ONLY/955/replacement_cost_verification,Synthetic evidence scenario,2026-09-15,,No,Yes,Yes,Yes,,DEMO-2026-00955,2,Demo portfolio,2026-09-11T12:00:00+00:00,0.0,A
Jordan Ellis · Demo 956,,homeowner956@example.com,202-555-0100,HomeGuard Demo Agency,2026-09-15,Individual,,1055 Example Lane,Sample City,PA,01955,Sample County,Owner-occupied,Yes,Detached single family,1,1983,3950,1,Masonry veneer,Crawl space,No,,No,18,No,No,,,14,Architectural shingle,Hip,Good,2012.0,1,No,DEMO-ONLY/956/roof_verification,Copper,Circuit breakers,,200,Copper,,8,Garage,Central gas,,No,No,No,,No,Yes,Yes,None,None,No,No,No,3.7,650,,No,No,No,No,No,No,,21,15,X,,No,No,No,,HO-5,452726,465000,46500,279000,93000,500000,5000,5000,2,No,No,No,No,In force,No,Example Mutual (synthetic),,0,No,,0,0,0,0,,Verified,Verified,Verified,Verified,Verified,DEMO-ONLY/956/property_verification,DEMO-ONLY/956/claims_verification,DEMO-ONLY/956/hazard_verification,DEMO-ONLY/956/replacement_cost_verification,Synthetic evidence scenario,2026-09-15,,No,Yes,Yes,Yes,,DEMO-2026-00956,2,Demo portfolio,2026-09-13T12:00:00+00:00,0.0,A
Taylor Ellis · Demo 957,,homeowner957@example.com,202-555-0100,HomeGuard Demo Agency,2026-09-15,Individual,,1056 Example Lane,Sample City,RI,01956,Sample County,Owner-occupied,Yes,Detached single family,1,1956,1650,1,Frame,Crawl space,No,,No,9,No,No,,,15,Tile,Hip,Good,2011.0,1,No,DEMO-ONLY/957/roof_verification,Copper,Circuit breakers,,200,Copper,,11,Garage,Central gas,,No,No,No,,No,Yes,Yes,None,None,No,No,No,3.9,200,,No,No,No,No,No,No,,2,21,X,,No,No,No,,HO-5,610618,605000,60500,363000,121000,100000,5000,1000,2,No,No,No,No,In force,No,Example Mutual (synthetic),,0,No,,1,0,44105,0,"Synthetic loss-run example: 1 claim(s), 0 open; total paid $44,105. Not a real claims report.",Verified,Verified,Verified,Verified,Verified,DEMO-ONLY/957/property_verification,DEMO-ONLY/957/claims_verification,DEMO-ONLY/957/hazard_verification,DEMO-ONLY/957/replacement_cost_verification,Synthetic evidence scenario,2026-09-15,,No,Yes,Yes,Yes,,DEMO-2026-00957,2,Demo portfolio,2026-07-27T12:00:00+00:00,0.07290082644628099,A
Morgan Ellis · Demo 958,,homeowner958@example.com,202-555-0100,HomeGuard Demo Agency,2026-09-15,Individual,,1057 Example Lane,Sample City,SC,01957,Sample County,Owner-occupied,Yes,Detached single family,1,2008,5000,3,Solid masonry,Slab,No,,No,39,No,No,,,11,Slate,Hip,Good,2015.0,1,No,DEMO-ONLY/958/roof_verification,Copper,Circuit breakers,,200,PEX / PVC / CPVC,,5,Garage,Central gas,,No,No,No,,No,Yes,Yes,None,None,No,No,No,2.0,750,,No,No,No,No,No,No,,1,21,X,,No,No,No,,HO-3,872467,832000,83200,499200,166400,500000,5000,2500,2,No,No,No,No,In force,No,Example Mutual (synthetic),,0,No,,0,0,0,0,,Verified,Verified,Verified,Verified,Verified,DEMO-ONLY/958/property_verification,DEMO-ONLY/958/claims_verification,DEMO-ONLY/958/hazard_verification,DEMO-ONLY/958/replacement_cost_verification,Synthetic evidence scenario,2026-09-15,,No,Yes,Yes,Yes,,DEMO-2026-00958,2,Demo portfolio,2026-07-30T12:00:00+00:00,0.0,B
Morgan Ellis · Demo 959,,homeowner959@example.com,202-555-0100,HomeGuard Demo Agency,2026-09-15,Individual,,1058 Example Lane,Sample City,SD,01958,Sample County,Owner-occupied,Yes,Detached single family,1,1960,1500,3,Solid masonry,Crawl space,No,,No,14,No,No,,,32,Metal,Gable,Poor,,1,No,DEMO-ONLY/959/roof_verification,Copper,Circuit breakers,,200,Copper,,12,Garage,Heat pump,,No,No,No,,No,Yes,Yes,None,None,No,No,No,3.8,950,,No,No,No,No,No,No,,41,5,X,,No,No,No,,HO-5,240134,230000,23000,138000,46000,100000,5000,2500,2,No,No,No,No,In force,No,Example Mutual (synthetic),,0,No,,0,0,0,0,,Verified,Verified,Verified,Verified,Verified,DEMO-ONLY/959/property_verification,DEMO-ONLY/959/claims_verification,DEMO-ONLY/959/hazard_verification,DEMO-ONLY/959/replacement_cost_verification,Synthetic evidence scenario,2026-09-15,,No,Yes,Yes,Yes,,DEMO-2026-00959,2,Demo portfolio,2026-08-06T12:00:00+00:00,0.0,F
Morgan Hayes · Demo 960,,homeowner960@example.com,202-555-0100,HomeGuard Demo Agency,2026-09-15,Individual,,1059 Example Lane,Sample City,TN,01959,Sample County,Owner-occupied,Yes,Detached single family,1,2004,1000,1,Frame,Crawl space,No,,No,13,No,No,,,5,Architectural shingle,Mixed,Fair,2021.0,1,No,DEMO-ONLY/960/roof_verification,Copper,Circuit breakers,,200,PEX / PVC / CPVC,,2,Garage,Heat pump,,No,No,No,,No,Yes,Yes,None,None,No,No,No,0.5,800,,Yes,Yes,Yes,No,No,No,,17,47,X,,No,No,No,,HO-3,1235656,1338000,133800,802800,267600,300000,5000,5000,2,No,No,No,No,In force,No,Example Mutual (synthetic),,0,No,,0,0,0,0,,Verified,Verified,Verified,Verified,Verified,DEMO-ONLY/960/property_verification,DEMO-ONLY/960/claims_verification,DEMO-ONLY/960/hazard_verification,DEMO-ONLY/960/replacement_cost_verification,Synthetic evidence scenario,2026-09-15,,No,Yes,Yes,Yes,,DEMO-2026-00960,2,Demo portfolio,2026-09-11T12:00:00+00:00,0.0,B
Sam Ellis · Demo 961,,homeowner961@example.com,202-555-0100,HomeGuard Demo Agency,2026-09-15,Individual,,1060 Example Lane,Sample City,TX,01960,Sample County,Owner-occupied,Yes,Detached single family,1,1980,4550,2,Frame,Basement,No,,No,19,No,No,,,9,Metal,Hip,Fair,2017.0,1,No,DEMO-ONLY/961/roof_verification,Copper,Circuit breakers,,200,Copper,,2,Garage,Central electric,,No,No,No,,No,Yes,Yes,None,None,No,No,No,2.9,150,,No,No,No,No,No,No,,18,42,X,,No,No,No,,HO-5,897813,937000,93700,562200,187400,300000,5000,2500,2,No,No,No,No,In force,No,Example Mutual (synthetic),,0,No,,5,0,477882,0,"Synthetic loss-run example: 5 claim(s), 0 open; total paid $477,882. Not a real claims report.",Verified,Verified,Verified,Not checked,Verified,DEMO-ONLY/961/property_verification,DEMO-ONLY/961/claims_verification,,DEMO-ONLY/961/replacement_cost_verification,Synthetic evidence scenario,2026-09-15,,No,Yes,Yes,Yes,,DEMO-2026-00961,2,Demo portfolio,2026-09-01T12:00:00+00:00,0.5100128068303095,B
Taylor Reed · Demo 962,,homeowner962@example.com,202-555-0100,HomeGuard Demo Agency,2026-09-15,Individual,,1061 Example Lane,Sample City,UT,01961,Sample County,Owner-occupied,Yes,Detached single family,1,1980,1150,1,Masonry veneer,Basement,No,,No,2,No,No,,,20,Metal,Hip,Good,,1,No,DEMO-ONLY/962/roof_verification,Copper,Circuit breakers,,200,Copper,,12,Garage,Heat pump,,No,No,No,,No,Yes,Yes,None,None,No,No,No,1.3,150,,No,No,No,No,No,No,,6,49,X,,No,No,No,,HO-5,491290,490000,49000,294000,98000,500000,5000,1000,2,No,No,No,No,In force,No,Example Mutual (synthetic),,0,No,,0,0,0,0,,Verified,Verified,Verified,Verified,Verified,DEMO-ONLY/962/property_verification,DEMO-ONLY/962/claims_verification,DEMO-ONLY/962/hazard_verification,DEMO-ONLY/962/replacement_cost_verification,Synthetic evidence scenario,2026-09-15,,No,Yes,Yes,Yes,,DEMO-2026-00962,2,Demo portfolio,2026-07-19T12:00:00+00:00,0.0,B
Jordan Parker · Demo 963,,homeowner963@example.com,202-555-0100,HomeGuard Demo Agency,2026-09-15,Individual,,1062 Example Lane,Sample City,VT,01962,Sample County,Owner-occupied,Yes,Detached single family,1,2009,4750,2,Solid masonry,Crawl space,No,,No,15,No,No,,,6,Slate,Hip,Fair,2020.0,1,No,DEMO-ONLY/963/roof_verification,Copper,Circuit breakers,,200,PEX / PVC / CPVC,,1,Garage,Heat pump,,No,No,No,,No,Yes,Yes,None,None,No,No,No,3.1,850,,No,No,No,No,No,No,,39,2,X,,No,No,No,,HO-3,1044826,939000,93900,563400,187800,100000,5000,5000,2,No,No,No,No,In force,No,Example Mutual (synthetic),,0,No,,0,0,0,0,,Verified,Verified,Verified,Verified,Verified,DEMO-ONLY/963/property_verification,DEMO-ONLY/963/claims_verification,DEMO-ONLY/963/hazard_verification,DEMO-ONLY/963/replacement_cost_verification,Synthetic evidence scenario,2026-09-15,,No,Yes,Yes,Yes,,DEMO-2026-00963,2,Demo portfolio,2026-08-15T12:00:00+00:00,0.0,A
Sam Ellis · Demo 964,,homeowner964@example.com,202-555-0100,HomeGuard Demo Agency,2026-09-15,Individual,,1063 Example Lane,Sample City,VA,01963,Sample County,Owner-occupied,Yes,Detached single family,1,2012,1200,3,Solid masonry,Slab,No,,No,13,No,No,,,6,Slate,Gable,Good,2020.0,1,No,DEMO-ONLY/964/roof_verification,Copper,Circuit breakers,,200,Copper,,12,Garage,Central gas,,No,No,No,,No,Yes,Yes,None,None,No,No,No,3.9,800,,No,No,No,No,No,No,,43,2,X,,No,No,No,,HO-3,1313843,1326000,132600,795600,265200,100000,5000,2500,2,No,No,No,No,In force,No,Example Mutual (synthetic),,0,No,,0,0,0,0,,Verified,Verified,Verified,Verified,Verified,DEMO-ONLY/964/property_verification,DEMO-ONLY/964/claims_verification,DEMO-ONLY/964/hazard_verification,DEMO-ONLY/964/replacement_cost_verification,Synthetic evidence scenario,2026-09-15,,No,Yes,Yes,Yes,,DEMO-2026-00964,2,Demo portfolio,2026-09-03T12:00:00+00:00,0.0,A
Casey Lane · Demo 965,,homeowner965@example.com,202-555-0100,HomeGuard Demo Agency,2026-09-15,Individual,,1064 Example Lane,Sample City,WA,01964,Sample County,Owner-occupied,Yes,Detached single family,1,1975,1550,2,Solid masonry,Basement,No,,No,10,No,No,,,16,Slate,Mixed,Good,2010.0,1,No,DEMO-ONLY/965/roof_verification,Copper,Circuit breakers,,200,PEX / PVC / CPVC,,2,Garage,Heat pump,,No,No,No,,No,Yes,Yes,None,None,No,No,No,3.5,950,,No,No,No,No,No,No,,14,14,X,,No,No,No,,HO-5,756365,803000,80300,481800,160600,300000,5000,2500,2,No,No,No,No,In force,No,Example Mutual (synthetic),,0,No,,1,0,111816,0,"Synthetic loss-run example: 1 claim(s), 0 open; total paid $111,816. Not a real claims report.",Verified,Verified,Verified,Verified,Verified,DEMO-ONLY/965/property_verification,DEMO-ONLY/965/claims_verification,DEMO-ONLY/965/hazard_verification,DEMO-ONLY/965/replacement_cost_verification,Synthetic evidence scenario,2026-09-15,,No,Yes,Yes,Yes,,DEMO-2026-00965,2,Demo portfolio,2026-08-20T12:00:00+00:00,0.1392478206724782,A
Alex Hayes · Demo 966,,homeowner966@example.com,202-555-0100,HomeGuard Demo Agency,2026-09-15,Individual,,1065 Example Lane,Sample City,WV,01965,Sample County,Owner-occupied,Yes,Detached single family,1,2014,5250,2,Frame,Crawl space,No,,No,11,No,No,,,11,Architectural shingle,Mixed,Fair,2015.0,1,No,DEMO-ONLY/966/roof_verification,Copper,Circuit breakers,,200,Copper,,13,Garage,Central electric,,No,No,No,,No,Yes,Yes,None,None,No,No,No,0.6,250,,No,No,No,No,No,No,,65,34,X,,No,No,No,,HO-5,1043797,930000,93000,558000,186000,300000,5000,5000,2,No,No,No,No,In force,No,Example Mutual (synthetic),,0,No,,0,0,0,0,,Verified,Verified,Verified,Verified,Verified,DEMO-ONLY/966/property_verification,DEMO-ONLY/966/claims_verification,DEMO-ONLY/966/hazard_verification,DEMO-ONLY/966/replacement_cost_verification,Synthetic evidence scenario,2026-09-15,,No,Yes,Yes,Yes,,DEMO-2026-00966,2,Demo portfolio,2026-07-25T12:00:00+00:00,0.0,B
Morgan Reed · Demo 967,,homeowner967@example.com,202-555-0100,HomeGuard Demo Agency,2026-09-15,Individual,,1066 Example Lane,Sample City,WI,01966,Sample County,Owner-occupied,Yes,Detached single family,1,1959,2300,2,Masonry veneer,Basement,No,,No,10,No,No,,,12,Architectural shingle,Hip,Good,2014.0,1,No,DEMO-ONLY/967/roof_verification,Copper,Circuit breakers,,200,Copper,,10,Garage,Central electric,,No,No,No,,No,Yes,Yes,None,None,No,No,No,0.1,750,,Yes,Yes,No,No,No,No,,34,31,X,,No,No,No,,HO-3,487702,437000,43700,262200,87400,100000,5000,1000,2,No,No,No,No,In force,No,Example Mutual (synthetic),,0,No,,0,0,0,0,,Verified,Verified,Verified,Verified,Verified,DEMO-ONLY/967/property_verification,DEMO-ONLY/967/claims_verification,DEMO-ONLY/967/hazard_verification,DEMO-ONLY/967/replacement_cost_verification,Synthetic evidence scenario,2026-09-15,,No,Yes,Yes,Yes,,DEMO-2026-00967,2,Demo portfolio,2026-08-14T12:00:00+00:00,0.0,A
Jordan Ellis · Demo 968,,homeowner968@example.com,202-555-0100,HomeGuard Demo Agency,2026-09-15,Individual,,1067 Example Lane,Sample City,WY,01967,Sample County,Owner-occupied,Yes,Detached single family,1,1998,2050,2,Masonry veneer,Slab,No,,No,3,No,No,,,5,Metal,Hip,Fair,2021.0,1,No,DEMO-ONLY/968/roof_verification,Copper,Circuit breakers,,200,PEX / PVC / CPVC,,9,Garage,Central gas,,No,No,No,,No,Yes,Yes,None,None,No,No,No,3.0,650,,No,No,No,No,No,No,,23,32,X,,No,No,No,,HO-3,295315,289000,28900,173400,57800,500000,5000,1000,2,No,No,No,No,In force,No,Example Mutual (synthetic),,0,No,,0,0,0,0,,Verified,Verified,Verified,Verified,Verified,DEMO-ONLY/968/property_verification,DEMO-ONLY/968/claims_verification,DEMO-ONLY/968/hazard_verification,DEMO-ONLY/968/replacement_cost_verification,Synthetic evidence scenario,2026-09-15,,No,Yes,Yes,Yes,,DEMO-2026-00968,2,Demo portfolio,2026-09-08T12:00:00+00:00,0.0,A
Jordan Brooks · Demo 969,,homeowner969@example.com,202-555-0100,HomeGuard Demo Agency,2026-09-15,Individual,,1068 Example Lane,Sample City,DC,01968,Sample County,Owner-occupied,Yes,Detached single family,1,1990,3700,2,Frame,Basement,No,,No,14,No,No,,,13,Architectural shingle,Hip,Good,2013.0,1,No,DEMO-ONLY/969/roof_verification,Copper,Circuit breakers,,200,PEX / PVC / CPVC,,6,Garage,Heat pump,,No,No,No,,No,Yes,Yes,None,None,No,No,No,0.3,600,,No,No,No,No,No,No,,24,43,X,,No,No,No,,HO-5,901226,847000,84700,508200,169400,500000,5000,2500,2,No,No,No,No,In force,No,Example Mutual (synthetic),,0,No,,1,0,112776,0,"Synthetic loss-run example: 1 claim(s), 0 open; total paid $112,776. Not a real claims report.",Verified,Verified,Verified,Verified,Verified,DEMO-ONLY/969/property_verification,DEMO-ONLY/969/claims_verification,DEMO-ONLY/969/hazard_verification,DEMO-ONLY/969/replacement_cost_verification,Synthetic evidence scenario,2026-09-15,,No,Yes,Yes,Yes,,DEMO-2026-00969,2,Demo portfolio,2026-08-02T12:00:00+00:00,0.13314757969303423,A
Alex Lane · Demo 970,,homeowner970@example.com,202-555-0100,HomeGuard Demo Agency,2026-09-15,Individual,,1069 Example Lane,Sample City,AL,01969,Sample County,Owner-occupied,Yes,Detached single family,1,1967,2050,1,Frame,Basement,No,,No,7,No,No,,,8,Slate,Gable,Fair,2018.0,1,No,DEMO-ONLY/970/roof_verification,Copper,Circuit breakers,,200,Copper,,2,Garage,Central electric,,No,No,No,,No,Yes,Yes,None,None,No,No,No,1.7,650,,No,No,No,No,No,No,,26,19,X,,No,No,No,,HO-5,1191288,1369000,136900,821400,273800,100000,5000,2500,2,No,No,No,No,In force,No,Example Mutual (synthetic),,0,No,,0,0,0,0,,Verified,Verified,Verified,Verified,Verified,DEMO-ONLY/970/property_verification,DEMO-ONLY/970/claims_verification,DEMO-ONLY/970/hazard_verification,DEMO-ONLY/970/replacement_cost_verification,Synthetic evidence scenario,2026-09-15,,No,Yes,Yes,Yes,,DEMO-2026-00970,2,Demo portfolio,2026-08-29T12:00:00+00:00,0.0,A
Alex Lane · Demo 971,,homeowner971@example.com,202-555-0100,HomeGuard Demo Agency,2026-09-15,Individual,,1070 Example Lane,Sample City,AK,01970,Sample County,Owner-occupied,Yes,Detached single family,1,1973,4850,3,Frame,Crawl space,No,,No,0,No,No,,,15,Architectural shingle,Hip,Good,2011.0,1,No,DEMO-ONLY/971/roof_verification,Copper,Circuit breakers,,200,PEX / PVC / CPVC,,4,Garage,Central electric,,No,No,No,,No,Yes,Yes,None,None,No,No,No,0.6,850,,No,No,No,No,No,No,,32,16,X,,No,No,No,,HO-3,779912,866000,86600,519600,173200,100000,5000,5000,2,No,No,No,No,In force,No,Example Mutual (synthetic),,0,No,,0,0,0,0,,Verified,Verified,Verified,Not checked,Verified,DEMO-ONLY/971/property_verification,DEMO-ONLY/971/claims_verification,,DEMO-ONLY/971/replacement_cost_verification,Synthetic evidence scenario,2026-09-15,,No,Yes,Yes,Yes,,DEMO-2026-00971,2,Demo portfolio,2026-08-01T12:00:00+00:00,0.0,B
Casey Parker · Demo 972,,homeowner972@example.com,202-555-0100,HomeGuard Demo Agency,2026-09-15,Individual,,1071 Example Lane,Sample City,AZ,01971,Sample County,Owner-occupied,Yes,Detached single family,1,1977,5400,1,Solid masonry,Slab,No,,No,17,No,No,,,1,Tile,Mixed,Good,2025.0,1,No,DEMO-ONLY/972/roof_verification,Copper,Circuit breakers,,200,PEX / PVC / CPVC,,8,Garage,Heat pump,,No,No,No,,No,Yes,Yes,None,None,No,No,No,2.6,150,,No,No,No,No,No,No,,20,5,X,,No,No,No,,HO-5,346142,330000,33000,198000,66000,100000,5000,5000,2,No,No,No,No,In force,No,Example Mutual (synthetic),,0,No,,0,0,0,0,,Verified,Verified,Verified,Verified,Verified,DEMO-ONLY/972/property_verification,DEMO-ONLY/972/claims_verification,DEMO-ONLY/972/hazard_verification,DEMO-ONLY/972/replacement_cost_verification,Synthetic evidence scenario,2026-09-15,,No,Yes,Yes,Yes,,DEMO-2026-00972,2,Demo portfolio,2026-09-10T12:00:00+00:00,0.0,A
Taylor Ellis · Demo 973,,homeowner973@example.com,202-555-0100,HomeGuard Demo Agency,2026-09-15,Individual,,1072 Example Lane,Sample City,AR,01972,Sample County,Owner-occupied,Yes,Detached single family,1,1997,2650,3,Solid masonry,Crawl space,No,,No,1,No,No,,,6,Tile,Gable,Fair,2020.0,1,No,DEMO-ONLY/973/roof_verification,Copper,Circuit breakers,,200,Copper,,4,Garage,Central gas,,No,No,No,,No,Yes,Yes,None,None,No,No,No,1.4,200,,No,No,No,No,No,No,,45,26,X,,No,No,No,,HO-5,1592362,1494000,149400,896400,298800,300000,5000,1000,2,No,No,No,No,In force,No,Example Mutual (synthetic),,0,No,,1,0,252443,0,"Synthetic loss-run example: 1 claim(s), 0 open; total paid $252,443. Not a real claims report.",Verified,Verified,Verified,Verified,Verified,DEMO-ONLY/973/property_verification,DEMO-ONLY/973/claims_verification,DEMO-ONLY/973/hazard_verification,DEMO-ONLY/973/replacement_cost_verification,Synthetic evidence scenario,2026-09-15,,No,Yes,Yes,Yes,,DEMO-2026-00973,2,Demo portfolio,2026-08-08T12:00:00+00:00,0.16897121820615796,A
Casey Brooks · Demo 974,,homeowner974@example.com,202-555-0100,HomeGuard Demo Agency,2026-09-15,Individual,,1073 Example Lane,Sample City,CA,01973,Sample County,Owner-occupied,Yes,Detached single family,1,1981,3350,1,Solid masonry,Crawl space,No,,No,9,No,No,,,4,Slate,Mixed,Fair,2022.0,1,No,DEMO-ONLY/974/roof_verification,Copper,Circuit breakers,,200,PEX / PVC / CPVC,,13,Garage,Central electric,,No,No,No,,No,Yes,Yes,None,None,No,No,No,4.4,150,,Yes,Yes,No,No,No,No,,27,6,X,,No,No,No,,HO-5,1195693,1268000,126800,760800,253600,100000,5000,1000,2,No,No,No,No,In force,No,Example Mutual (synthetic),,0,No,,0,0,0,0,,Verified,Verified,Verified,Verified,Verified,DEMO-ONLY/974/property_verification,DEMO-ONLY/974/claims_verification,DEMO-ONLY/974/hazard_verification,DEMO-ONLY/974/replacement_cost_verification,Synthetic evidence scenario,2026-09-15,,No,Yes,Yes,Yes,,DEMO-2026-00974,2,Demo portfolio,2026-08-05T12:00:00+00:00,0.0,A
Sam Parker · Demo 975,,homeowner975@example.com,202-555-0100,HomeGuard Demo Agency,2026-09-15,Individual,,1074 Example Lane,Sample City,CO,01974,Sample County,Owner-occupied,Yes,Detached single family,1,1973,1500,2,Masonry veneer,Slab,No,,No,7,No,No,,,13,Tile,Hip,Fair,2013.0,1,No,DEMO-ONLY/975/roof_verification,Copper,Circuit breakers,,200,PEX / PVC / CPVC,,17,Garage,Heat pump,,No,No,No,,No,Yes,Yes,None,None,No,No,No,4.4,100,,No,No,No,No,No,No,,15,22,X,,No,No,No,,HO-3,287755,258000,25800,154800,51600,500000,5000,2500,2,No,No,No,No,In force,No,Example Mutual (synthetic),,0,No,,0,0,0,0,,Verified,Verified,Verified,Verified,Verified,DEMO-ONLY/975/property_verification,DEMO-ONLY/975/claims_verification,DEMO-ONLY/975/hazard_verification,DEMO-ONLY/975/replacement_cost_verification,Synthetic evidence scenario,2026-09-15,,No,Yes,Yes,Yes,,DEMO-2026-00975,2,Demo portfolio,2026-07-30T12:00:00+00:00,0.0,B
Sam Parker · Demo 976,,homeowner976@example.com,202-555-0100,HomeGuard Demo Agency,2026-09-15,Individual,,1075 Example Lane,Sample City,CT,01975,Sample County,Owner-occupied,Yes,Detached single family,1,1996,5200,1,Frame,Basement,No,,No,8,No,No,,,18,Metal,Hip,Fair,2008.0,1,No,DEMO-ONLY/976/roof_verification,Copper,Circuit breakers,,200,PEX / PVC / CPVC,,6,Garage,Central gas,,No,No,No,,No,Yes,Yes,None,None,No,No,No,5.5,800,,No,No,No,No,No,No,,40,18,X,,No,No,No,,HO-3,1358893,1244000,124400,746400,248800,100000,5000,1000,2,No,No,No,No,In force,No,Example Mutual (synthetic),,0,No,,0,0,0,0,,Verified,Verified,Verified,Verified,Verified,DEMO-ONLY/976/property_verification,DEMO-ONLY/976/claims_verification,DEMO-ONLY/976/hazard_verification,DEMO-ONLY/976/replacement_cost_verification,Synthetic evidence scenario,2026-09-15,,No,Yes,Yes,Yes,,DEMO-2026-00976,2,Demo portfolio,2026-08-16T12:00:00+00:00,0.0,B
Jordan Brooks · Demo 977,,homeowner977@example.com,202-555-0100,HomeGuard Demo Agency,2026-09-15,Individual,,1076 Example Lane,Sample City,DE,01976,Sample County,Owner-occupied,Yes,Detached single family,1,2005,4650,1,Frame,Crawl space,No,,No,11,No,No,,,9,Architectural shingle,Gable,Good,2017.0,1,No,DEMO-ONLY/977/roof_verification,Copper,Circuit breakers,,200,PEX / PVC / CPVC,,14,Garage,Central gas,,No,No,No,,No,Yes,Yes,None,None,No,No,No,2.3,750,,No,No,No,No,No,No,,34,32,X,,No,No,No,,HO-3,470232,563000,56300,337800,112600,500000,5000,5000,2,No,No,No,No,In force,No,Example Mutual (synthetic),,0,No,,1,0,49483,0,"Synthetic loss-run example: 1 claim(s), 0 open; total paid $49,483. Not a real claims report.",Verified,Verified,Verified,Verified,Verified,DEMO-ONLY/977/property_verification,DEMO-ONLY/977/claims_verification,DEMO-ONLY/977/hazard_verification,DEMO-ONLY/977/replacement_cost_verification,Synthetic evidence scenario,2026-09-15,,No,Yes,Yes,Yes,,DEMO-2026-00977,2,Demo portfolio,2026-07-18T12:00:00+00:00,0.08789165186500889,A
Sam Brooks · Demo 978,,homeowner978@example.com,202-555-0100,HomeGuard Demo Agency,2026-09-15,Individual,,1077 Example Lane,Sample City,FL,01977,Sample County,Owner-occupied,Yes,Detached single family,1,1978,4150,3,Solid masonry,Slab,No,,No,2,No,No,,,14,Metal,Gable,Good,2012.0,1,No,DEMO-ONLY/978/roof_verification,Copper,Circuit breakers,,200,Copper,,3,Garage,Central gas,,No,No,Yes,,No,Yes,Yes,None,None,No,No,No,3.0,450,,No,No,No,No,No,No,,36,25,X,,No,No,No,,HO-3,1211536,1171000,117100,702600,234200,100000,5000,1000,2,No,No,No,No,In force,No,Example Mutual (synthetic),,0,No,,0,0,0,0,,Verified,Verified,Verified,Verified,Verified,DEMO-ONLY/978/property_verification,DEMO-ONLY/978/claims_verification,DEMO-ONLY/978/hazard_verification,DEMO-ONLY/978/replacement_cost_verification,Synthetic evidence scenario,2026-09-15,,No,Yes,Yes,Yes,,DEMO-2026-00978,2,Demo portfolio,2026-08-06T12:00:00+00:00,0.0,B
Jordan Brooks · Demo 979,,homeowner979@example.com,202-555-0100,HomeGuard Demo Agency,2026-09-15,Individual,,1078 Example Lane,Sample City,GA,01978,Sample County,Owner-occupied,Yes,Detached single family,1,2022,2150,2,Frame,Basement,No,,No,10,No,Yes,,,4,Metal,Mixed,Fair,2022.0,1,No,DEMO-ONLY/979/roof_verification,Copper,Circuit breakers,,200,PEX / PVC / CPVC,,3,Garage,Heat pump,,No,No,No,,No,Yes,Yes,None,None,No,No,No,1.7,200,,No,No,No,No,No,No,,48,36,X,,No,No,No,,HO-3,1395484,1330000,133000,798000,266000,100000,5000,2500,2,No,No,No,No,In force,No,Example Mutual (synthetic),,0,No,,0,0,0,0,,Verified,Verified,Verified,Verified,Verified,DEMO-ONLY/979/property_verification,DEMO-ONLY/979/claims_verification,DEMO-ONLY/979/hazard_verification,DEMO-ONLY/979/replacement_cost_verification,Synthetic evidence scenario,2026-09-15,,No,Yes,Yes,Yes,,DEMO-2026-00979,2,Demo portfolio,2026-07-24T12:00:00+00:00,0.0,B
Casey Ellis · Demo 980,,homeowner980@example.com,202-555-0100,HomeGuard Demo Agency,2026-09-15,Individual,,1079 Example Lane,Sample City,HI,01979,Sample County,Owner-occupied,Yes,Detached single family,1,1994,2400,2,Solid masonry,Crawl space,No,,Yes,17,No,No,,,18,Metal,Mixed,Good,2008.0,1,No,DEMO-ONLY/980/roof_verification,Copper,Circuit breakers,,200,Copper,,12,Garage,Heat pump,,No,No,No,,No,Yes,Yes,None,None,No,No,No,4.6,500,,No,No,No,No,No,No,,26,33,X,,No,No,No,,HO-5,255160,227000,22700,136200,45400,500000,5000,5000,2,No,No,No,No,In force,No,Example Mutual (synthetic),,0,No,,0,0,0,0,,Verified,Verified,Verified,Verified,Verified,DEMO-ONLY/980/property_verification,DEMO-ONLY/980/claims_verification,DEMO-ONLY/980/hazard_verification,DEMO-ONLY/980/replacement_cost_verification,Synthetic evidence scenario,2026-09-15,,No,Yes,Yes,Yes,,DEMO-2026-00980,2,Demo portfolio,2026-08-16T12:00:00+00:00,0.0,B
Jordan Hayes · Demo 981,,homeowner981@example.com,202-555-0100,HomeGuard Demo Agency,2026-09-15,Individual,,1080 Example Lane,Sample City,ID,01980,Sample County,Owner-occupied,Yes,Detached single family,1,2011,2950,3,Masonry veneer,Basement,No,,No,17,No,No,,,10,Architectural shingle,Hip,Good,2016.0,1,No,DEMO-ONLY/981/roof_verification,Copper,Circuit breakers,,200,Copper,,2,Garage,Heat pump,,No,No,No,,No,Yes,Yes,None,None,No,No,No,1.0,450,,No,No,No,No,No,Yes,,27,28,X,,No,No,No,,HO-5,954217,955000,95500,573000,191000,100000,5000,5000,2,No,No,No,No,In force,No,Example Mutual (synthetic),,0,No,,0,0,0,0,,Verified,Verified,Verified,Not checked,Verified,DEMO-ONLY/981/property_verification,DEMO-ONLY/981/claims_verification,,DEMO-ONLY/981/replacement_cost_verification,Synthetic evidence scenario,2026-09-15,,No,Yes,Yes,Yes,,DEMO-2026-00981,2,Demo portfolio,2026-09-01T12:00:00+00:00,0.0,B
Morgan Parker · Demo 982,,homeowner982@example.com,202-555-0100,HomeGuard Demo Agency,2026-09-15,Individual,,1081 Example Lane,Sample City,IL,01981,Sample County,Owner-occupied,Yes,Detached single family,1,1954,5250,3,Masonry veneer,Crawl space,No,,No,4,No,No,,,8,Slate,Mixed,Fair,2018.0,1,No,DEMO-ONLY/982/roof_verification,Copper,Circuit breakers,,200,Copper,,5,Garage,Central electric,,No,No,No,,No,Yes,Yes,None,None,No,No,No,0.7,900,,No,No,No,No,No,No,,46,49,X,,No,No,No,,HO-3,1515705,1497000,149700,898200,299400,100000,5000,1000,2,No,No,No,No,In force,No,Example Mutual (synthetic),,0,No,,0,0,0,0,,Verified,Verified,Verified,Verified,Verified,DEMO-ONLY/982/property_verification,DEMO-ONLY/982/claims_verification,DEMO-ONLY/982/hazard_verification,DEMO-ONLY/982/replacement_cost_verification,Synthetic evidence scenario,2026-09-15,,No,Yes,Yes,Yes,,DEMO-2026-00982,2,Demo portfolio,2026-09-09T12:00:00+00:00,0.0,A
Jordan Brooks · Demo 983,,homeowner983@example.com,202-555-0100,HomeGuard Demo Agency,2026-09-15,Individual,,1082 Example Lane,Sample City,IN,01982,Sample County,Owner-occupied,Yes,Detached single family,1,1961,1350,1,Masonry veneer,Basement,No,,No,8,No,No,,,15,Metal,Hip,Fair,2011.0,1,No,DEMO-ONLY/983/roof_verification,Copper,Circuit breakers,,200,Copper,,4,Garage,Central gas,,No,No,No,,No,Yes,Yes,None,None,No,No,No,1.0,600,,No,No,No,No,No,No,,17,28,X,,No,No,No,,HO-5,546232,633000,63300,379800,126600,300000,5000,2500,2,No,No,No,No,In force,No,Example Mutual (synthetic),,0,No,,0,0,0,0,,Verified,Verified,Verified,Verified,Verified,DEMO-ONLY/983/property_verification,DEMO-ONLY/983/claims_verification,DEMO-ONLY/983/hazard_verification,DEMO-ONLY/983/replacement_cost_verification,Synthetic evidence scenario,2026-09-15,,No,Yes,Yes,Yes,,DEMO-2026-00983,2,Demo portfolio,2026-09-05T12:00:00+00:00,0.0,A
Sam Lane · Demo 984,,homeowner984@example.com,202-555-0100,HomeGuard Demo Agency,2026-09-15,Individual,,1083 Example Lane,Sample City,IA,01983,Sample County,Owner-occupied,Yes,Detached single family,1,2011,2850,3,Masonry veneer,Slab,No,,No,6,No,No,,,6,Slate,Gable,Good,2020.0,1,No,DEMO-ONLY/984/roof_verification,Copper,Fuses,,200,PEX / PVC / CPVC,,2,Garage,Heat pump,,No,No,No,,No,Yes,Yes,None,None,No,No,No,4.6,450,,No,No,No,No,No,No,,7,49,X,,No,No,No,,HO-3,860661,751000,75100,450600,150200,500000,5000,5000,2,No,No,No,No,In force,No,Example Mutual (synthetic),,0,No,,0,0,0,0,,Verified,Verified,Verified,Verified,Verified,DEMO-ONLY/984/property_verification,DEMO-ONLY/984/claims_verification,DEMO-ONLY/984/hazard_verification,DEMO-ONLY/984/replacement_cost_verification,Synthetic evidence scenario,2026-09-15,,No,Yes,Yes,Yes,,DEMO-2026-00984,2,Demo portfolio,2026-09-07T12:00:00+00:00,0.0,B
Morgan Reed · Demo 985,,homeowner985@example.com,202-555-0100,HomeGuard Demo Agency,2026-09-15,Individual,,1084 Example Lane,Sample City,KS,01984,Sample County,Owner-occupied,Yes,Detached single family,1,2009,5200,1,Masonry veneer,Crawl space,No,,No,1,No,No,,,9,Tile,Hip,Good,2017.0,1,No,DEMO-ONLY/985/roof_verification,Copper,Circuit breakers,,200,Copper,,6,Garage,Central electric,,No,No,No,,No,Yes,Yes,None,None,No,No,No,2.7,150,,No,No,No,No,No,No,,34,31,X,,No,No,No,,HO-3,1153811,1013000,101300,607800,202600,100000,5000,1000,2,No,No,No,No,In force,No,Example Mutual (synthetic),,0,No,,1,0,36259,0,"Synthetic loss-run example: 1 claim(s), 0 open; total paid $36,259. Not a real claims report.",Verified,Verified,Verified,Verified,Verified,DEMO-ONLY/985/property_verification,DEMO-ONLY/985/claims_verification,DEMO-ONLY/985/hazard_verification,DEMO-ONLY/985/replacement_cost_verification,Synthetic evidence scenario,2026-09-15,,No,Yes,Yes,Yes,,DEMO-2026-00985,2,Demo portfolio,2026-08-27T12:00:00+00:00,0.035793682132280354,A
Sam Lane · Demo 986,,homeowner986@example.com,202-555-0100,HomeGuard Demo Agency,2026-09-15,Individual,,1085 Example Lane,Sample City,KY,01985,Sample County,Owner-occupied,Yes,Detached single family,1,1997,3900,2,Solid masonry,Basement,No,,No,19,No,No,,,10,Tile,Mixed,Good,2016.0,1,No,DEMO-ONLY/986/roof_verification,Copper,Circuit breakers,,200,PEX / PVC / CPVC,,10,Garage,Heat pump,,No,No,No,,No,Yes,Yes,None,None,No,No,No,1.8,150,,No,No,No,No,No,No,,33,0,X,,No,No,No,,HO-3,434536,460000,46000,276000,92000,100000,5000,1000,2,No,No,No,No,In force,No,Example Mutual (synthetic),,0,No,,0,0,0,0,,Verified,Verified,Verified,Verified,Verified,DEMO-ONLY/986/property_verification,DEMO-ONLY/986/claims_verification,DEMO-ONLY/986/hazard_verification,DEMO-ONLY/986/replacement_cost_verification,Synthetic evidence scenario,2026-09-15,,No,Yes,Yes,Yes,,DEMO-2026-00986,2,Demo portfolio,2026-07-20T12:00:00+00:00,0.0,A
Alex Reed · Demo 987,,homeowner987@example.com,202-555-0100,HomeGuard Demo Agency,2026-09-15,Individual,,1086 Example Lane,Sample City,LA,01986,Sample County,Owner-occupied,Yes,Detached single family,1,1962,3850,3,Frame,Slab,No,,No,1,No,No,,,14,Tile,Mixed,Good,2012.0,1,No,DEMO-ONLY/987/roof_verification,Copper,Circuit breakers,,200,Copper,,3,Garage,Central gas,,No,No,No,,No,Yes,Yes,None,None,No,No,No,0.7,850,,No,No,No,No,No,No,,16,8,X,,No,No,No,,HO-3,1379314,1258000,125800,754800,251600,500000,5000,5000,2,No,No,No,No,In force,No,Example Mutual (synthetic),,0,No,,0,0,0,0,,Verified,Verified,Verified,Verified,Verified,DEMO-ONLY/987/property_verification,DEMO-ONLY/987/claims_verification,DEMO-ONLY/987/hazard_verification,DEMO-ONLY/987/replacement_cost_verification,Synthetic evidence scenario,2026-09-15,,No,Yes,Yes,Yes,,DEMO-2026-00987,2,Demo portfolio,2026-09-15T12:00:00+00:00,0.0,A
Sam Ellis · Demo 988,,homeowner988@example.com,202-555-0100,HomeGuard Demo Agency,2026-09-15,Individual,,1087 Example Lane,Sample City,ME,01987,Sample County,Owner-occupied,Yes,Detached single family,1,1975,5400,1,Solid masonry,Basement,No,,No,0,No,No,,,12,Tile,Hip,Good,2014.0,1,No,DEMO-ONLY/988/roof_verification,Copper,Circuit breakers,,200,PEX / PVC / CPVC,,11,Garage,Central electric,,No,No,No,,No,Yes,Yes,None,None,No,No,No,1.6,650,,Yes,Yes,No,No,No,No,,34,24,X,,No,No,No,,HO-5,513246,509000,50900,305400,101800,100000,5000,2500,2,No,No,No,No,In force,No,Example Mutual (synthetic),,0,No,,0,0,0,0,,Verified,Verified,Verified,Verified,Verified,DEMO-ONLY/988/property_verification,DEMO-ONLY/988/claims_verification,DEMO-ONLY/988/hazard_verification,DEMO-ONLY/988/replacement_cost_verification,Synthetic evidence scenario,2026-09-15,,No,Yes,Yes,Yes,,DEMO-2026-00988,2,Demo portfolio,2026-08-02T12:00:00+00:00,0.0,A
Casey Reed · Demo 989,,homeowner989@example.com,202-555-0100,HomeGuard Demo Agency,2026-09-15,Individual,,1088 Example Lane,Sample City,MD,01988,Sample County,Owner-occupied,Yes,Detached single family,1,1960,4900,2,Masonry veneer,Crawl space,No,,No,13,No,No,,,27,Slate,Mixed,Poor,,1,No,DEMO-ONLY/989/roof_verification,Copper,Circuit breakers,,200,Copper,,2,Garage,Central electric,,No,No,No,,No,Yes,Yes,None,None,No,No,No,0.6,650,,No,No,No,No,No,No,,8,25,X,,No,No,No,,HO-5,1220465,1458000,145800,874800,291600,300000,5000,5000,2,No,No,No,No,In force,No,Example Mutual (synthetic),,0,No,,0,0,0,0,,Verified,Verified,Verified,Verified,Verified,DEMO-ONLY/989/property_verification,DEMO-ONLY/989/claims_verification,DEMO-ONLY/989/hazard_verification,DEMO-ONLY/989/replacement_cost_verification,Synthetic evidence scenario,2026-09-15,,No,Yes,Yes,Yes,,DEMO-2026-00989,2,Demo portfolio,2026-07-26T12:00:00+00:00,0.0,F
Morgan Brooks · Demo 990,,homeowner990@example.com,202-555-0100,HomeGuard Demo Agency,2026-09-15,Individual,,1089 Example Lane,Sample City,MA,01989,Sample County,Owner-occupied,Yes,Detached single family,1,2010,1550,1,Frame,Crawl space,No,,No,16,No,No,,,2,Tile,Hip,Fair,2024.0,1,No,DEMO-ONLY/990/roof_verification,Copper,Circuit breakers,,200,Copper,,4,Garage,Heat pump,,No,No,No,,No,Yes,Yes,None,None,No,No,No,0.2,200,,No,No,No,No,No,No,,15,26,X,,No,No,No,,HO-3,209083,219000,21900,131400,43800,100000,5000,2500,2,No,No,No,No,In force,No,Example Mutual (synthetic),,0,No,,0,0,0,0,,Verified,Verified,Verified,Verified,Verified,DEMO-ONLY/990/property_verification,DEMO-ONLY/990/claims_verification,DEMO-ONLY/990/hazard_verification,DEMO-ONLY/990/replacement_cost_verification,Synthetic evidence scenario,2026-09-15,,No,Yes,Yes,Yes,,DEMO-2026-00990,2,Demo portfolio,2026-08-17T12:00:00+00:00,0.0,A
Casey Ellis · Demo 991,,homeowner991@example.com,202-555-0100,HomeGuard Demo Agency,2026-09-15,Individual,,1090 Example Lane,Sample City,MI,01990,Sample County,Owner-occupied,Yes,Detached single family,1,1961,5350,3,Frame,Crawl space,No,,No,1,No,No,,,18,Tile,Hip,Good,2008.0,1,No,DEMO-ONLY/991/roof_verification,Copper,Circuit breakers,,200,Copper,,12,Garage,Central electric,,No,No,No,,No,Yes,Yes,None,None,No,No,No,1.9,100,,No,No,No,No,No,No,,49,2,X,,No,No,No,,HO-5,701952,845000,84500,507000,169000,300000,5000,5000,2,No,No,No,No,In force,No,Example Mutual (synthetic),,0,No,,3,0,242099,0,"Synthetic loss-run example: 3 claim(s), 0 open; total paid $242,099. Not a real claims report.",Verified,Verified,Verified,Not checked,Verified,DEMO-ONLY/991/property_verification,DEMO-ONLY/991/claims_verification,,DEMO-ONLY/991/replacement_cost_verification,Synthetic evidence scenario,2026-09-15,,No,Yes,Yes,Yes,,DEMO-2026-00991,2,Demo portfolio,2026-09-09T12:00:00+00:00,0.2865076923076923,B
Morgan Ellis · Demo 992,,homeowner992@example.com,202-555-0100,HomeGuard Demo Agency,2026-09-15,Individual,,1091 Example Lane,Sample City,MN,01991,Sample County,Owner-occupied,Yes,Detached single family,1,1997,1800,2,Masonry veneer,Basement,No,,No,16,No,No,,,4,Metal,Mixed,Good,2022.0,1,No,DEMO-ONLY/992/roof_verification,Copper,Circuit breakers,,200,PEX / PVC / CPVC,,4,Garage,Central electric,,No,No,No,,No,Yes,Yes,None,None,No,No,No,2.7,250,,No,No,No,No,No,No,,14,29,X,,No,No,No,,HO-5,1044815,1031000,103100,618600,206200,500000,5000,1000,2,No,No,No,No,In force,No,Example Mutual (synthetic),,0,No,,0,0,0,0,,Verified,Verified,Verified,Verified,Verified,DEMO-ONLY/992/property_verification,DEMO-ONLY/992/claims_verification,DEMO-ONLY/992/hazard_verification,DEMO-ONLY/992/replacement_cost_verification,Synthetic evidence scenario,2026-09-15,,No,Yes,Yes,Yes,,DEMO-2026-00992,2,Demo portfolio,2026-08-13T12:00:00+00:00,0.0,A
Casey Reed · Demo 993,,homeowner993@example.com,202-555-0100,HomeGuard Demo Agency,2026-09-15,Individual,,1092 Example Lane,Sample City,MS,01992,Sample County,Owner-occupied,Yes,Detached single family,1,1999,2700,1,Masonry veneer,Basement,No,,No,12,No,No,,,9,Tile,Gable,Fair,2017.0,1,No,DEMO-ONLY/993/roof_verification,Copper,Circuit breakers,,200,PEX / PVC / CPVC,,7,Garage,Heat pump,,No,No,No,,No,Yes,Yes,None,None,No,No,No,1.8,400,,No,No,No,No,No,No,,9,45,X,,No,No,No,,HO-5,269501,236000,23600,141600,47200,500000,5000,5000,2,No,No,No,No,In force,No,Example Mutual (synthetic),,0,No,,1,0,10000,1,"Synthetic loss-run example: 1 claim(s), 1 open; total paid $10,000. Not a real claims report.",Verified,Verified,Verified,Verified,Verified,DEMO-ONLY/993/property_verification,DEMO-ONLY/993/claims_verification,DEMO-ONLY/993/hazard_verification,DEMO-ONLY/993/replacement_cost_verification,Synthetic evidence scenario,2026-09-15,,No,Yes,Yes,Yes,,DEMO-2026-00993,2,Demo portfolio,2026-08-06T12:00:00+00:00,0.0423728813559322,F
Alex Reed · Demo 994,,homeowner994@example.com,202-555-0100,HomeGuard Demo Agency,2026-09-15,Individual,,1093 Example Lane,Sample City,MO,01993,Sample County,Owner-occupied,Yes,Detached single family,1,2007,1000,3,Masonry veneer,Slab,No,,No,4,No,No,,,2,Tile,Hip,Good,2024.0,1,No,DEMO-ONLY/994/roof_verification,Copper,Circuit breakers,,200,Copper,,1,Garage,Central electric,,No,No,No,,No,Yes,Yes,None,None,No,No,No,2.8,300,,No,No,No,No,No,No,,44,25,X,,No,No,No,,HO-5,616703,550000,55000,330000,110000,300000,5000,2500,2,No,No,No,No,In force,No,Example Mutual (synthetic),,0,No,,2,0,29366,0,"Synthetic loss-run example: 2 claim(s), 0 open; total paid $29,366. Not a real claims report.",Verified,Verified,Verified,Verified,Verified,DEMO-ONLY/994/property_verification,DEMO-ONLY/994/claims_verification,DEMO-ONLY/994/hazard_verification,DEMO-ONLY/994/replacement_cost_verification,Synthetic evidence scenario,2026-09-15,,No,Yes,Yes,Yes,,DEMO-2026-00994,2,Demo portfolio,2026-09-12T12:00:00+00:00,0.05339272727272727,B
Sam Reed · Demo 995,,homeowner995@example.com,202-555-0100,HomeGuard Demo Agency,2026-09-15,Individual,,1094 Example Lane,Sample City,MT,01994,Sample County,Owner-occupied,Yes,Detached single family,1,2005,5350,2,Masonry veneer,Basement,No,,No,17,No,No,,,18,Metal,Hip,Good,2008.0,1,No,DEMO-ONLY/995/roof_verification,Copper,Circuit breakers,,200,Copper,,6,Garage,Heat pump,,No,No,No,,No,Yes,Yes,None,None,No,No,No,2.1,700,,No,No,No,No,No,No,,7,17,X,,No,No,No,,HO-5,815670,734000,73400,440400,146800,100000,5000,2500,2,No,No,No,No,In force,No,Example Mutual (synthetic),,0,No,,1,0,191691,0,"Synthetic loss-run example: 1 claim(s), 0 open; total paid $191,691. Not a real claims report.",Verified,Verified,Verified,Verified,Verified,DEMO-ONLY/995/property_verification,DEMO-ONLY/995/claims_verification,DEMO-ONLY/995/hazard_verification,DEMO-ONLY/995/replacement_cost_verification,Synthetic evidence scenario,2026-09-15,,No,Yes,Yes,Yes,,DEMO-2026-00995,2,Demo portfolio,2026-08-26T12:00:00+00:00,0.2611594005449591,B
Alex Parker · Demo 996,,homeowner996@example.com,202-555-0100,HomeGuard Demo Agency,2026-09-15,Individual,,1095 Example Lane,Sample City,NE,01995,Sample County,Owner-occupied,Yes,Detached single family,1,1959,2850,3,Masonry veneer,Basement,No,,No,13,No,No,,,2,Tile,Hip,Good,2024.0,1,No,DEMO-ONLY/996/roof_verification,Copper,Circuit breakers,,200,PEX / PVC / CPVC,,5,Garage,Central gas,,No,No,No,,No,Yes,Yes,None,None,No,No,No,2.4,500,,No,No,No,No,No,No,,36,23,X,,No,No,No,,HO-3,472006,426000,42600,255600,85200,500000,5000,1000,2,No,No,No,No,In force,No,Example Mutual (synthetic),,0,No,,0,0,0,0,,Verified,Verified,Verified,Verified,Verified,DEMO-ONLY/996/property_verification,DEMO-ONLY/996/claims_verification,DEMO-ONLY/996/hazard_verification,DEMO-ONLY/996/replacement_cost_verification,Synthetic evidence scenario,2026-09-15,,No,Yes,Yes,Yes,,DEMO-2026-00996,2,Demo portfolio,2026-09-08T12:00:00+00:00,0.0,A
Sam Reed · Demo 997,,homeowner997@example.com,202-555-0100,HomeGuard Demo Agency,2026-09-15,Individual,,1096 Example Lane,Sample City,NV,01996,Sample County,Owner-occupied,Yes,Detached single family,1,1980,4750,2,Masonry veneer,Basement,No,,No,17,No,No,,,7,Metal,Hip,Good,2019.0,1,No,DEMO-ONLY/997/roof_verification,Copper,Circuit breakers,,200,PEX / PVC / CPVC,,1,Garage,Central electric,,No,No,No,,No,Yes,Yes,None,None,No,No,No,1.8,150,,No,No,No,No,No,No,,46,47,X,,No,No,No,,HO-3,398092,376000,37600,225600,75200,500000,5000,2500,2,No,No,No,No,In force,No,Example Mutual (synthetic),,0,No,,1,0,438890,0,"Synthetic loss-run example: 1 claim(s), 0 open; total paid $438,890. Not a real claims report.",Verified,Verified,Verified,Verified,Verified,DEMO-ONLY/997/property_verification,DEMO-ONLY/997/claims_verification,DEMO-ONLY/997/hazard_verification,DEMO-ONLY/997/replacement_cost_verification,Synthetic evidence scenario,2026-09-15,,No,Yes,Yes,Yes,,DEMO-2026-00997,2,Demo portfolio,2026-07-26T12:00:00+00:00,1.1672606382978723,F
Casey Parker · Demo 998,,homeowner998@example.com,202-555-0100,HomeGuard Demo Agency,2026-09-15,Individual,,1097 Example Lane,Sample City,NH,01997,Sample County,Owner-occupied,Yes,Detached single family,1,1963,2350,2,Masonry veneer,Crawl space,No,,No,3,No,No,,,10,Slate,Hip,Good,2016.0,1,No,DEMO-ONLY/998/roof_verification,Copper,Circuit breakers,,200,Copper,,13,Garage,Heat pump,,No,No,No,,No,Yes,Yes,None,None,No,No,No,1.8,350,,No,No,No,No,No,No,,8,44,X,,No,No,No,,HO-5,630907,683000,68300,409800,136600,300000,5000,2500,2,No,No,No,No,In force,No,Example Mutual (synthetic),,0,No,,0,0,0,0,,Verified,Verified,Verified,Verified,Verified,DEMO-ONLY/998/property_verification,DEMO-ONLY/998/claims_verification,DEMO-ONLY/998/hazard_verification,DEMO-ONLY/998/replacement_cost_verification,Synthetic evidence scenario,2026-09-15,,No,Yes,Yes,Yes,,DEMO-2026-00998,2,Demo portfolio,2026-07-27T12:00:00+00:00,0.0,A
Alex Reed · Demo 999,,homeowner999@example.com,202-555-0100,HomeGuard Demo Agency,2026-09-15,Individual,,1098 Example Lane,Sample City,NJ,01998,Sample County,Owner-occupied,Yes,Detached single family,1,2010,2750,1,Solid masonry,Slab,No,,No,0,No,No,,,15,Tile,Hip,Fair,2011.0,1,No,DEMO-ONLY/999/roof_verification,Copper,Circuit breakers,,200,PEX / PVC / CPVC,,2,Garage,Central electric,,No,No,No,,No,Yes,Yes,None,None,No,No,No,0.8,950,,No,No,No,No,No,No,,5,19,X,,No,No,No,,HO-5,222814,235000,23500,141000,47000,300000,5000,1000,2,No,No,No,No,In force,No,Example Mutual (synthetic),,0,No,,0,0,0,0,,Verified,Verified,Verified,Verified,Verified,DEMO-ONLY/999/property_verification,DEMO-ONLY/999/claims_verification,DEMO-ONLY/999/hazard_verification,DEMO-ONLY/999/replacement_cost_verification,Synthetic evidence scenario,2026-09-15,,No,Yes,Yes,Yes,,DEMO-2026-00999,2,Demo portfolio,2026-07-24T12:00:00+00:00,0.0,A
Jordan Lane · Demo 1000,,homeowner1000@example.com,202-555-0100,HomeGuard Demo Agency,2026-09-15,Individual,,1099 Example Lane,Sample City,NM,01999,Sample County,Owner-occupied,Yes,Detached single family,1,1998,2550,1,Frame,Crawl space,No,,No,6,No,No,,,13,Tile,Mixed,Good,2013.0,1,No,DEMO-ONLY/1000/roof_verification,Copper,Circuit breakers,,200,PEX / PVC / CPVC,,8,Garage,Central electric,,No,No,No,,No,Yes,Yes,None,None,No,No,No,3.2,200,,No,No,No,No,No,No,,48,21,X,,No,No,No,,HO-3,968999,1123000,112300,673800,224600,100000,5000,2500,2,No,No,No,No,In force,No,Example Mutual (synthetic),,0,No,,0,0,0,0,,Verified,Verified,Verified,Verified,Verified,DEMO-ONLY/1000/property_verification,DEMO-ONLY/1000/claims_verification,DEMO-ONLY/1000/hazard_verification,DEMO-ONLY/1000/replacement_cost_verification,Synthetic evidence scenario,2026-09-15,,No,Yes,Yes,Yes,,DEMO-2026-01000,2,Demo portfolio,2026-08-13T12:00:00+00:00,0.0,A
